Year,Month,Season,District,Best_Crop_To_Plant,Type_of_Crop,Soil_Type,Soil_PH_Low,Soil_PH_High,Crop_Duration_Min_Days,Crop_Duration_Max_Days,Rainfall_mm,Max_Temp_C,Min_Temp_C,Water_Required_Min_mm,Water_Required_Max_mm
2023,Oct,Samba/Thaladi,CAUVERY,sugarbeet,sugar crops,Well drained sandy loam and clayey loam soils ,6.0,8.0,150.0,180.0,270.53,26.04,16.23,600.0,800.0
2025,Apr,Navarai/Kodai,KRISHNAGIRI,ragi,millets,"red, black, sandy, loamy and shallow black soils.",5.0,8.2,100.0,120.0,329.44,25.33,10.36,700.0,1200.0
2025,Nov,Samba/Thaladi,JAWAD HILLS,niger,oil seeds,"Loams, silt loams, clay loams, or silty clay loams",5.2,7.3,80.0,80.0,346.67,25.0,12.63,1000.0,1300.0
2023,May,Navarai/Kodai,THIRUVALLUR,sweet potato,Root&tuber,well-drained soil,5.7,6.7,90.0,120.0,414.27,26.53,23.5,1000.0,1000.0
2025,Dec,Samba/Thaladi,VILLUPURAM,varagu,millets,clay-based soil,5.5,6.5,120.0,120.0,424.87,26.77,27.25,500.0,900.0
2025,Nov,Samba/Thaladi,SIVAGANGAI,chowchow,vegetables,Loamy soil/ Lateritic soil,5.5,6.5,150.0,150.0,796.09,24.37,19.6,1200.0,1500.0
2022,Jul,Kuruvai/Sornavari,KARUR,horsegram,pulses, light to heavy soils ,6.0,7.5,100.0,105.0,240.13,39.62,27.82,800.0,800.0
2023,Jan,Navarai/Kodai,PERAMBALUR,tomato,vegetables,Sandy loam,6.5,7.5,90.0,140.0,183.25,31.93,17.35,600.0,800.0
2021,Aug,Kuruvai/Sornavari,COIMBATORE,beetroot,Root&tuber,all types of friable soil,6.0,7.0,45.0,65.0,396.15,24.26,20.14,1000.0,1000.0
2023,Apr,Navarai/Kodai,JAWAD HILLS,sweet potato,Root&tuber,well-drained soil,5.7,6.7,90.0,120.0,648.09,25.57,24.12,1000.0,1000.0
2022,Feb,Navarai/Kodai,THIRUCHIRAPALLI,Basella,minor vegetables,Sandy loam,5.5,8.0,70.0,70.0,359.22,27.19,14.05,900.0,1200.0
2025,Jun,Kuruvai/Sornavari,CUDDALORE,cumbu napier hybrid,forage crops,Well drained sandy loam and clayey loam soils ,5.0,8.6,45.0,55.0,262.32,25.95,23.53,800.0,1000.0
2025,Oct,Samba/Thaladi,KOLLI HILLS,castor,oil seeds,"Loams, silt loams, clay loams, or silty clay loams",5.0,8.5,120.0,160.0,322.12,26.46,24.38,500.0,500.0
2022,Sep,Kuruvai/Sornavari,KANCHEEPURAM,ribbed gourd,vegetables,Sandy Loam,6.5,7.5,125.0,125.0,253.87,32.36,27.43,900.0,1200.0
2023,Nov,Samba/Thaladi,TIRUVARUR,french bean,vegetables,Well drained loamy soil,5.5,6.0,40.0,50.0,476.92,26.87,11.56,900.0,1200.0
2021,Sep,Kuruvai/Sornavari,ERODE,pumpkin,vegetables,Loamy soil/ Lateritic soil,6.0,7.0,115.0,120.0,731.43,26.15,22.23,900.0,1200.0
2024,May,Navarai/Kodai,THALAVADI HILLS,niger,oil seeds,"Loams, silt loams, clay loams, or silty clay loams",5.2,7.3,80.0,80.0,265.41,25.0,15.42,1000.0,1300.0
2022,Jan,Navarai/Kodai,PERAMBALUR,cotton,fibre crop," black soils, (ii) red soils and (iii) alluvial soils.",7.0,8.0,135.0,140.0,353.84,25.63,25.63,700.0,1300.0
2025,Dec,Samba/Thaladi,THOOTHUKUDI,soyabean,pulses,"Well-drained, Loamy Soil",6.0,7.0,90.0,100.0,225.74,27.93,17.47,450.0,700.0
2024,Feb,Navarai/Kodai,ERODE,Butter bean,minor vegetables,Sandy loam,6.0,7.0,80.0,100.0,500.44,25.56,20.33,900.0,1200.0
2021,Nov,Samba/Thaladi,TIRUVARUR,carrot,Root&tuber,light or sandy loam soil,6.0,7.0,75.0,75.0,602.0,24.41,18.69,1000.0,1000.0
2022,Oct,Samba/Thaladi,ARIYALUR,capsicum,vegetables,Loamy soil/ Lateritic soil,5.5,7.0,60.0,60.0,753.04,28.55,16.47,500.0,1200.0
2021,Oct,Samba/Thaladi,CAUVERY,sugarbeet,sugar crops,Well drained sandy loam and clayey loam soils ,6.0,8.0,150.0,180.0,400.7,26.3,13.13,600.0,800.0
2022,Dec,Samba/Thaladi,CHENGLEPUT,french bean,vegetables,Well drained loamy soil,5.5,6.0,40.0,50.0,337.57,25.61,14.22,900.0,1200.0
2025,Dec,Samba/Thaladi,ERODE,paprika,vegetables,Sandy loam,5.8,6.5,160.0,180.0,343.58,32.72,23.55,700.0,1000.0
2021,Apr,Navarai/Kodai,DHARMAPURI,broadbean,vegetables,Well drained loamy soil,5.5,6.0,80.0,100.0,759.08,24.01,10.93,900.0,1200.0
2023,Nov,Samba/Thaladi,TANJORE,tapoica,Root&tuber,Red lateritic loam,5.5,7.0,270.0,300.0,593.11,28.98,29.94,1000.0,1000.0
2022,Apr,Navarai/Kodai,VIRUDHUNAGAR,carrot,Root&tuber,light or sandy loam soil,6.0,7.0,75.0,75.0,602.5,22.61,19.03,1000.0,1000.0
2025,Apr,Navarai/Kodai,ERODE,annual moringa,vegetables,Sandy loam,6.5,8.0,210.0,240.0,300.36,32.28,27.52,900.0,1200.0
2025,Jul,Kuruvai/Sornavari,VILLUPURAM,sunflower,oil seeds,"Loams, silt loams, clay loams, or silty clay loams",6.5,8.0,85.0,95.0,229.4,26.91,24.06,350.0,500.0
2025,Jan,Navarai/Kodai,MADURAI,Knol-khol,minor vegetables,Sandy loam,5.5,7.0,50.0,65.0,749.82,30.84,19.34,900.0,1200.0
2021,Oct,Samba/Thaladi,TIRUVARUR,carrot,Root&tuber,light or sandy loam soil,6.0,7.0,75.0,75.0,306.48,22.61,17.95,1000.0,1000.0
2021,Aug,Kuruvai/Sornavari,ARIYALUR,celery,greenleafy,Silt Loam to loamy,6.0,8.5,120.0,150.0,313.17,30.09,10.11,1000.0,1000.0
2024,Jan,Navarai/Kodai,PUDUKKOTTAI,horsegram,pulses, light to heavy soils ,6.0,7.5,100.0,105.0,298.8,36.51,24.46,800.0,800.0
2021,Feb,Navarai/Kodai,COIMBATORE,bellary onion,minor vegetables,Sandy loam,5.8,6.5,150.0,150.0,619.07,25.67,17.27,900.0,1200.0
2021,Jul,Kuruvai/Sornavari,THIRUPPUR,paprika,vegetables,Sandy loam,5.8,6.5,160.0,180.0,292.5,29.7,28.32,700.0,1000.0
2024,Apr,Navarai/Kodai,SIVAGANGAI,Ceylon spinach,minor vegetables,Sandy loam,6.5,7.0,40.0,50.0,243.15,24.88,14.32,900.0,1200.0
2025,Feb,Navarai/Kodai,MADURAI,cumbu napier hybrid,forage crops,Well drained sandy loam and clayey loam soils ,5.0,8.6,45.0,55.0,661.69,26.19,23.56,800.0,1000.0
2023,Sep,Kuruvai/Sornavari,HILLY REGIONS OF SHEVROY,sweet sorghum,sugar crops,Well drained sandy loam and clayey loam soils ,6.0,8.5,115.0,125.0,137.92,31.07,28.04,500.0,600.0
2022,Jun,Kuruvai/Sornavari,CHENGLEPUT,capsicum,vegetables,Loamy soil/ Lateritic soil,5.5,7.0,60.0,60.0,760.79,29.93,14.82,500.0,1200.0
2025,Jan,Navarai/Kodai,THALAVADI HILLS,soyabean,pulses,"Well-drained, Loamy Soil",6.0,7.0,90.0,100.0,182.02,30.65,19.28,450.0,700.0
2022,Jun,Kuruvai/Sornavari,CHENGLEPUT,cumbu napier hybrid,forage crops,Well drained sandy loam and clayey loam soils ,5.0,8.6,45.0,55.0,623.94,25.42,21.19,800.0,1000.0
2022,Dec,Samba/Thaladi,CUDDALORE,rice,cereals,Alluvia or loamy and clayey soil,5.0,8.0,150.0,150.0,1189.25,35.67,20.6,900.0,2500.0
2024,Jun,Kuruvai/Sornavari,COIMBATORE,cluster bean,vegetables,Sandy Loam,7.0,8.5,60.0,90.0,584.74,26.92,25.78,900.0,1200.0
2024,Nov,Samba/Thaladi,VILLUPURAM,Brussels sprout,minor vegetables,Sandy loam,6.5,6.8,12.0,12.0,496.31,26.96,16.06,900.0,1200.0
2021,Oct,Samba/Thaladi,COIMBATORE,Bread fruit,minor vegetables,Sandy loam,6.1,7.4,100.0,100.0,1447.71,35.07,16.0,2030.0,2540.0
2025,Sep,Kuruvai/Sornavari,SIVAGANGAI,Pearl millet,millets,"clay, clay loam, or sandy loam soils",5.5,7.5,75.0,85.0,332.08,44.42,16.49,350.0,500.0
2024,Apr,Navarai/Kodai,COIMBATORE,redgram,pulses,deep loam soils,6.5,7.0,120.0,150.0,505.78,27.77,21.29,600.0,1400.0
2021,Mar,Navarai/Kodai,COIMBATORE,fodder maize,forage crops,Well drained sandy loam and clayey loam soils ,5.5,8.0,60.0,70.0,126.27,43.98,11.02,500.0,480.0
2024,Oct,Samba/Thaladi,SIVAGANGAI,bengalgram,pulses,medium to heavy black soil,5.5,7.0,90.0,120.0,448.85,25.72,19.21,650.0,1000.0
2023,Apr,Navarai/Kodai,MADURAI,gingely,oil seeds,"Loams, silt loams, clay loams, or silty clay loams",5.5,8.0,85.0,90.0,91.81,36.6,28.52,350.0,400.0
2021,Nov,Samba/Thaladi,THOOTHUKUDI,greengram,pulses,well-drained sandy loams or sandy soils ,6.5,7.5,100.0,100.0,369.27,34.72,24.82,850.0,1000.0
2023,May,Navarai/Kodai,THIRUNELVELI,redgram,pulses,deep loam soils,6.5,7.0,120.0,150.0,170.12,29.33,17.31,600.0,1400.0
2023,Jan,Navarai/Kodai,KANYAKUMARI,velimasal,forage crops,Well drained sandy loam and clayey loam soils ,5.8,7.0,45.0,55.0,91.99,32.95,28.09,300.0,350.0
2024,Feb,Navarai/Kodai,THIRUVALLUR,beetroot,Root&tuber,all types of friable soil,6.0,7.0,45.0,65.0,312.63,23.44,17.79,1000.0,1000.0
2024,May,Navarai/Kodai,THIRUCHIRAPALLI,tomato,vegetables,Sandy loam,6.5,7.5,90.0,140.0,191.23,28.04,17.41,600.0,800.0
2025,Nov,Samba/Thaladi,TANJORE,Mint,minor vegetables,Loamy soil,6.5,7.0,100.0,120.0,587.94,25.8,21.08,1000.0,1100.0
2023,Nov,Samba/Thaladi,CAUVERY,sugarbeet,sugar crops,Well drained sandy loam and clayey loam soils ,6.0,8.0,150.0,180.0,307.52,26.16,18.11,600.0,800.0
2025,Dec,Samba/Thaladi,VELLORE,tomato,vegetables,Sandy loam,6.5,7.5,90.0,140.0,313.84,26.48,21.96,600.0,800.0
2025,Jun,Kuruvai/Sornavari,SIVAGANGAI,safflower,oil seeds,"Loams, silt loams, clay loams, or silty clay loams",5.4,8.2,120.0,125.0,459.1,33.2,21.05,550.0,725.0
2022,Oct,Samba/Thaladi,MADURAI,thinai,millets,"alluvial,loamy ",5.5,7.0,85.0,90.0,331.06,28.46,24.14,500.0,900.0
2024,Jul,Kuruvai/Sornavari,THIRUNELVELI,fodder cumbu,forage crops,Well drained sandy loam and clayey loam soils ,4.0,7.5,45.0,120.0,242.63,35.25,26.42,500.0,480.0
2023,Apr,Navarai/Kodai,DHARMAPURI,Cabbage,colecrops,LoamySandy,6.0,6.5,80.0,180.0,207.6,26.93,11.19,380.0,500.0
2025,May,Navarai/Kodai,ERODE,bhendi,vegetables,Loamy soil/ Lateritic soil,6.0,6.8,55.0,65.0,1458.34,25.04,22.42,1200.0,2200.0
2024,Mar,Navarai/Kodai,TIRUVARUR,bhendi,vegetables,Loamy soil/ Lateritic soil,6.0,6.8,55.0,65.0,872.08,26.84,24.18,1200.0,2200.0
2022,Jul,Kuruvai/Sornavari,DINDIGUL,sorghum,millets,well-drained loamy soils,6.0,7.5,95.0,105.0,403.77,36.65,17.44,450.0,650.0
2025,Jun,Kuruvai/Sornavari,SIVAGANGAI,sorghum,millets,well-drained loamy soils,6.0,7.5,95.0,105.0,293.72,35.26,16.3,450.0,650.0
2022,Jul,Kuruvai/Sornavari,KARUR,ragi,millets,"red, black, sandy, loamy and shallow black soils.",5.0,8.2,100.0,120.0,391.18,25.27,13.49,700.0,1200.0
2025,Sep,Kuruvai/Sornavari,CAUVERY,sugarbeet,sugar crops,Well drained sandy loam and clayey loam soils ,6.0,8.0,150.0,180.0,192.17,26.94,19.02,600.0,800.0
2023,Sep,Kuruvai/Sornavari,THE NILGRIS,bitter gourd,vegetables,Well drained loamy soil,6.5,7.0,55.0,60.0,543.3,31.76,26.69,900.0,1200.0
2023,Jun,Kuruvai/Sornavari,VILLUPURAM,beetroot,Root&tuber,all types of friable soil,6.0,7.0,45.0,65.0,521.71,23.69,19.06,1000.0,1000.0
2022,Mar,Navarai/Kodai,VELLORE,sweet potato,Root&tuber,well-drained soil,5.7,6.7,90.0,120.0,620.62,25.07,21.52,1000.0,1000.0
2023,Jun,Kuruvai/Sornavari,PUDUKKOTTAI,tomato,vegetables,Sandy loam,6.5,7.5,90.0,140.0,234.82,30.3,17.59,600.0,800.0
2022,Apr,Navarai/Kodai,KRISHNAGIRI,Cabbage,colecrops,LoamySandy,6.0,6.5,80.0,180.0,150.08,25.97,11.36,380.0,500.0
2024,Oct,Samba/Thaladi,DINDIGUL,samai,millets,Loamy Soil,8.5,9.0,80.0,100.0,434.46,37.57,26.48,480.0,750.0
2022,Jun,Kuruvai/Sornavari,CAUVERY,sweet potato,Root&tuber,well-drained soil,5.7,6.7,90.0,120.0,604.38,26.36,22.68,1000.0,1000.0
2023,Jan,Navarai/Kodai,CHENGLEPUT,Ceylon spinach,minor vegetables,Sandy loam,6.5,7.0,40.0,50.0,639.14,24.34,13.73,900.0,1200.0
2024,Aug,Kuruvai/Sornavari,THIRUVALLUR,fodder cholam,forage crops,Well drained sandy loam and clayey loam soils ,5.5,7.5,1095.0,1095.0,154.87,31.05,26.28,300.0,350.0
2021,Sep,Kuruvai/Sornavari,ERODE,gherkins,vegetables,Sandy loam,5.8,7.0,90.0,90.0,722.46,30.24,19.88,900.0,1200.0
2024,Dec,Samba/Thaladi,DHARMAPURI,fodder maize,forage crops,Well drained sandy loam and clayey loam soils ,5.5,8.0,60.0,70.0,232.18,40.27,11.37,500.0,480.0
2025,Feb,Navarai/Kodai,PUDUKKOTTAI,Bread fruit,minor vegetables,Sandy loam,6.1,7.4,100.0,100.0,1485.2,34.6,20.18,2030.0,2540.0
2023,Jul,Kuruvai/Sornavari,VILLUPURAM,beetroot,Root&tuber,all types of friable soil,6.0,7.0,45.0,65.0,543.76,24.24,22.91,1000.0,1000.0
2022,Oct,Samba/Thaladi,THIRUCHIRAPALLI,radish,Root&tuber,Well grained deep loamy moist and alluviual soil,5.5,6.8,21.0,21.0,493.61,23.45,12.53,1000.0,1000.0
2022,Jan,Navarai/Kodai,THIRUVANNAMALAI,blackgram,pulses,sandy soils to heavy cotton soils,6.5,7.8,70.0,75.0,665.54,43.7,18.06,600.0,1000.0
2022,Jan,Navarai/Kodai,MADURAI,maize,millets,temperate podzols to the leached red soils of the tropics. ,5.5,7.0,105.0,110.0,516.47,27.95,22.41,500.0,800.0
2025,Jun,Kuruvai/Sornavari,KARUR,swordbean,pulses, well-drained sandy loams or sandy soils ,5.0,6.0,110.0,120.0,239.16,37.68,10.85,900.0,1500.0
2022,Jul,Kuruvai/Sornavari,NAMAKAL,panivaragu,millets,sandy loam to clays of black cotton soils,5.5,7.0,70.0,75.0,186.3,40.52,12.92,330.0,350.0
2023,Nov,Samba/Thaladi,THALAVADI HILLS,Palak,minor vegetables,Sandy loam,6.5,7.0,37.0,45.0,237.0,28.66,10.07,900.0,1200.0
2022,Aug,Kuruvai/Sornavari,THIRUVALLUR,Asparagus,minor vegetables,Sandy loam,6.0,6.7,730.0,730.0,297.39,26.75,17.74,900.0,1200.0
2024,Jul,Kuruvai/Sornavari,KOLLI HILLS,Winged Bean,minor vegetables,Sandy loam,7.0,12.0,42.0,42.0,484.63,28.22,24.86,900.0,1200.0
2023,Oct,Samba/Thaladi,DHARMAPURI,Asparagus,minor vegetables,Sandy loam,6.0,6.7,730.0,730.0,228.67,26.26,14.48,900.0,1200.0
2023,Jan,Navarai/Kodai,COIMBATORE,Knol-khol,minor vegetables,Sandy loam,5.5,7.0,50.0,65.0,363.26,29.5,19.58,900.0,1200.0
2021,Jan,Navarai/Kodai,TIRUVARUR,cotton,fibre crop," black soils, (ii) red soils and (iii) alluvial soils.",7.0,8.0,135.0,140.0,813.53,29.66,22.45,700.0,1300.0
2025,Oct,Samba/Thaladi,KANYAKUMARI,small onion,bulbvegetables,Sandy loam,6.0,7.0,70.0,90.0,162.84,25.77,16.5,650.0,750.0
2024,Dec,Samba/Thaladi,THIRUCHIRAPALLI,tomato,vegetables,Sandy loam,6.5,7.5,90.0,140.0,238.85,27.92,17.6,600.0,800.0
2021,Sep,Kuruvai/Sornavari,MADURAI,Chinese cabbage,minor vegetables,Sandy loam,5.5,7.0,50.0,80.0,405.01,24.39,18.03,900.0,1200.0
2021,Jul,Kuruvai/Sornavari,KARUR,tapoica,Root&tuber,Red lateritic loam,5.5,7.0,270.0,300.0,491.07,27.37,26.0,1000.0,1000.0
2024,May,Navarai/Kodai,NAMAKAL,colocasia,Root&tuber,Well grained deep loamy moist and alluviual soil,5.5,7.0,150.0,180.0,415.98,36.31,22.56,1000.0,1000.0
2024,Nov,Samba/Thaladi,KANCHEEPURAM,ragi,millets,"red, black, sandy, loamy and shallow black soils.",5.0,8.2,100.0,120.0,546.74,25.5,15.38,700.0,1200.0
2024,Dec,Samba/Thaladi,ERODE,Celery,minor vegetables,Sandy loam,5.8,6.8,120.0,150.0,512.25,22.7,14.44,900.0,1200.0
2021,Oct,Samba/Thaladi,THIRUVANNAMALAI,small onion,bulbvegetables,Sandy loam,6.0,7.0,70.0,90.0,296.01,25.95,20.75,650.0,750.0
2021,Jun,Kuruvai/Sornavari,KRISHNAGIRI,chillies,vegetables,Loamy soil/ Lateritic soil,6.0,6.8,120.0,120.0,323.44,31.96,26.1,500.0,500.0
2025,Oct,Samba/Thaladi,VIRUDHUNAGAR,soundal,forage crops,Well drained sandy loam and clayey loam soils ,5.5,7.5,40.0,80.0,274.8,34.35,20.77,500.0,480.0
2024,May,Navarai/Kodai,ERODE,amaranthus,greenleafy,Silt Loam to loamy,6.5,7.5,70.0,75.0,590.57,27.98,19.4,1000.0,1000.0
2022,Nov,Samba/Thaladi,RAMANATHANPURAM,Cabbage,colecrops,LoamySandy,6.0,6.5,80.0,180.0,239.48,25.06,10.85,380.0,500.0
2025,Oct,Samba/Thaladi,PERAMBALUR,Chakravathi keerai,minor vegetables,Sandy loam,4.5,8.3,100.0,100.0,655.71,25.52,17.63,900.0,1200.0
2023,Nov,Samba/Thaladi,KRISHNAGIRI,Butter bean,minor vegetables,Sandy loam,6.0,7.0,80.0,100.0,327.52,26.13,19.27,900.0,1200.0
2022,Sep,Kuruvai/Sornavari,KARUR,wheat,cereals,Well Drained,6.0,7.0,80.0,90.0,217.3,25.3,22.76,450.0,650.0
2022,Jul,Kuruvai/Sornavari,CUDDALORE,onion,vegetables, Any Loamy,5.8,6.5,100.0,120.0,99.01,26.44,21.48,350.0,550.0
2025,Mar,Navarai/Kodai,THIRUNELVELI,sorghum,millets,well-drained loamy soils,6.0,7.5,95.0,105.0,388.62,38.21,16.9,450.0,650.0
2021,Apr,Navarai/Kodai,KARUR,sunflower,oil seeds,"Loams, silt loams, clay loams, or silty clay loams",6.5,8.0,85.0,95.0,100.49,26.06,19.81,350.0,500.0
2024,Jul,Kuruvai/Sornavari,THIRUVANNAMALAI,paprika,vegetables,Sandy loam,5.8,6.5,160.0,180.0,386.08,32.01,22.26,700.0,1000.0
2021,Jul,Kuruvai/Sornavari,CUDDALORE,muskmelon,vegetables,Sandy Loam,6.5,7.5,70.0,100.0,776.41,35.2,23.16,900.0,1200.0
2023,Nov,Samba/Thaladi,COIMBATORE,small onion,bulbvegetables,Sandy loam,6.0,7.0,70.0,90.0,467.64,25.85,15.99,650.0,750.0
2021,Nov,Samba/Thaladi,VELLORE,Mint,minor vegetables,Loamy soil,6.5,7.0,100.0,120.0,612.51,25.41,18.53,1000.0,1100.0
2021,Jul,Kuruvai/Sornavari,VILLUPURAM,thinai,millets,"alluvial,loamy ",5.5,7.0,85.0,90.0,421.72,26.77,23.38,500.0,900.0
2023,Jan,Navarai/Kodai,KOLLI HILLS,ragi,millets,"red, black, sandy, loamy and shallow black soils.",5.0,8.2,100.0,120.0,691.2,28.42,13.16,700.0,1200.0
2025,Aug,Kuruvai/Sornavari,ERODE,groundnut,oil seeds,Well-drained sandy loam or sandy clay loam soil ,6.5,7.0,140.0,150.0,161.95,43.49,11.07,500.0,700.0
2021,Dec,Samba/Thaladi,VILLUPURAM,curry leaf,greenleafy,Red sandy loam,5.2,5.5,90.0,85.0,341.66,38.39,26.26,1000.0,1000.0
2023,Dec,Samba/Thaladi,COIMBATORE,carrot,Root&tuber,light or sandy loam soil,6.0,7.0,75.0,75.0,393.82,24.88,17.71,1000.0,1000.0
2025,Aug,Kuruvai/Sornavari,HILLY REGIONS OF SHEVROY,soyabean,pulses,"Well-drained, Loamy Soil",6.0,7.0,90.0,100.0,418.32,31.23,15.71,450.0,700.0
2021,Feb,Navarai/Kodai,ERODE,sweet potato,Root&tuber,well-drained soil,5.7,6.7,90.0,120.0,311.52,26.11,19.16,1000.0,1000.0
2024,Apr,Navarai/Kodai,KARUR,cauliflower,colecrops,LoamySandy,6.5,6.8,55.0,100.0,100.3,28.79,10.0,380.0,500.0
2024,Mar,Navarai/Kodai,ARIYALUR,french bean,vegetables,Well drained loamy soil,5.5,6.0,40.0,50.0,678.91,26.51,14.55,900.0,1200.0
2022,Apr,Navarai/Kodai,VILLUPURAM,swordbean,pulses, well-drained sandy loams or sandy soils ,5.0,6.0,110.0,120.0,300.57,32.92,16.38,900.0,1500.0
2021,Apr,Navarai/Kodai,THIRUCHIRAPALLI,elephant foot yam,Root&tuber,Rich red loamy soil,5.5,7.0,240.0,240.0,708.19,33.62,24.36,1000.0,1500.0
2024,Mar,Navarai/Kodai,DHARMAPURI,kudirai masi,forage crops,Well drained sandy loam and clayey loam soils ,6.5,7.5,45.0,55.0,126.86,35.98,24.61,300.0,350.0
2024,Jan,Navarai/Kodai,MADURAI,bengalgram,pulses,medium to heavy black soil,5.5,7.0,90.0,120.0,231.62,29.78,24.65,650.0,1000.0
2021,Jan,Navarai/Kodai,DHARMAPURI,broadbean,vegetables,Well drained loamy soil,5.5,6.0,80.0,100.0,764.81,24.21,13.83,900.0,1200.0
2025,Apr,Navarai/Kodai,THIRUCHIRAPALLI,fodder maize,forage crops,Well drained sandy loam and clayey loam soils ,5.5,8.0,60.0,70.0,202.83,44.48,12.95,500.0,480.0
2024,Apr,Navarai/Kodai,KARUR,french bean,vegetables,Well drained loamy soil,5.5,6.0,40.0,50.0,587.18,27.55,14.49,900.0,1200.0
2021,Apr,Navarai/Kodai,HILLY REGIONS OF SHEVROY,Palak,minor vegetables,Sandy loam,6.5,7.0,37.0,45.0,747.48,28.25,12.42,900.0,1200.0
2021,Jan,Navarai/Kodai,THE NILGRIS,Cabbage,colecrops,LoamySandy,6.0,6.5,80.0,180.0,217.14,27.86,11.46,380.0,500.0
2023,Aug,Kuruvai/Sornavari,NAGAPATTINAM,tinda,vegetables,Sandy loam,6.5,7.5,70.0,70.0,621.37,31.25,27.46,900.0,1200.0
2023,Sep,Kuruvai/Sornavari,SIVAGANGAI,cowpea,pulses, well-drained sandy loams or sandy soils ,5.0,6.5,60.0,90.0,347.88,31.76,19.76,400.0,700.0
2025,Jun,Kuruvai/Sornavari,NAGAPATTINAM,Mint,minor vegetables,Loamy soil,6.5,7.0,100.0,120.0,578.13,25.9,21.44,1000.0,1100.0
2022,Jan,Navarai/Kodai,COIMBATORE,gherkins,vegetables,Sandy loam,5.8,7.0,90.0,90.0,279.31,32.63,19.49,900.0,1200.0
2023,Apr,Navarai/Kodai,PUDUKKOTTAI,capsicum,vegetables,Loamy soil/ Lateritic soil,5.5,7.0,60.0,60.0,503.65,26.61,16.29,500.0,1200.0
2024,Jan,Navarai/Kodai,JAWAD HILLS,maize,millets,temperate podzols to the leached red soils of the tropics. ,5.5,7.0,105.0,110.0,143.73,28.08,16.46,500.0,800.0
2021,Aug,Kuruvai/Sornavari,VIRUDHUNAGAR,tomato,vegetables,Sandy loam,6.5,7.5,90.0,140.0,507.79,31.4,21.26,600.0,800.0
2024,Oct,Samba/Thaladi,DINDIGUL,pumpkin,vegetables,Loamy soil/ Lateritic soil,6.0,7.0,115.0,120.0,401.71,25.02,22.12,900.0,1200.0
2021,May,Navarai/Kodai,HILLY REGIONS OF SHEVROY,Brussels sprout,minor vegetables,Sandy loam,6.5,6.8,12.0,12.0,537.65,26.25,14.03,900.0,1200.0
2021,Feb,Navarai/Kodai,CUDDALORE,groundnut,oil seeds,Well-drained sandy loam or sandy clay loam soil ,6.5,7.0,140.0,150.0,420.42,44.28,10.26,500.0,700.0
2022,Apr,Navarai/Kodai,VIRUDHUNAGAR,dioscorea,Root&tuber,well-drained soil,6.0,6.5,270.0,300.0,502.32,32.44,30.0,1000.0,2000.0
2021,May,Navarai/Kodai,PUDUKKOTTAI,kudiraivali,millets,Loamy Soil,5.5,7.0,75.0,95.0,411.93,24.99,18.28,500.0,900.0
2021,Jun,Kuruvai/Sornavari,KARUR,sugarcane,sugar crops,Clayey Loamy Soil/ Black Cotton Soil/ Red Loamy Soil/ Brown Loamy Soil,6.5,8.0,300.0,330.0,1361.96,26.23,25.09,1500.0,2500.0
2023,Nov,Samba/Thaladi,THE NILGRIS,paprika,vegetables,Sandy loam,5.8,6.5,160.0,180.0,204.46,32.27,27.33,700.0,1000.0
2022,Jun,Kuruvai/Sornavari,THIRUNELVELI,paprika,vegetables,Sandy loam,5.8,6.5,160.0,180.0,357.83,33.65,28.99,700.0,1000.0
2022,Jul,Kuruvai/Sornavari,ARIYALUR,elephant foot yam,Root&tuber,Rich red loamy soil,5.5,7.0,240.0,240.0,635.18,36.92,27.19,1000.0,1500.0
2022,Oct,Samba/Thaladi,THIRUNELVELI,panivaragu,millets,sandy loam to clays of black cotton soils,5.5,7.0,70.0,75.0,183.09,42.58,12.44,330.0,350.0
2023,May,Navarai/Kodai,THIRUVANNAMALAI,wheat,cereals,Well Drained,6.0,7.0,80.0,90.0,418.85,25.66,20.96,450.0,650.0
2024,Jan,Navarai/Kodai,VILLUPURAM,blackgram,pulses,sandy soils to heavy cotton soils,6.5,7.8,70.0,75.0,610.8,39.19,23.52,600.0,1000.0
2022,Mar,Navarai/Kodai,TIRUVARUR,Butter bean,minor vegetables,Sandy loam,6.0,7.0,80.0,100.0,667.73,27.18,16.74,900.0,1200.0
2022,Jan,Navarai/Kodai,CHENGLEPUT,Coccinia,minor vegetables,Sandy loam,6.0,6.5,90.0,90.0,286.35,28.97,23.35,900.0,1200.0
2024,May,Navarai/Kodai,THALAVADI HILLS,Phaseolus lunatus,minor vegetables,Sandy loam,6.0,6.8,90.0,90.0,614.93,27.32,18.46,900.0,2000.0
2025,Nov,Samba/Thaladi,DINDIGUL,chillies,vegetables,Loamy soil/ Lateritic soil,6.0,6.8,120.0,120.0,162.67,28.48,25.2,500.0,500.0
2023,Dec,Samba/Thaladi,SIVAGANGAI,colocasia,Root&tuber,Well grained deep loamy moist and alluviual soil,5.5,7.0,150.0,180.0,458.3,33.32,22.52,1000.0,1000.0
2023,Aug,Kuruvai/Sornavari,SIVAGANGAI,french bean,vegetables,Well drained loamy soil,5.5,6.0,40.0,50.0,450.3,25.27,14.34,900.0,1200.0
2024,May,Navarai/Kodai,TANJORE,sweet sorghum,sugar crops,Well drained sandy loam and clayey loam soils ,6.0,8.5,115.0,125.0,272.57,25.27,25.16,500.0,600.0
2024,Jun,Kuruvai/Sornavari,KRISHNAGIRI,elephant foot yam,Root&tuber,Rich red loamy soil,5.5,7.0,240.0,240.0,836.67,32.9,27.4,1000.0,1500.0
2021,Feb,Navarai/Kodai,CAUVERY,castor,oil seeds,"Loams, silt loams, clay loams, or silty clay loams",5.0,8.5,120.0,160.0,170.98,25.07,22.85,500.0,500.0
2023,Dec,Samba/Thaladi,THIRUNELVELI,gherkins,vegetables,Sandy loam,5.8,7.0,90.0,90.0,665.86,30.93,14.43,900.0,1200.0
2025,Nov,Samba/Thaladi,THIRUCHIRAPALLI,carrot,Root&tuber,light or sandy loam soil,6.0,7.0,75.0,75.0,570.21,23.8,13.58,1000.0,1000.0
2025,Dec,Samba/Thaladi,SALEM,gherkins,vegetables,Sandy loam,5.8,7.0,90.0,90.0,736.01,33.91,15.61,900.0,1200.0
2024,Jun,Kuruvai/Sornavari,KRISHNAGIRI,radish,Root&tuber,Well grained deep loamy moist and alluviual soil,5.5,6.8,21.0,21.0,460.04,23.86,11.27,1000.0,1000.0
2022,Jan,Navarai/Kodai,KANCHEEPURAM,bhendi,vegetables,Loamy soil/ Lateritic soil,6.0,6.8,55.0,65.0,1407.37,28.86,28.38,1200.0,2200.0
2023,Mar,Navarai/Kodai,THIRUNELVELI,kudiraivali,millets,Loamy Soil,5.5,7.0,75.0,95.0,325.47,24.57,18.08,500.0,900.0
2023,Jan,Navarai/Kodai,NAGAPATTINAM,tapoica,Root&tuber,Red lateritic loam,5.5,7.0,270.0,300.0,332.74,29.4,26.77,1000.0,1000.0
2025,Nov,Samba/Thaladi,THOOTHUKUDI,snake gourd,vegetables,Loamy soil/ Lateritic soil,6.0,6.7,90.0,90.0,768.35,28.26,20.33,900.0,1200.0
2021,Apr,Navarai/Kodai,RAMANATHANPURAM,varagu,millets,clay-based soil,5.5,6.5,120.0,120.0,383.18,25.27,27.95,500.0,900.0
2024,Jan,Navarai/Kodai,THENI,paprika,vegetables,Sandy loam,5.8,6.5,160.0,180.0,524.15,27.89,22.73,700.0,1000.0
2025,Jan,Navarai/Kodai,SIVAGANGAI,beetroot,Root&tuber,all types of friable soil,6.0,7.0,45.0,65.0,508.93,24.06,20.76,1000.0,1000.0
2023,Sep,Kuruvai/Sornavari,THIRUNELVELI,greengram,pulses,well-drained sandy loams or sandy soils ,6.5,7.5,100.0,100.0,445.36,36.68,26.46,850.0,1000.0
2022,Sep,Kuruvai/Sornavari,TIRUVARUR,bellary onion,minor vegetables,Sandy loam,5.8,6.5,150.0,150.0,265.76,25.16,12.15,900.0,1200.0
2022,Nov,Samba/Thaladi,THOOTHUKUDI,bengalgram,pulses,medium to heavy black soil,5.5,7.0,90.0,120.0,167.69,26.97,24.74,650.0,1000.0
2025,Dec,Samba/Thaladi,KANYAKUMARI,sorghum,millets,well-drained loamy soils,6.0,7.5,95.0,105.0,186.64,35.19,14.55,450.0,650.0
2021,Mar,Navarai/Kodai,COIMBATORE,tobacco,other crops,Well drained sandy loam and clayey loam soils ,7.5,8.5,90.0,100.0,638.32,27.49,27.84,800.0,1000.0
2025,Jul,Kuruvai/Sornavari,MADURAI,Rhubarb,minor vegetables,Sandy loam,6.0,6.8,56.0,70.0,249.4,25.48,10.0,900.0,1200.0
2025,Aug,Kuruvai/Sornavari,PUDUKKOTTAI,cluster bean,vegetables,Sandy Loam,7.0,8.5,60.0,90.0,662.12,25.87,21.92,900.0,1200.0
2024,Jun,Kuruvai/Sornavari,DINDIGUL,soyabean,pulses,"Well-drained, Loamy Soil",6.0,7.0,90.0,100.0,205.0,32.46,16.95,450.0,700.0
2023,Aug,Kuruvai/Sornavari,THIRUNELVELI,sweet sorghum,sugar crops,Well drained sandy loam and clayey loam soils ,6.0,8.5,115.0,125.0,210.26,30.36,26.99,500.0,600.0
2025,Sep,Kuruvai/Sornavari,COIMBATORE,samai,millets,Loamy Soil,8.5,9.0,80.0,100.0,462.67,40.89,24.23,480.0,750.0
2024,Dec,Samba/Thaladi,MADURAI,Turnip,minor vegetables,Loamy soil,5.5,6.8,42.0,56.0,421.81,23.86,14.42,900.0,1200.0
2021,Sep,Kuruvai/Sornavari,THIRUVANNAMALAI,kollukattai pullu,forage crops,Well drained sandy loam and clayey loam soils ,7.0,7.5,45.0,55.0,277.75,31.36,20.93,500.0,480.0
2025,Jun,Kuruvai/Sornavari,DINDIGUL,paprika,vegetables,Sandy loam,5.8,6.5,160.0,180.0,548.2,31.11,25.15,700.0,1000.0
2022,Sep,Kuruvai/Sornavari,KRISHNAGIRI,kudiraivali,millets,Loamy Soil,5.5,7.0,75.0,95.0,481.81,24.64,20.93,500.0,900.0
2025,Apr,Navarai/Kodai,CUDDALORE,Bread fruit,minor vegetables,Sandy loam,6.1,7.4,100.0,100.0,1348.57,35.44,20.61,2030.0,2540.0
2022,Jun,Kuruvai/Sornavari,NAGAPATTINAM,tapoica,Root&tuber,Red lateritic loam,5.5,7.0,270.0,300.0,652.15,30.95,23.94,1000.0,1000.0
2021,May,Navarai/Kodai,VILLUPURAM,Chinese cabbage,minor vegetables,Sandy loam,5.5,7.0,50.0,80.0,426.53,24.58,13.73,900.0,1200.0
2022,Aug,Kuruvai/Sornavari,PUDUKKOTTAI,bitter gourd,vegetables,Well drained loamy soil,6.5,7.0,55.0,60.0,407.95,30.98,29.99,900.0,1200.0
2025,Apr,Navarai/Kodai,RAMANATHANPURAM,lablab,vegetables,Well drained loamy soil,6.5,8.5,70.0,75.0,754.17,36.55,25.94,900.0,1200.0
2025,Jan,Navarai/Kodai,THENI,Phaseolus lunatus,minor vegetables,Sandy loam,6.0,6.8,90.0,90.0,1044.02,27.42,15.47,900.0,2000.0
2022,Jul,Kuruvai/Sornavari,SALEM,Rhubarb,minor vegetables,Sandy loam,6.0,6.8,56.0,70.0,771.16,25.98,10.0,900.0,1200.0
2024,Sep,Kuruvai/Sornavari,VIRUDHUNAGAR,sweet sorghum,sugar crops,Well drained sandy loam and clayey loam soils ,6.0,8.5,115.0,125.0,375.68,29.06,28.0,500.0,600.0
2023,Nov,Samba/Thaladi,KOLLI HILLS,soyabean,pulses,"Well-drained, Loamy Soil",6.0,7.0,90.0,100.0,133.46,31.33,16.98,450.0,700.0
2023,May,Navarai/Kodai,KRISHNAGIRI,sorghum,millets,well-drained loamy soils,6.0,7.5,95.0,105.0,145.52,38.46,18.28,450.0,650.0
2025,Apr,Navarai/Kodai,DINDIGUL,beetroot,Root&tuber,all types of friable soil,6.0,7.0,45.0,65.0,284.98,23.14,20.38,1000.0,1000.0
2025,Jul,Kuruvai/Sornavari,COIMBATORE,cumbu napier hybrid,forage crops,Well drained sandy loam and clayey loam soils ,5.0,8.6,45.0,55.0,388.6,26.23,22.84,800.0,1000.0
2025,Jul,Kuruvai/Sornavari,CUDDALORE,soundal,forage crops,Well drained sandy loam and clayey loam soils ,5.5,7.5,40.0,80.0,164.87,36.76,23.75,500.0,480.0
2022,Oct,Samba/Thaladi,THIRUVANNAMALAI,muyal masal,forage crops,Well drained sandy loam and clayey loam soils ,5.5,7.5,75.0,65.0,293.26,33.1,27.43,500.0,480.0
2022,Jul,Kuruvai/Sornavari,THIRUVALLUR,bottle gourd,vegetables,Sandy loam,6.0,6.7,120.0,120.0,268.31,26.55,18.98,900.0,1200.0
2022,Sep,Kuruvai/Sornavari,CUDDALORE,cowpea,pulses, well-drained sandy loams or sandy soils ,5.0,6.5,60.0,90.0,239.86,25.5,19.44,400.0,700.0
2024,Jul,Kuruvai/Sornavari,TANJORE,tobacco,other crops,Well drained sandy loam and clayey loam soils ,7.5,8.5,90.0,100.0,353.14,28.18,24.18,800.0,1000.0
2022,Aug,Kuruvai/Sornavari,PUDUKKOTTAI,bellary onion,minor vegetables,Sandy loam,5.8,6.5,150.0,150.0,649.91,25.32,13.33,900.0,1200.0
2023,Feb,Navarai/Kodai,THIRUPPUR,sugarcane,sugar crops,Clayey Loamy Soil/ Black Cotton Soil/ Red Loamy Soil/ Brown Loamy Soil,6.5,8.0,300.0,330.0,1406.98,27.73,20.45,1500.0,2500.0
2022,Apr,Navarai/Kodai,ARIYALUR,cluster bean,vegetables,Sandy Loam,7.0,8.5,60.0,90.0,237.79,26.75,22.67,900.0,1200.0
2024,May,Navarai/Kodai,NAGAPATTINAM,castor,oil seeds,"Loams, silt loams, clay loams, or silty clay loams",5.0,8.5,120.0,160.0,182.49,25.55,23.48,500.0,500.0
2022,Dec,Samba/Thaladi,ERODE,bellary onion,minor vegetables,Sandy loam,5.8,6.5,150.0,150.0,431.2,25.7,17.99,900.0,1200.0
2021,Aug,Kuruvai/Sornavari,ERODE,Brussels sprout,minor vegetables,Sandy loam,6.5,6.8,12.0,12.0,572.65,26.47,13.28,900.0,1200.0
2022,Aug,Kuruvai/Sornavari,THIRUCHIRAPALLI,swordbean,pulses, well-drained sandy loams or sandy soils ,5.0,6.0,110.0,120.0,407.61,31.59,14.78,900.0,1500.0
2023,Aug,Kuruvai/Sornavari,ERODE,cumbu napier hybrid,forage crops,Well drained sandy loam and clayey loam soils ,5.0,8.6,45.0,55.0,252.64,26.42,21.07,800.0,1000.0
2025,Jun,Kuruvai/Sornavari,COIMBATORE,dioscorea,Root&tuber,well-drained soil,6.0,6.5,270.0,300.0,1313.63,34.49,30.0,1000.0,2000.0
2023,Feb,Navarai/Kodai,TIRUVARUR,curry leaf,greenleafy,Red sandy loam,5.2,5.5,90.0,85.0,366.27,34.13,27.96,1000.0,1000.0
2023,Feb,Navarai/Kodai,ERODE,Phaseolus lunatus,minor vegetables,Sandy loam,6.0,6.8,90.0,90.0,1228.8,26.35,18.24,900.0,2000.0
2021,Apr,Navarai/Kodai,CUDDALORE,Ceylon spinach,minor vegetables,Sandy loam,6.5,7.0,40.0,50.0,377.03,24.54,13.24,900.0,1200.0
2025,Mar,Navarai/Kodai,RAMANATHANPURAM,annual moringa,vegetables,Sandy loam,6.5,8.0,210.0,240.0,737.39,33.82,24.71,900.0,1200.0
2025,Jul,Kuruvai/Sornavari,DHARMAPURI,bhendi,vegetables,Loamy soil/ Lateritic soil,6.0,6.8,55.0,65.0,1039.76,26.27,24.87,1200.0,2200.0
2022,May,Navarai/Kodai,CHENGLEPUT,bottle gourd,vegetables,Sandy loam,6.0,6.7,120.0,120.0,618.52,25.29,20.44,900.0,1200.0
2024,Oct,Samba/Thaladi,TIRUVARUR,celery,greenleafy,Silt Loam to loamy,6.0,8.5,120.0,150.0,450.09,31.76,10.87,1000.0,1000.0
2023,Jul,Kuruvai/Sornavari,ERODE,cauliflower,colecrops,LoamySandy,6.5,6.8,55.0,100.0,186.4,30.49,10.0,380.0,500.0
2023,Apr,Navarai/Kodai,THIRUCHIRAPALLI,horsegram,pulses, light to heavy soils ,6.0,7.5,100.0,105.0,304.57,41.63,28.47,800.0,800.0
2023,Aug,Kuruvai/Sornavari,PERAMBALUR,guinea grass,forage crops,Well drained sandy loam and clayey loam soils ,5.0,7.0,45.0,55.0,292.62,33.24,13.99,1000.0,480.0
2022,Sep,Kuruvai/Sornavari,ERODE,beetroot,Root&tuber,all types of friable soil,6.0,7.0,45.0,65.0,463.0,24.19,16.02,1000.0,1000.0
2021,Jan,Navarai/Kodai,ERODE,bengalgram,pulses,medium to heavy black soil,5.5,7.0,90.0,120.0,562.1,25.0,24.09,650.0,1000.0
2023,Feb,Navarai/Kodai,TIRUVARUR,Brussels sprout,minor vegetables,Sandy loam,6.5,6.8,12.0,12.0,488.73,25.21,15.71,900.0,1200.0
2022,Dec,Samba/Thaladi,SALEM,Pearl millet,millets,"clay, clay loam, or sandy loam soils",5.5,7.5,75.0,85.0,95.17,43.66,11.5,350.0,500.0
2021,Sep,Kuruvai/Sornavari,KOLLI HILLS,ragi,millets,"red, black, sandy, loamy and shallow black soils.",5.0,8.2,100.0,120.0,600.09,28.35,14.18,700.0,1200.0
2023,Apr,Navarai/Kodai,VIRUDHUNAGAR,cluster bean,vegetables,Sandy Loam,7.0,8.5,60.0,90.0,312.89,25.55,23.89,900.0,1200.0
2023,Oct,Samba/Thaladi,VIRUDHUNAGAR,snake gourd,vegetables,Loamy soil/ Lateritic soil,6.0,6.7,90.0,90.0,629.14,25.29,21.0,900.0,1200.0
2022,Dec,Samba/Thaladi,KRISHNAGIRI,blackgram,pulses,sandy soils to heavy cotton soils,6.5,7.8,70.0,75.0,161.38,38.07,19.86,600.0,1000.0
2024,Jul,Kuruvai/Sornavari,RAMANATHANPURAM,Phaseolus lunatus,minor vegetables,Sandy loam,6.0,6.8,90.0,90.0,246.64,25.29,15.7,900.0,2000.0
2025,Aug,Kuruvai/Sornavari,MADURAI,sunflower,oil seeds,"Loams, silt loams, clay loams, or silty clay loams",6.5,8.0,85.0,95.0,283.1,25.03,20.37,350.0,500.0
2023,Dec,Samba/Thaladi,VILLUPURAM,guinea grass,forage crops,Well drained sandy loam and clayey loam soils ,5.0,7.0,45.0,55.0,303.99,33.5,14.33,1000.0,480.0
2024,Dec,Samba/Thaladi,TIRUVARUR,chowchow,vegetables,Loamy soil/ Lateritic soil,5.5,6.5,150.0,150.0,484.13,24.65,20.76,1200.0,1500.0
2025,Nov,Samba/Thaladi,THIRUCHIRAPALLI,bengalgram,pulses,medium to heavy black soil,5.5,7.0,90.0,120.0,283.07,30.91,19.57,650.0,1000.0
2021,Feb,Navarai/Kodai,NAMAKAL,sunflower,oil seeds,"Loams, silt loams, clay loams, or silty clay loams",6.5,8.0,85.0,95.0,298.41,25.64,21.92,350.0,500.0
2022,Mar,Navarai/Kodai,THIRUVALLUR,beetroot,Root&tuber,all types of friable soil,6.0,7.0,45.0,65.0,586.71,24.8,20.44,1000.0,1000.0
2021,Dec,Samba/Thaladi,PERAMBALUR,kudiraivali,millets,Loamy Soil,5.5,7.0,75.0,95.0,179.07,24.74,22.32,500.0,900.0
2024,Sep,Kuruvai/Sornavari,CUDDALORE,muskmelon,vegetables,Sandy Loam,6.5,7.5,70.0,100.0,466.58,36.7,25.74,900.0,1200.0
2024,Nov,Samba/Thaladi,CUDDALORE,Palak,minor vegetables,Sandy loam,6.5,7.0,37.0,45.0,749.0,29.39,14.55,900.0,1200.0
2025,Jun,Kuruvai/Sornavari,TANJORE,tobacco,other crops,Well drained sandy loam and clayey loam soils ,7.5,8.5,90.0,100.0,633.12,30.29,27.41,800.0,1000.0
2022,Apr,Navarai/Kodai,ARIYALUR,pumpkin,vegetables,Loamy soil/ Lateritic soil,6.0,7.0,115.0,120.0,304.6,28.55,17.92,900.0,1200.0
2021,Mar,Navarai/Kodai,HILLY REGIONS OF SHEVROY,Lettuce,minor vegetables,Sandy loam,6.0,6.5,45.0,55.0,228.98,24.05,19.76,900.0,1200.0
2021,Jun,Kuruvai/Sornavari,THOOTHUKUDI,samai,millets,Loamy Soil,8.5,9.0,80.0,100.0,159.56,41.94,24.77,480.0,750.0
2025,Jul,Kuruvai/Sornavari,THENI,thinai,millets,"alluvial,loamy ",5.5,7.0,85.0,90.0,320.27,25.84,21.73,500.0,900.0
2022,Jun,Kuruvai/Sornavari,DHARMAPURI,Turnip,minor vegetables,Loamy soil,5.5,6.8,42.0,56.0,447.56,20.19,14.3,900.0,1200.0
2024,Feb,Navarai/Kodai,COIMBATORE,rice,cereals,Alluvia or loamy and clayey soil,5.0,8.0,150.0,150.0,1584.36,35.84,20.36,900.0,2500.0
2022,Aug,Kuruvai/Sornavari,KARUR,wheat,cereals,Well Drained,6.0,7.0,80.0,90.0,124.48,25.59,19.21,450.0,650.0
2024,Dec,Samba/Thaladi,VIRUDHUNAGAR,maize,millets,temperate podzols to the leached red soils of the tropics. ,5.5,7.0,105.0,110.0,200.35,28.22,21.24,500.0,800.0
2021,Jun,Kuruvai/Sornavari,SALEM,Bread fruit,minor vegetables,Sandy loam,6.1,7.4,100.0,100.0,1010.23,38.72,18.56,2030.0,2540.0
2022,Sep,Kuruvai/Sornavari,DHARMAPURI,Asparagus,minor vegetables,Sandy loam,6.0,6.7,730.0,730.0,225.59,27.53,17.43,900.0,1200.0
2023,Apr,Navarai/Kodai,THIRUNELVELI,Basella,minor vegetables,Sandy loam,5.5,8.0,70.0,70.0,569.77,31.69,15.0,900.0,1200.0
2023,Mar,Navarai/Kodai,PUDUKKOTTAI,fieldlablab,pulses,Well drained loamy soil,6.2,7.0,105.0,105.0,494.77,31.17,22.18,650.0,1000.0
2024,May,Navarai/Kodai,SIVAGANGAI,Chakravathi keerai,minor vegetables,Sandy loam,4.5,8.3,100.0,100.0,250.18,25.9,18.47,900.0,1200.0
2022,Dec,Samba/Thaladi,VIRUDHUNAGAR,elephant foot yam,Root&tuber,Rich red loamy soil,5.5,7.0,240.0,240.0,864.22,32.48,24.35,1000.0,1500.0
2023,Jul,Kuruvai/Sornavari,COIMBATORE,Basella,minor vegetables,Sandy loam,5.5,8.0,70.0,70.0,265.31,33.61,19.63,900.0,1200.0
2024,Oct,Samba/Thaladi,TIRUVARUR,chillies,vegetables,Loamy soil/ Lateritic soil,6.0,6.8,120.0,120.0,130.04,27.92,27.74,500.0,500.0
2021,Dec,Samba/Thaladi,CAUVERY,sugarbeet,sugar crops,Well drained sandy loam and clayey loam soils ,6.0,8.0,150.0,180.0,414.22,25.18,19.46,600.0,800.0
2022,Dec,Samba/Thaladi,COIMBATORE,jute,fibre crop,Sandy and Clay Loam,6.0,7.5,120.0,140.0,794.64,39.87,26.84,1000.0,1300.0
2022,Dec,Samba/Thaladi,THIRUNELVELI,colocasia,Root&tuber,Well grained deep loamy moist and alluviual soil,5.5,7.0,150.0,180.0,467.98,34.11,21.57,1000.0,1000.0
2025,Dec,Samba/Thaladi,RAMANATHANPURAM,cucumber,vegetables,Loamy,6.5,7.5,120.0,120.0,859.82,35.72,26.19,1200.0,1500.0
2025,Mar,Navarai/Kodai,JAWAD HILLS,carrot,Root&tuber,light or sandy loam soil,6.0,7.0,75.0,75.0,288.83,24.53,17.85,1000.0,1000.0
2025,Oct,Samba/Thaladi,THE NILGRIS,Knol-khol,minor vegetables,Sandy loam,5.5,7.0,50.0,65.0,735.07,30.31,15.93,900.0,1200.0
2024,Sep,Kuruvai/Sornavari,RAMANATHANPURAM,tapoica,Root&tuber,Red lateritic loam,5.5,7.0,270.0,300.0,545.29,29.86,28.76,1000.0,1000.0
2025,Sep,Kuruvai/Sornavari,THE NILGRIS,watermelon,vegetables,Sandy,6.0,7.5,70.0,85.0,245.85,26.51,28.45,900.0,1200.0
2025,Mar,Navarai/Kodai,TANJORE,rice,cereals,Alluvia or loamy and clayey soil,5.0,8.0,150.0,150.0,1284.94,40.86,22.73,900.0,2500.0
2023,Feb,Navarai/Kodai,NAMAKAL,swordbean,pulses, well-drained sandy loams or sandy soils ,5.0,6.0,110.0,120.0,867.91,34.23,15.8,900.0,1500.0
2022,Mar,Navarai/Kodai,THALAVADI HILLS,tapoica,Root&tuber,Red lateritic loam,5.5,7.0,270.0,300.0,557.09,29.6,27.97,1000.0,1000.0
2024,Mar,Navarai/Kodai,CUDDALORE,snake gourd,vegetables,Loamy soil/ Lateritic soil,6.0,6.7,90.0,90.0,232.24,28.05,16.48,900.0,1200.0
2023,Mar,Navarai/Kodai,NAMAKAL,greengram,pulses,well-drained sandy loams or sandy soils ,6.5,7.5,100.0,100.0,562.95,31.14,26.96,850.0,1000.0
2023,Sep,Kuruvai/Sornavari,PUDUKKOTTAI,colocasia,Root&tuber,Well grained deep loamy moist and alluviual soil,5.5,7.0,150.0,180.0,356.87,35.46,23.56,1000.0,1000.0
2022,Mar,Navarai/Kodai,THIRUPPUR,curry leaf,greenleafy,Red sandy loam,5.2,5.5,90.0,85.0,376.61,37.09,29.49,1000.0,1000.0
2022,Mar,Navarai/Kodai,SIVAGANGAI,cowpea,pulses, well-drained sandy loams or sandy soils ,5.0,6.5,60.0,90.0,191.84,29.71,23.58,400.0,700.0
2023,Feb,Navarai/Kodai,KANYAKUMARI,tinda,vegetables,Sandy loam,6.5,7.5,70.0,70.0,312.21,27.08,29.65,900.0,1200.0
2024,Sep,Kuruvai/Sornavari,KARUR,Asparagus,minor vegetables,Sandy loam,6.0,6.7,730.0,730.0,726.08,27.37,14.53,900.0,1200.0
2023,Dec,Samba/Thaladi,THIRUNELVELI,swordbean,pulses, well-drained sandy loams or sandy soils ,5.0,6.0,110.0,120.0,738.94,32.75,10.51,900.0,1500.0
2023,Jul,Kuruvai/Sornavari,CUDDALORE,brinjal,vegetables,Loamy soil/ Lateritic soil,6.0,7.5,100.0,150.0,609.31,29.12,18.4,900.0,1200.0
2025,Jun,Kuruvai/Sornavari,KRISHNAGIRI,cauliflower,colecrops,LoamySandy,6.5,6.8,55.0,100.0,130.96,31.0,10.0,380.0,500.0
2023,Oct,Samba/Thaladi,NAGAPATTINAM,tinda,vegetables,Sandy loam,6.5,7.5,70.0,70.0,703.05,31.85,27.93,900.0,1200.0
2022,Jun,Kuruvai/Sornavari,KARUR,Ceylon spinach,minor vegetables,Sandy loam,6.5,7.0,40.0,50.0,754.16,24.44,12.05,900.0,1200.0
2022,Dec,Samba/Thaladi,SIVAGANGAI,brinjal,vegetables,Loamy soil/ Lateritic soil,6.0,7.5,100.0,150.0,255.18,27.06,16.4,900.0,1200.0
2025,Jun,Kuruvai/Sornavari,SALEM,gingely,oil seeds,"Loams, silt loams, clay loams, or silty clay loams",5.5,8.0,85.0,90.0,169.98,30.21,28.91,350.0,400.0
2025,Sep,Kuruvai/Sornavari,NAMAKAL,Cabbage,colecrops,LoamySandy,6.0,6.5,80.0,180.0,238.05,25.32,10.77,380.0,500.0
2021,Feb,Navarai/Kodai,HILLY REGIONS OF SHEVROY,tinda,vegetables,Sandy loam,6.5,7.5,70.0,70.0,719.92,31.16,27.25,900.0,1200.0
2025,Nov,Samba/Thaladi,KANYAKUMARI,castor,oil seeds,"Loams, silt loams, clay loams, or silty clay loams",5.0,8.5,120.0,160.0,230.28,25.52,25.07,500.0,500.0
2021,Jan,Navarai/Kodai,KOLLI HILLS,Butter bean,minor vegetables,Sandy loam,6.0,7.0,80.0,100.0,712.57,27.38,17.51,900.0,1200.0
2021,May,Navarai/Kodai,PERAMBALUR,soyabean,pulses,"Well-drained, Loamy Soil",6.0,7.0,90.0,100.0,136.62,28.85,16.52,450.0,700.0
2023,Oct,Samba/Thaladi,KANCHEEPURAM,wheat,cereals,Well Drained,6.0,7.0,80.0,90.0,251.69,25.47,20.21,450.0,650.0
2022,Oct,Samba/Thaladi,NAGAPATTINAM,blackgram,pulses,sandy soils to heavy cotton soils,6.5,7.8,70.0,75.0,516.89,40.35,19.02,600.0,1000.0
2024,Mar,Navarai/Kodai,VIRUDHUNAGAR,Celery,minor vegetables,Sandy loam,5.8,6.8,120.0,150.0,671.49,23.17,18.52,900.0,1200.0
2023,Sep,Kuruvai/Sornavari,KANYAKUMARI,dioscorea,Root&tuber,well-drained soil,6.0,6.5,270.0,300.0,1035.75,32.54,30.0,1000.0,2000.0
2023,Nov,Samba/Thaladi,KANCHEEPURAM,curry leaf,greenleafy,Red sandy loam,5.2,5.5,90.0,85.0,652.94,34.4,28.9,1000.0,1000.0
2025,May,Navarai/Kodai,THIRUNELVELI,Celery,minor vegetables,Sandy loam,5.8,6.8,120.0,150.0,619.49,23.5,17.61,900.0,1200.0
2024,Apr,Navarai/Kodai,PERAMBALUR,Knol-khol,minor vegetables,Sandy loam,5.5,7.0,50.0,65.0,608.56,32.36,14.9,900.0,1200.0
2024,Jan,Navarai/Kodai,NAGAPATTINAM,varagu,millets,clay-based soil,5.5,6.5,120.0,120.0,204.39,25.02,27.77,500.0,900.0
2022,Nov,Samba/Thaladi,VIRUDHUNAGAR,broadbean,vegetables,Well drained loamy soil,5.5,6.0,80.0,100.0,720.11,24.03,10.97,900.0,1200.0
2021,Jul,Kuruvai/Sornavari,TIRUVARUR,cluster bean,vegetables,Sandy Loam,7.0,8.5,60.0,90.0,771.5,25.75,25.18,900.0,1200.0
2021,Feb,Navarai/Kodai,THENI,pumpkin,vegetables,Loamy soil/ Lateritic soil,6.0,7.0,115.0,120.0,695.3,26.75,21.53,900.0,1200.0
2023,May,Navarai/Kodai,THENI,muyal masal,forage crops,Well drained sandy loam and clayey loam soils ,5.5,7.5,75.0,65.0,227.67,33.78,23.9,500.0,480.0
2025,Dec,Samba/Thaladi,THIRUPPUR,curry leaf,greenleafy,Red sandy loam,5.2,5.5,90.0,85.0,660.76,33.77,28.91,1000.0,1000.0
2023,Aug,Kuruvai/Sornavari,THIRUVANNAMALAI,wheat,cereals,Well Drained,6.0,7.0,80.0,90.0,142.71,25.34,19.64,450.0,650.0
2021,Mar,Navarai/Kodai,KOLLI HILLS,colocasia,Root&tuber,Well grained deep loamy moist and alluviual soil,5.5,7.0,150.0,180.0,540.9,30.55,21.48,1000.0,1000.0
2021,May,Navarai/Kodai,DHARMAPURI,guinea grass,forage crops,Well drained sandy loam and clayey loam soils ,5.0,7.0,45.0,55.0,259.39,39.88,14.39,1000.0,480.0
2022,Aug,Kuruvai/Sornavari,HILLY REGIONS OF SHEVROY,horsegram,pulses, light to heavy soils ,6.0,7.5,100.0,105.0,274.23,36.27,27.36,800.0,800.0
2025,Mar,Navarai/Kodai,PERAMBALUR,capsicum,vegetables,Loamy soil/ Lateritic soil,5.5,7.0,60.0,60.0,507.26,25.85,19.06,500.0,1200.0
2022,Jan,Navarai/Kodai,PUDUKKOTTAI,swordbean,pulses, well-drained sandy loams or sandy soils ,5.0,6.0,110.0,120.0,432.25,36.52,16.32,900.0,1500.0
2025,Jan,Navarai/Kodai,SALEM,samai,millets,Loamy Soil,8.5,9.0,80.0,100.0,201.78,35.96,27.21,480.0,750.0
2024,Jul,Kuruvai/Sornavari,TIRUVARUR,bhendi,vegetables,Loamy soil/ Lateritic soil,6.0,6.8,55.0,65.0,403.8,27.87,27.28,1200.0,2200.0
2022,Sep,Kuruvai/Sornavari,ERODE,swordbean,pulses, well-drained sandy loams or sandy soils ,5.0,6.0,110.0,120.0,831.99,37.1,12.03,900.0,1500.0
2023,Mar,Navarai/Kodai,THENI,tomato,vegetables,Sandy loam,6.5,7.5,90.0,140.0,498.38,29.05,17.81,600.0,800.0
2021,Jul,Kuruvai/Sornavari,COIMBATORE,Winged Bean,minor vegetables,Sandy loam,7.0,12.0,42.0,42.0,647.13,27.99,27.38,900.0,1200.0
2024,Mar,Navarai/Kodai,KARUR,cluster bean,vegetables,Sandy Loam,7.0,8.5,60.0,90.0,503.61,26.1,23.99,900.0,1200.0
2021,Nov,Samba/Thaladi,THIRUVANNAMALAI,bhendi,vegetables,Loamy soil/ Lateritic soil,6.0,6.8,55.0,65.0,990.0,28.88,22.39,1200.0,2200.0
2025,Sep,Kuruvai/Sornavari,KRISHNAGIRI,niger,oil seeds,"Loams, silt loams, clay loams, or silty clay loams",5.2,7.3,80.0,80.0,259.03,25.0,14.39,1000.0,1300.0
2022,Oct,Samba/Thaladi,THIRUVANNAMALAI,Cabbage,colecrops,LoamySandy,6.0,6.5,80.0,180.0,233.14,27.11,10.9,380.0,500.0
2022,Apr,Navarai/Kodai,VELLORE,french bean,vegetables,Well drained loamy soil,5.5,6.0,40.0,50.0,505.33,27.5,13.4,900.0,1200.0
2025,Oct,Samba/Thaladi,THE NILGRIS,annual moringa,vegetables,Sandy loam,6.5,8.0,210.0,240.0,778.11,34.47,29.15,900.0,1200.0
2025,Jul,Kuruvai/Sornavari,TIRUVARUR,Lettuce,minor vegetables,Sandy loam,6.0,6.5,45.0,55.0,561.54,24.32,16.59,900.0,1200.0
2024,Nov,Samba/Thaladi,THIRUNELVELI,jute,fibre crop,Sandy and Clay Loam,6.0,7.5,120.0,140.0,457.44,39.79,25.91,1000.0,1300.0
2025,Dec,Samba/Thaladi,DHARMAPURI,niger,oil seeds,"Loams, silt loams, clay loams, or silty clay loams",5.2,7.3,80.0,80.0,554.27,25.0,16.83,1000.0,1300.0
2025,Feb,Navarai/Kodai,NAMAKAL,muyal masal,forage crops,Well drained sandy loam and clayey loam soils ,5.5,7.5,75.0,65.0,181.79,30.74,23.79,500.0,480.0
2022,Mar,Navarai/Kodai,NAMAKAL,ash gourd,vegetables,Sandy loam,6.0,6.7,120.0,120.0,470.92,30.44,27.79,900.0,1200.0
2024,Oct,Samba/Thaladi,NAGAPATTINAM,gingely,oil seeds,"Loams, silt loams, clay loams, or silty clay loams",5.5,8.0,85.0,90.0,108.92,31.21,24.87,350.0,400.0
2022,Oct,Samba/Thaladi,KANCHEEPURAM,elephant foot yam,Root&tuber,Rich red loamy soil,5.5,7.0,240.0,240.0,818.36,33.92,28.38,1000.0,1500.0
2022,Mar,Navarai/Kodai,TANJORE,rice,cereals,Alluvia or loamy and clayey soil,5.0,8.0,150.0,150.0,1515.04,40.43,24.58,900.0,2500.0
2022,Feb,Navarai/Kodai,KANCHEEPURAM,bhendi,vegetables,Loamy soil/ Lateritic soil,6.0,6.8,55.0,65.0,559.61,25.23,28.5,1200.0,2200.0
2022,Jan,Navarai/Kodai,ERODE,kudirai masi,forage crops,Well drained sandy loam and clayey loam soils ,6.5,7.5,45.0,55.0,186.95,33.88,26.91,300.0,350.0
2022,Jul,Kuruvai/Sornavari,THENI,soyabean,pulses,"Well-drained, Loamy Soil",6.0,7.0,90.0,100.0,394.59,33.56,19.89,450.0,700.0
2025,Aug,Kuruvai/Sornavari,HILLY REGIONS OF SHEVROY,french bean,vegetables,Well drained loamy soil,5.5,6.0,40.0,50.0,344.65,26.83,11.03,900.0,1200.0
2025,Mar,Navarai/Kodai,THIRUPPUR,kudirai masi,forage crops,Well drained sandy loam and clayey loam soils ,6.5,7.5,45.0,55.0,150.46,33.55,23.89,300.0,350.0
2023,Dec,Samba/Thaladi,CHENGLEPUT,vegetable cowpea,vegetables,Sandy loam,5.6,6.0,45.0,90.0,454.21,29.06,19.66,900.0,1200.0
2024,Nov,Samba/Thaladi,KOLLI HILLS,bhendi,vegetables,Loamy soil/ Lateritic soil,6.0,6.8,55.0,65.0,939.11,28.18,22.09,1200.0,2200.0
2024,Aug,Kuruvai/Sornavari,THALAVADI HILLS,niger,oil seeds,"Loams, silt loams, clay loams, or silty clay loams",5.2,7.3,80.0,80.0,366.82,25.0,17.09,1000.0,1300.0
2023,Apr,Navarai/Kodai,HILLY REGIONS OF SHEVROY,niger,oil seeds,"Loams, silt loams, clay loams, or silty clay loams",5.2,7.3,80.0,80.0,648.56,25.0,16.75,1000.0,1300.0
2021,Mar,Navarai/Kodai,CAUVERY,dioscorea,Root&tuber,well-drained soil,6.0,6.5,270.0,300.0,476.61,35.2,30.0,1000.0,2000.0
2025,May,Navarai/Kodai,KOLLI HILLS,blackgram,pulses,sandy soils to heavy cotton soils,6.5,7.8,70.0,75.0,159.99,39.65,20.36,600.0,1000.0
2022,Oct,Samba/Thaladi,THENI,annual moringa,vegetables,Sandy loam,6.5,8.0,210.0,240.0,715.32,32.73,26.3,900.0,1200.0
2022,Aug,Kuruvai/Sornavari,ARIYALUR,cucumber,vegetables,Loamy,6.5,7.5,120.0,120.0,379.97,31.64,26.73,1200.0,1500.0
2021,Feb,Navarai/Kodai,SALEM,tomato,vegetables,Sandy loam,6.5,7.5,90.0,140.0,285.66,31.65,20.44,600.0,800.0
2021,Aug,Kuruvai/Sornavari,DINDIGUL,cumbu napier hybrid,forage crops,Well drained sandy loam and clayey loam soils ,5.0,8.6,45.0,55.0,610.14,25.3,18.27,800.0,1000.0
2024,Aug,Kuruvai/Sornavari,COIMBATORE,kollukattai pullu,forage crops,Well drained sandy loam and clayey loam soils ,7.0,7.5,45.0,55.0,158.25,30.4,23.8,500.0,480.0
2024,Jul,Kuruvai/Sornavari,THENI,bengalgram,pulses,medium to heavy black soil,5.5,7.0,90.0,120.0,208.97,25.53,20.53,650.0,1000.0
2025,Jun,Kuruvai/Sornavari,THIRUPPUR,Turnip,minor vegetables,Loamy soil,5.5,6.8,42.0,56.0,783.51,20.97,13.73,900.0,1200.0
2024,May,Navarai/Kodai,KRISHNAGIRI,radish,Root&tuber,Well grained deep loamy moist and alluviual soil,5.5,6.8,21.0,21.0,508.88,20.73,12.61,1000.0,1000.0
2023,Feb,Navarai/Kodai,VELLORE,Pearl millet,millets,"clay, clay loam, or sandy loam soils",5.5,7.5,75.0,85.0,172.16,43.12,13.32,350.0,500.0
2022,Jun,Kuruvai/Sornavari,VELLORE,tinda,vegetables,Sandy loam,6.5,7.5,70.0,70.0,569.27,29.52,29.12,900.0,1200.0
2024,Feb,Navarai/Kodai,THIRUVALLUR,horsegram,pulses, light to heavy soils ,6.0,7.5,100.0,105.0,320.36,36.04,24.88,800.0,800.0
2023,Oct,Samba/Thaladi,MADURAI,panivaragu,millets,sandy loam to clays of black cotton soils,5.5,7.0,70.0,75.0,197.48,43.34,14.04,330.0,350.0
2025,Apr,Navarai/Kodai,TIRUVARUR,bitter gourd,vegetables,Well drained loamy soil,6.5,7.0,55.0,60.0,274.09,26.51,29.19,900.0,1200.0
2021,Aug,Kuruvai/Sornavari,COIMBATORE,Rhubarb,minor vegetables,Sandy loam,6.0,6.8,56.0,70.0,799.38,25.38,10.0,900.0,1200.0
2025,Nov,Samba/Thaladi,NAGAPATTINAM,bottle gourd,vegetables,Sandy loam,6.0,6.7,120.0,120.0,279.49,27.18,19.61,900.0,1200.0
2025,Apr,Navarai/Kodai,THIRUCHIRAPALLI,sunflower,oil seeds,"Loams, silt loams, clay loams, or silty clay loams",6.5,8.0,85.0,95.0,196.79,25.79,22.26,350.0,500.0
2024,Nov,Samba/Thaladi,PERAMBALUR,bitter gourd,vegetables,Well drained loamy soil,6.5,7.0,55.0,60.0,411.87,25.08,23.88,900.0,1200.0
2022,May,Navarai/Kodai,THIRUVALLUR,sorghum,millets,well-drained loamy soils,6.0,7.5,95.0,105.0,378.13,35.34,18.47,450.0,650.0
2025,Aug,Kuruvai/Sornavari,MADURAI,thinai,millets,"alluvial,loamy ",5.5,7.0,85.0,90.0,472.91,25.52,19.66,500.0,900.0
2022,Jan,Navarai/Kodai,KRISHNAGIRI,redgram,pulses,deep loam soils,6.5,7.0,120.0,150.0,686.29,28.1,16.3,600.0,1400.0
2023,Apr,Navarai/Kodai,CHENGLEPUT,Rhubarb,minor vegetables,Sandy loam,6.0,6.8,56.0,70.0,733.97,25.25,10.0,900.0,1200.0
2021,Feb,Navarai/Kodai,SALEM,chowchow,vegetables,Loamy soil/ Lateritic soil,5.5,6.5,150.0,150.0,699.53,24.22,21.66,1200.0,1500.0
2022,Feb,Navarai/Kodai,CAUVERY,safflower,oil seeds,"Loams, silt loams, clay loams, or silty clay loams",5.4,8.2,120.0,125.0,476.4,34.84,24.72,550.0,725.0
2022,Oct,Samba/Thaladi,NAGAPATTINAM,varagu,millets,clay-based soil,5.5,6.5,120.0,120.0,197.25,28.58,27.58,500.0,900.0
2021,Apr,Navarai/Kodai,THIRUCHIRAPALLI,Mint,minor vegetables,Loamy soil,6.5,7.0,100.0,120.0,457.41,25.3,24.49,1000.0,1100.0
2022,Nov,Samba/Thaladi,THIRUPPUR,kudirai masi,forage crops,Well drained sandy loam and clayey loam soils ,6.5,7.5,45.0,55.0,206.16,34.01,29.5,300.0,350.0
2025,May,Navarai/Kodai,PERAMBALUR,soyabean,pulses,"Well-drained, Loamy Soil",6.0,7.0,90.0,100.0,320.75,29.14,16.89,450.0,700.0
2024,Aug,Kuruvai/Sornavari,COIMBATORE,tobacco,other crops,Well drained sandy loam and clayey loam soils ,7.5,8.5,90.0,100.0,420.05,27.89,28.53,800.0,1000.0
2021,May,Navarai/Kodai,CHENGLEPUT,jute,fibre crop,Sandy and Clay Loam,6.0,7.5,120.0,140.0,336.65,38.09,26.44,1000.0,1300.0
2024,May,Navarai/Kodai,DINDIGUL,small onion,bulbvegetables,Sandy loam,6.0,7.0,70.0,90.0,236.66,26.75,15.19,650.0,750.0
2023,Jan,Navarai/Kodai,VELLORE,wheat,cereals,Well Drained,6.0,7.0,80.0,90.0,199.39,25.32,24.57,450.0,650.0
2022,Jun,Kuruvai/Sornavari,KOLLI HILLS,curry leaf,greenleafy,Red sandy loam,5.2,5.5,90.0,85.0,277.5,35.58,24.17,1000.0,1000.0
2022,Mar,Navarai/Kodai,KOLLI HILLS,Winged Bean,minor vegetables,Sandy loam,7.0,12.0,42.0,42.0,575.49,28.07,23.28,900.0,1200.0
2021,Jul,Kuruvai/Sornavari,THENI,Palak,minor vegetables,Sandy loam,6.5,7.0,37.0,45.0,289.09,31.61,14.89,900.0,1200.0
2021,May,Navarai/Kodai,VELLORE,lablab,vegetables,Well drained loamy soil,6.5,8.5,70.0,75.0,732.61,33.92,26.06,900.0,1200.0
2022,Jul,Kuruvai/Sornavari,THENI,fodder cowpea,forage crops,Well drained sandy loam and clayey loam soils ,5.0,6.5,50.0,65.0,159.54,27.52,24.57,300.0,350.0
2025,Nov,Samba/Thaladi,KARUR,thinai,millets,"alluvial,loamy ",5.5,7.0,85.0,90.0,435.73,30.89,19.8,500.0,900.0
2024,Aug,Kuruvai/Sornavari,NAGAPATTINAM,cucumber,vegetables,Loamy,6.5,7.5,120.0,120.0,429.62,32.16,27.25,1200.0,1500.0
2024,Aug,Kuruvai/Sornavari,VILLUPURAM,capsicum,vegetables,Loamy soil/ Lateritic soil,5.5,7.0,60.0,60.0,667.72,29.96,16.55,500.0,1200.0
2025,May,Navarai/Kodai,DINDIGUL,soundal,forage crops,Well drained sandy loam and clayey loam soils ,5.5,7.5,40.0,80.0,275.17,31.19,23.03,500.0,480.0
2021,Jan,Navarai/Kodai,THOOTHUKUDI,bhendi,vegetables,Loamy soil/ Lateritic soil,6.0,6.8,55.0,65.0,453.98,26.21,25.46,1200.0,2200.0
2022,Aug,Kuruvai/Sornavari,THIRUCHIRAPALLI,bhendi,vegetables,Loamy soil/ Lateritic soil,6.0,6.8,55.0,65.0,1404.32,25.78,24.74,1200.0,2200.0
2022,Jan,Navarai/Kodai,VILLUPURAM,peas,vegetables,Sandy loam,6.5,7.5,60.0,70.0,485.12,30.12,11.5,900.0,1200.0
2023,Oct,Samba/Thaladi,COIMBATORE,vegetable cowpea,vegetables,Sandy loam,5.6,6.0,45.0,90.0,681.17,30.33,21.17,900.0,1200.0
2025,Dec,Samba/Thaladi,DHARMAPURI,kudirai masi,forage crops,Well drained sandy loam and clayey loam soils ,6.5,7.5,45.0,55.0,84.75,35.89,27.08,300.0,350.0
2022,Oct,Samba/Thaladi,THIRUVANNAMALAI,sweet potato,Root&tuber,well-drained soil,5.7,6.7,90.0,120.0,534.06,25.23,23.27,1000.0,1000.0
2021,Jun,Kuruvai/Sornavari,COIMBATORE,sorghum,millets,well-drained loamy soils,6.0,7.5,95.0,105.0,202.33,38.9,17.0,450.0,650.0
2022,Aug,Kuruvai/Sornavari,THENI,beetroot,Root&tuber,all types of friable soil,6.0,7.0,45.0,65.0,644.5,24.69,22.75,1000.0,1000.0
2022,Jul,Kuruvai/Sornavari,JAWAD HILLS,bitter gourd,vegetables,Well drained loamy soil,6.5,7.0,55.0,60.0,308.18,26.03,26.86,900.0,1200.0
2023,Sep,Kuruvai/Sornavari,JAWAD HILLS,soundal,forage crops,Well drained sandy loam and clayey loam soils ,5.5,7.5,40.0,80.0,156.64,30.65,21.55,500.0,480.0
2023,Aug,Kuruvai/Sornavari,KANCHEEPURAM,Cabbage,colecrops,LoamySandy,6.0,6.5,80.0,180.0,147.43,27.89,10.17,380.0,500.0
2022,Nov,Samba/Thaladi,MADURAI,Lettuce,minor vegetables,Sandy loam,6.0,6.5,45.0,55.0,685.81,24.76,16.68,900.0,1200.0
2023,May,Navarai/Kodai,ARIYALUR,bellary onion,minor vegetables,Sandy loam,5.8,6.5,150.0,150.0,690.43,25.52,12.99,900.0,1200.0
2022,Jul,Kuruvai/Sornavari,THIRUVANNAMALAI,celery,greenleafy,Silt Loam to loamy,6.0,8.5,120.0,150.0,397.16,29.17,16.34,1000.0,1000.0
2024,Dec,Samba/Thaladi,HILLY REGIONS OF SHEVROY,carrot,Root&tuber,light or sandy loam soil,6.0,7.0,75.0,75.0,439.33,22.65,18.85,1000.0,1000.0
2025,Oct,Samba/Thaladi,THIRUPPUR,Coccinia,minor vegetables,Sandy loam,6.0,6.5,90.0,90.0,562.46,32.3,19.61,900.0,1200.0
2024,Apr,Navarai/Kodai,KANCHEEPURAM,sweet sorghum,sugar crops,Well drained sandy loam and clayey loam soils ,6.0,8.5,115.0,125.0,222.23,26.17,26.27,500.0,600.0
2025,Oct,Samba/Thaladi,CUDDALORE,soyabean,pulses,"Well-drained, Loamy Soil",6.0,7.0,90.0,100.0,347.32,30.21,16.95,450.0,700.0
2022,Jan,Navarai/Kodai,KANCHEEPURAM,Celery,minor vegetables,Sandy loam,5.8,6.8,120.0,150.0,398.06,23.48,13.08,900.0,1200.0
2025,Nov,Samba/Thaladi,MADURAI,cauliflower,colecrops,LoamySandy,6.5,6.8,55.0,100.0,228.47,28.15,10.0,380.0,500.0
2021,May,Navarai/Kodai,THIRUVANNAMALAI,velimasal,forage crops,Well drained sandy loam and clayey loam soils ,5.8,7.0,45.0,55.0,149.46,30.31,29.44,300.0,350.0
2022,Mar,Navarai/Kodai,RAMANATHANPURAM,Chekurmanis,minor vegetables,Sandy loam,5.5,7.5,90.0,120.0,790.66,36.66,24.35,900.0,1200.0
2024,Feb,Navarai/Kodai,THALAVADI HILLS,niger,oil seeds,"Loams, silt loams, clay loams, or silty clay loams",5.2,7.3,80.0,80.0,297.46,25.0,14.22,1000.0,1300.0
2023,Jul,Kuruvai/Sornavari,NAMAKAL,Brussels sprout,minor vegetables,Sandy loam,6.5,6.8,12.0,12.0,366.41,26.91,14.74,900.0,1200.0
2025,Jul,Kuruvai/Sornavari,VIRUDHUNAGAR,Chakravathi keerai,minor vegetables,Sandy loam,4.5,8.3,100.0,100.0,280.8,25.61,16.98,900.0,1200.0
2023,Feb,Navarai/Kodai,DHARMAPURI,cowpea,pulses, well-drained sandy loams or sandy soils ,5.0,6.5,60.0,90.0,303.68,28.83,24.85,400.0,700.0
2023,Jun,Kuruvai/Sornavari,MADURAI,Palak,minor vegetables,Sandy loam,6.5,7.0,37.0,45.0,484.71,29.78,10.36,900.0,1200.0
2022,Sep,Kuruvai/Sornavari,THIRUNELVELI,safflower,oil seeds,"Loams, silt loams, clay loams, or silty clay loams",5.4,8.2,120.0,125.0,226.43,34.43,25.05,550.0,725.0
2021,Jul,Kuruvai/Sornavari,THIRUVALLUR,Mint,minor vegetables,Loamy soil,6.5,7.0,100.0,120.0,312.74,25.77,18.06,1000.0,1100.0
2022,Jun,Kuruvai/Sornavari,CHENGLEPUT,radish,Root&tuber,Well grained deep loamy moist and alluviual soil,5.5,6.8,21.0,21.0,457.68,22.82,10.37,1000.0,1000.0
2021,Mar,Navarai/Kodai,SALEM,castor,oil seeds,"Loams, silt loams, clay loams, or silty clay loams",5.0,8.5,120.0,160.0,169.18,27.2,24.79,500.0,500.0
2025,Jan,Navarai/Kodai,THOOTHUKUDI,sorghum,millets,well-drained loamy soils,6.0,7.5,95.0,105.0,201.56,37.18,18.46,450.0,650.0
2025,Aug,Kuruvai/Sornavari,DHARMAPURI,soundal,forage crops,Well drained sandy loam and clayey loam soils ,5.5,7.5,40.0,80.0,177.32,30.92,21.2,500.0,480.0
2021,Sep,Kuruvai/Sornavari,THIRUVALLUR,Pearl millet,millets,"clay, clay loam, or sandy loam soils",5.5,7.5,75.0,85.0,141.46,41.81,16.03,350.0,500.0
2023,Jul,Kuruvai/Sornavari,PUDUKKOTTAI,bhendi,vegetables,Loamy soil/ Lateritic soil,6.0,6.8,55.0,65.0,761.13,25.96,28.14,1200.0,2200.0
2025,Oct,Samba/Thaladi,NAMAKAL,Ceylon spinach,minor vegetables,Sandy loam,6.5,7.0,40.0,50.0,330.5,24.35,12.92,900.0,1200.0
2022,Jun,Kuruvai/Sornavari,ARIYALUR,muyal masal,forage crops,Well drained sandy loam and clayey loam soils ,5.5,7.5,75.0,65.0,225.08,32.07,27.94,500.0,480.0
2025,Mar,Navarai/Kodai,CHENGLEPUT,Palak,minor vegetables,Sandy loam,6.5,7.0,37.0,45.0,408.01,32.88,11.18,900.0,1200.0
2024,Jun,Kuruvai/Sornavari,THOOTHUKUDI,panivaragu,millets,sandy loam to clays of black cotton soils,5.5,7.0,70.0,75.0,161.93,40.54,10.74,330.0,350.0
2021,Nov,Samba/Thaladi,RAMANATHANPURAM,chowchow,vegetables,Loamy soil/ Lateritic soil,5.5,6.5,150.0,150.0,541.33,24.82,16.06,1200.0,1500.0
2025,Sep,Kuruvai/Sornavari,CAUVERY,castor,oil seeds,"Loams, silt loams, clay loams, or silty clay loams",5.0,8.5,120.0,160.0,288.16,25.33,26.13,500.0,500.0
2024,Aug,Kuruvai/Sornavari,KRISHNAGIRI,Chekurmanis,minor vegetables,Sandy loam,5.5,7.5,90.0,120.0,228.75,32.62,28.59,900.0,1200.0
2021,Apr,Navarai/Kodai,TANJORE,sugarcane,sugar crops,Clayey Loamy Soil/ Black Cotton Soil/ Red Loamy Soil/ Brown Loamy Soil,6.5,8.0,300.0,330.0,1050.91,26.46,24.65,1500.0,2500.0
2022,Dec,Samba/Thaladi,THALAVADI HILLS,Brussels sprout,minor vegetables,Sandy loam,6.5,6.8,12.0,12.0,298.27,26.06,15.02,900.0,1200.0
2024,Oct,Samba/Thaladi,COIMBATORE,muyal masal,forage crops,Well drained sandy loam and clayey loam soils ,5.5,7.5,75.0,65.0,311.15,33.41,28.69,500.0,480.0
2024,Feb,Navarai/Kodai,TANJORE,amaranthus,greenleafy,Silt Loam to loamy,6.5,7.5,70.0,75.0,665.67,25.79,22.76,1000.0,1000.0
2025,Jul,Kuruvai/Sornavari,CUDDALORE,vegetable cowpea,vegetables,Sandy loam,5.6,6.0,45.0,90.0,622.85,26.68,18.7,900.0,1200.0
2021,Aug,Kuruvai/Sornavari,CHENGLEPUT,bellary onion,minor vegetables,Sandy loam,5.8,6.5,150.0,150.0,440.74,25.0,11.8,900.0,1200.0
2022,Jan,Navarai/Kodai,SALEM,samai,millets,Loamy Soil,8.5,9.0,80.0,100.0,498.28,37.65,26.18,480.0,750.0
2023,Aug,Kuruvai/Sornavari,NAMAKAL,thinai,millets,"alluvial,loamy ",5.5,7.0,85.0,90.0,204.27,26.07,18.2,500.0,900.0
2024,Jan,Navarai/Kodai,KRISHNAGIRI,Asparagus,minor vegetables,Sandy loam,6.0,6.7,730.0,730.0,380.19,30.78,15.19,900.0,1200.0
2022,Aug,Kuruvai/Sornavari,PERAMBALUR,Bread fruit,minor vegetables,Sandy loam,6.1,7.4,100.0,100.0,1068.13,37.58,18.25,2030.0,2540.0
2022,Oct,Samba/Thaladi,HILLY REGIONS OF SHEVROY,chillies,vegetables,Loamy soil/ Lateritic soil,6.0,6.8,120.0,120.0,192.15,30.46,23.31,500.0,500.0
2025,May,Navarai/Kodai,MADURAI,samai,millets,Loamy Soil,8.5,9.0,80.0,100.0,243.38,38.42,24.9,480.0,750.0
2022,Mar,Navarai/Kodai,NAMAKAL,Pearl millet,millets,"clay, clay loam, or sandy loam soils",5.5,7.5,75.0,85.0,209.95,42.65,15.71,350.0,500.0
2025,Nov,Samba/Thaladi,ERODE,sweet sorghum,sugar crops,Well drained sandy loam and clayey loam soils ,6.0,8.5,115.0,125.0,253.63,30.81,25.82,500.0,600.0
2022,Aug,Kuruvai/Sornavari,THALAVADI HILLS,pumpkin,vegetables,Loamy soil/ Lateritic soil,6.0,7.0,115.0,120.0,395.09,27.0,18.36,900.0,1200.0
2022,Jun,Kuruvai/Sornavari,TANJORE,rice,cereals,Alluvia or loamy and clayey soil,5.0,8.0,150.0,150.0,1616.58,38.78,22.11,900.0,2500.0
2025,Feb,Navarai/Kodai,MADURAI,samai,millets,Loamy Soil,8.5,9.0,80.0,100.0,195.57,40.84,27.78,480.0,750.0
2024,Jun,Kuruvai/Sornavari,DHARMAPURI,sorghum,millets,well-drained loamy soils,6.0,7.5,95.0,105.0,391.59,35.87,19.45,450.0,650.0
2022,Aug,Kuruvai/Sornavari,THIRUCHIRAPALLI,broadbean,vegetables,Well drained loamy soil,5.5,6.0,80.0,100.0,645.37,23.31,14.03,900.0,1200.0
2025,Feb,Navarai/Kodai,KRISHNAGIRI,Knol-khol,minor vegetables,Sandy loam,5.5,7.0,50.0,65.0,348.84,27.45,19.6,900.0,1200.0
2021,Jun,Kuruvai/Sornavari,COIMBATORE,wheat,cereals,Well Drained,6.0,7.0,80.0,90.0,175.14,25.58,22.45,450.0,650.0
2021,Oct,Samba/Thaladi,TIRUVARUR,soyabean,pulses,"Well-drained, Loamy Soil",6.0,7.0,90.0,100.0,244.89,32.86,16.8,450.0,700.0
2022,Mar,Navarai/Kodai,TANJORE,celery,greenleafy,Silt Loam to loamy,6.0,8.5,120.0,150.0,259.73,29.03,14.19,1000.0,1000.0
2024,Feb,Navarai/Kodai,DHARMAPURI,maize,millets,temperate podzols to the leached red soils of the tropics. ,5.5,7.0,105.0,110.0,383.64,26.97,18.3,500.0,800.0
2022,May,Navarai/Kodai,KRISHNAGIRI,greengram,pulses,well-drained sandy loams or sandy soils ,6.5,7.5,100.0,100.0,232.44,33.83,26.03,850.0,1000.0
2021,Jan,Navarai/Kodai,VIRUDHUNAGAR,tomato,vegetables,Sandy loam,6.5,7.5,90.0,140.0,299.41,30.9,19.29,600.0,800.0
2021,Mar,Navarai/Kodai,MADURAI,Rhubarb,minor vegetables,Sandy loam,6.0,6.8,56.0,70.0,532.25,25.24,10.0,900.0,1200.0
2024,Mar,Navarai/Kodai,SALEM,cumbu napier hybrid,forage crops,Well drained sandy loam and clayey loam soils ,5.0,8.6,45.0,55.0,448.68,26.11,23.11,800.0,1000.0
2021,Oct,Samba/Thaladi,DHARMAPURI,castor,oil seeds,"Loams, silt loams, clay loams, or silty clay loams",5.0,8.5,120.0,160.0,141.81,26.56,20.26,500.0,500.0
2021,Jul,Kuruvai/Sornavari,KOLLI HILLS,bhendi,vegetables,Loamy soil/ Lateritic soil,6.0,6.8,55.0,65.0,1091.62,26.86,28.8,1200.0,2200.0
2021,May,Navarai/Kodai,KOLLI HILLS,watermelon,vegetables,Sandy,6.0,7.5,70.0,85.0,769.45,27.53,22.6,900.0,1200.0
2022,Dec,Samba/Thaladi,TIRUVARUR,soyabean,pulses,"Well-drained, Loamy Soil",6.0,7.0,90.0,100.0,175.22,27.17,15.35,450.0,700.0
2023,Apr,Navarai/Kodai,KRISHNAGIRI,Chinese cabbage,minor vegetables,Sandy loam,5.5,7.0,50.0,80.0,506.33,24.46,15.15,900.0,1200.0
2022,Apr,Navarai/Kodai,RAMANATHANPURAM,snake gourd,vegetables,Loamy soil/ Lateritic soil,6.0,6.7,90.0,90.0,669.63,28.87,22.68,900.0,1200.0
2022,Mar,Navarai/Kodai,KANCHEEPURAM,Turnip,minor vegetables,Loamy soil,5.5,6.8,42.0,56.0,514.48,24.44,13.54,900.0,1200.0
2022,Apr,Navarai/Kodai,JAWAD HILLS,beetroot,Root&tuber,all types of friable soil,6.0,7.0,45.0,65.0,514.05,24.18,20.63,1000.0,1000.0
2025,Jul,Kuruvai/Sornavari,SALEM,Knol-khol,minor vegetables,Sandy loam,5.5,7.0,50.0,65.0,240.85,28.55,18.17,900.0,1200.0
2023,Nov,Samba/Thaladi,ARIYALUR,Chakravathi keerai,minor vegetables,Sandy loam,4.5,8.3,100.0,100.0,415.56,25.55,16.22,900.0,1200.0
2025,Oct,Samba/Thaladi,MADURAI,brinjal,vegetables,Loamy soil/ Lateritic soil,6.0,7.5,100.0,150.0,772.17,31.1,18.54,900.0,1200.0
2022,Apr,Navarai/Kodai,ERODE,small onion,bulbvegetables,Sandy loam,6.0,7.0,70.0,90.0,226.98,26.6,19.5,650.0,750.0
2023,Apr,Navarai/Kodai,THIRUCHIRAPALLI,Butter bean,minor vegetables,Sandy loam,6.0,7.0,80.0,100.0,763.86,26.81,20.48,900.0,1200.0
2024,Dec,Samba/Thaladi,TANJORE,vegetable cowpea,vegetables,Sandy loam,5.6,6.0,45.0,90.0,784.64,25.39,24.14,900.0,1200.0
2022,Jan,Navarai/Kodai,ERODE,cucumber,vegetables,Loamy,6.5,7.5,120.0,120.0,473.88,31.29,25.01,1200.0,1500.0
2022,May,Navarai/Kodai,DINDIGUL,panivaragu,millets,sandy loam to clays of black cotton soils,5.5,7.0,70.0,75.0,90.3,40.61,11.16,330.0,350.0
2023,Feb,Navarai/Kodai,THIRUVANNAMALAI,chowchow,vegetables,Loamy soil/ Lateritic soil,5.5,6.5,150.0,150.0,351.37,24.99,18.88,1200.0,1500.0
2023,Aug,Kuruvai/Sornavari,THE NILGRIS,rice,cereals,Alluvia or loamy and clayey soil,5.0,8.0,150.0,150.0,1390.04,36.13,24.51,900.0,2500.0
2025,Jan,Navarai/Kodai,CHENGLEPUT,Palak,minor vegetables,Sandy loam,6.5,7.0,37.0,45.0,649.25,33.96,12.35,900.0,1200.0
2023,Sep,Kuruvai/Sornavari,KANYAKUMARI,chillies,vegetables,Loamy soil/ Lateritic soil,6.0,6.8,120.0,120.0,129.17,27.65,25.97,500.0,500.0
2025,Mar,Navarai/Kodai,MADURAI,fodder cowpea,forage crops,Well drained sandy loam and clayey loam soils ,5.0,6.5,50.0,65.0,109.25,30.02,24.14,300.0,350.0
2023,May,Navarai/Kodai,SALEM,soundal,forage crops,Well drained sandy loam and clayey loam soils ,5.5,7.5,40.0,80.0,311.53,31.63,24.96,500.0,480.0
2022,Jan,Navarai/Kodai,ERODE,Bread fruit,minor vegetables,Sandy loam,6.1,7.4,100.0,100.0,770.16,39.42,16.13,2030.0,2540.0
2023,Jun,Kuruvai/Sornavari,SALEM,cucumber,vegetables,Loamy,6.5,7.5,120.0,120.0,756.32,33.22,27.76,1200.0,1500.0
2021,Mar,Navarai/Kodai,ARIYALUR,horsegram,pulses, light to heavy soils ,6.0,7.5,100.0,105.0,377.22,38.11,28.25,800.0,800.0
2025,Apr,Navarai/Kodai,KANCHEEPURAM,castor,oil seeds,"Loams, silt loams, clay loams, or silty clay loams",5.0,8.5,120.0,160.0,231.19,27.41,25.51,500.0,500.0
2021,Mar,Navarai/Kodai,PUDUKKOTTAI,tomato,vegetables,Sandy loam,6.5,7.5,90.0,140.0,515.38,29.66,19.07,600.0,800.0
2021,Apr,Navarai/Kodai,JAWAD HILLS,cumbu napier hybrid,forage crops,Well drained sandy loam and clayey loam soils ,5.0,8.6,45.0,55.0,267.72,26.3,19.47,800.0,1000.0
2023,Jan,Navarai/Kodai,ERODE,small onion,bulbvegetables,Sandy loam,6.0,7.0,70.0,90.0,358.6,26.07,19.44,650.0,750.0
2023,Dec,Samba/Thaladi,THIRUPPUR,elephant foot yam,Root&tuber,Rich red loamy soil,5.5,7.0,240.0,240.0,792.14,33.13,29.69,1000.0,1500.0
2023,Apr,Navarai/Kodai,NAGAPATTINAM,gherkins,vegetables,Sandy loam,5.8,7.0,90.0,90.0,740.68,34.93,18.1,900.0,1200.0
2025,Oct,Samba/Thaladi,PERAMBALUR,maize,millets,temperate podzols to the leached red soils of the tropics. ,5.5,7.0,105.0,110.0,492.36,26.52,18.36,500.0,800.0
2023,Jan,Navarai/Kodai,SIVAGANGAI,horsegram,pulses, light to heavy soils ,6.0,7.5,100.0,105.0,277.16,41.82,23.95,800.0,800.0
2022,Mar,Navarai/Kodai,TANJORE,jute,fibre crop,Sandy and Clay Loam,6.0,7.5,120.0,140.0,361.54,38.49,25.45,1000.0,1300.0
2021,Dec,Samba/Thaladi,CUDDALORE,thinai,millets,"alluvial,loamy ",5.5,7.0,85.0,90.0,565.84,25.77,20.37,500.0,900.0
2021,May,Navarai/Kodai,KRISHNAGIRI,varagu,millets,clay-based soil,5.5,6.5,120.0,120.0,328.6,25.9,28.93,500.0,900.0
2024,Feb,Navarai/Kodai,SALEM,sorghum,millets,well-drained loamy soils,6.0,7.5,95.0,105.0,339.41,39.88,19.46,450.0,650.0
2023,Mar,Navarai/Kodai,KOLLI HILLS,Celery,minor vegetables,Sandy loam,5.8,6.8,120.0,150.0,684.05,24.48,18.76,900.0,1200.0
2024,Oct,Samba/Thaladi,CHENGLEPUT,Winged Bean,minor vegetables,Sandy loam,7.0,12.0,42.0,42.0,409.25,27.6,27.8,900.0,1200.0
2024,Nov,Samba/Thaladi,CAUVERY,Lettuce,minor vegetables,Sandy loam,6.0,6.5,45.0,55.0,459.61,24.2,16.83,900.0,1200.0
2021,May,Navarai/Kodai,NAMAKAL,Palak,minor vegetables,Sandy loam,6.5,7.0,37.0,45.0,573.11,28.0,11.06,900.0,1200.0
2023,Dec,Samba/Thaladi,THALAVADI HILLS,Basella,minor vegetables,Sandy loam,5.5,8.0,70.0,70.0,397.6,32.77,19.91,900.0,1200.0
2022,Jun,Kuruvai/Sornavari,JAWAD HILLS,snake gourd,vegetables,Loamy soil/ Lateritic soil,6.0,6.7,90.0,90.0,678.65,26.89,21.61,900.0,1200.0
2022,Nov,Samba/Thaladi,DHARMAPURI,kudiraivali,millets,Loamy Soil,5.5,7.0,75.0,95.0,296.91,22.99,22.75,500.0,900.0
2022,Apr,Navarai/Kodai,KOLLI HILLS,Coccinia,minor vegetables,Sandy loam,6.0,6.5,90.0,90.0,776.79,30.68,21.23,900.0,1200.0
2024,Nov,Samba/Thaladi,PUDUKKOTTAI,lablab,vegetables,Well drained loamy soil,6.5,8.5,70.0,75.0,591.07,34.02,23.26,900.0,1200.0
2024,Aug,Kuruvai/Sornavari,KARUR,peas,vegetables,Sandy loam,6.5,7.5,60.0,70.0,291.59,30.4,14.74,900.0,1200.0
2023,Jun,Kuruvai/Sornavari,THIRUVALLUR,Bread fruit,minor vegetables,Sandy loam,6.1,7.4,100.0,100.0,1238.49,34.94,16.58,2030.0,2540.0
2022,May,Navarai/Kodai,MADURAI,muyal masal,forage crops,Well drained sandy loam and clayey loam soils ,5.5,7.5,75.0,65.0,169.54,32.85,26.93,500.0,480.0
2021,Jul,Kuruvai/Sornavari,VIRUDHUNAGAR,tomato,vegetables,Sandy loam,6.5,7.5,90.0,140.0,434.69,26.75,20.81,600.0,800.0
2024,Aug,Kuruvai/Sornavari,TANJORE,greengram,pulses,well-drained sandy loams or sandy soils ,6.5,7.5,100.0,100.0,305.46,33.33,26.48,850.0,1000.0
2024,May,Navarai/Kodai,SIVAGANGAI,Rhubarb,minor vegetables,Sandy loam,6.0,6.8,56.0,70.0,540.69,25.41,10.0,900.0,1200.0
2022,Dec,Samba/Thaladi,RAMANATHANPURAM,redgram,pulses,deep loam soils,6.5,7.0,120.0,150.0,406.1,29.08,21.69,600.0,1400.0
2024,Aug,Kuruvai/Sornavari,VILLUPURAM,curry leaf,greenleafy,Red sandy loam,5.2,5.5,90.0,85.0,664.6,34.3,27.98,1000.0,1000.0
2024,Nov,Samba/Thaladi,THOOTHUKUDI,blackgram,pulses,sandy soils to heavy cotton soils,6.5,7.8,70.0,75.0,599.38,42.04,20.6,600.0,1000.0
2025,Dec,Samba/Thaladi,KANCHEEPURAM,safflower,oil seeds,"Loams, silt loams, clay loams, or silty clay loams",5.4,8.2,120.0,125.0,473.94,32.03,23.36,550.0,725.0
2022,Apr,Navarai/Kodai,MADURAI,onion,vegetables, Any Loamy,5.8,6.5,100.0,120.0,317.28,26.34,24.6,350.0,550.0
2025,Jan,Navarai/Kodai,KRISHNAGIRI,maize,millets,temperate podzols to the leached red soils of the tropics. ,5.5,7.0,105.0,110.0,221.41,27.15,22.47,500.0,800.0
2024,Aug,Kuruvai/Sornavari,CAUVERY,french bean,vegetables,Well drained loamy soil,5.5,6.0,40.0,50.0,415.01,25.03,10.91,900.0,1200.0
2024,Jul,Kuruvai/Sornavari,HILLY REGIONS OF SHEVROY,chillies,vegetables,Loamy soil/ Lateritic soil,6.0,6.8,120.0,120.0,239.11,31.02,25.9,500.0,500.0
2021,Nov,Samba/Thaladi,COIMBATORE,Turnip,minor vegetables,Loamy soil,5.5,6.8,42.0,56.0,460.95,18.35,13.35,900.0,1200.0
2025,Sep,Kuruvai/Sornavari,RAMANATHANPURAM,cucumber,vegetables,Loamy,6.5,7.5,120.0,120.0,571.62,32.95,24.42,1200.0,1500.0
2024,Apr,Navarai/Kodai,DHARMAPURI,ribbed gourd,vegetables,Sandy Loam,6.5,7.5,125.0,125.0,518.83,31.86,23.91,900.0,1200.0
2024,Sep,Kuruvai/Sornavari,SIVAGANGAI,safflower,oil seeds,"Loams, silt loams, clay loams, or silty clay loams",5.4,8.2,120.0,125.0,259.14,32.68,21.25,550.0,725.0
2024,Sep,Kuruvai/Sornavari,THENI,cucumber,vegetables,Loamy,6.5,7.5,120.0,120.0,556.19,34.59,28.14,1200.0,1500.0
2023,Jan,Navarai/Kodai,SALEM,amaranthus,greenleafy,Silt Loam to loamy,6.5,7.5,70.0,75.0,530.72,30.35,19.28,1000.0,1000.0
2022,Aug,Kuruvai/Sornavari,THIRUCHIRAPALLI,ragi,millets,"red, black, sandy, loamy and shallow black soils.",5.0,8.2,100.0,120.0,793.84,25.3,15.11,700.0,1200.0
2025,Jan,Navarai/Kodai,KOLLI HILLS,Cabbage,colecrops,LoamySandy,6.0,6.5,80.0,180.0,299.33,27.85,10.99,380.0,500.0
2023,Dec,Samba/Thaladi,TIRUVARUR,dioscorea,Root&tuber,well-drained soil,6.0,6.5,270.0,300.0,845.75,32.53,30.0,1000.0,2000.0
2022,Dec,Samba/Thaladi,ERODE,peas,vegetables,Sandy loam,6.5,7.5,60.0,70.0,428.2,27.93,13.41,900.0,1200.0
2023,Jan,Navarai/Kodai,DINDIGUL,sunflower,oil seeds,"Loams, silt loams, clay loams, or silty clay loams",6.5,8.0,85.0,95.0,214.65,26.03,19.99,350.0,500.0
2024,Jan,Navarai/Kodai,THIRUNELVELI,greengram,pulses,well-drained sandy loams or sandy soils ,6.5,7.5,100.0,100.0,622.27,32.91,28.93,850.0,1000.0
2023,Mar,Navarai/Kodai,THIRUNELVELI,thinai,millets,"alluvial,loamy ",5.5,7.0,85.0,90.0,527.82,28.23,21.67,500.0,900.0
2021,May,Navarai/Kodai,ERODE,chillies,vegetables,Loamy soil/ Lateritic soil,6.0,6.8,120.0,120.0,252.82,26.86,22.79,500.0,500.0
2023,Nov,Samba/Thaladi,VIRUDHUNAGAR,vegetable cowpea,vegetables,Sandy loam,5.6,6.0,45.0,90.0,560.45,31.22,21.92,900.0,1200.0
2023,Jun,Kuruvai/Sornavari,JAWAD HILLS,amaranthus,greenleafy,Silt Loam to loamy,6.5,7.5,70.0,75.0,408.53,29.86,24.02,1000.0,1000.0
2021,Jul,Kuruvai/Sornavari,THENI,colocasia,Root&tuber,Well grained deep loamy moist and alluviual soil,5.5,7.0,150.0,180.0,394.43,35.78,21.46,1000.0,1000.0
2021,Sep,Kuruvai/Sornavari,PUDUKKOTTAI,bottle gourd,vegetables,Sandy loam,6.0,6.7,120.0,120.0,617.7,27.45,19.72,900.0,1200.0
2025,Mar,Navarai/Kodai,JAWAD HILLS,elephant foot yam,Root&tuber,Rich red loamy soil,5.5,7.0,240.0,240.0,804.33,36.22,26.6,1000.0,1500.0
2025,Oct,Samba/Thaladi,THIRUCHIRAPALLI,cauliflower,colecrops,LoamySandy,6.5,6.8,55.0,100.0,293.98,27.01,10.0,380.0,500.0
2022,Jun,Kuruvai/Sornavari,KARUR,Knol-khol,minor vegetables,Sandy loam,5.5,7.0,50.0,65.0,247.77,28.54,16.55,900.0,1200.0
2023,Sep,Kuruvai/Sornavari,KANYAKUMARI,fieldlablab,pulses,Well drained loamy soil,6.2,7.0,105.0,105.0,635.39,30.72,21.97,650.0,1000.0
2025,Sep,Kuruvai/Sornavari,VIRUDHUNAGAR,soundal,forage crops,Well drained sandy loam and clayey loam soils ,5.5,7.5,40.0,80.0,258.84,35.22,22.23,500.0,480.0
2025,Apr,Navarai/Kodai,ERODE,Winged Bean,minor vegetables,Sandy loam,7.0,12.0,42.0,42.0,235.69,29.44,26.01,900.0,1200.0
2025,Jul,Kuruvai/Sornavari,TANJORE,Palak,minor vegetables,Sandy loam,6.5,7.0,37.0,45.0,694.29,29.69,10.51,900.0,1200.0
2023,Aug,Kuruvai/Sornavari,RAMANATHANPURAM,kollukattai pullu,forage crops,Well drained sandy loam and clayey loam soils ,7.0,7.5,45.0,55.0,292.15,31.19,21.16,500.0,480.0
2025,May,Navarai/Kodai,KRISHNAGIRI,chillies,vegetables,Loamy soil/ Lateritic soil,6.0,6.8,120.0,120.0,200.84,26.54,23.58,500.0,500.0
2022,Jul,Kuruvai/Sornavari,COIMBATORE,chillies,vegetables,Loamy soil/ Lateritic soil,6.0,6.8,120.0,120.0,191.25,25.18,26.17,500.0,500.0
2025,May,Navarai/Kodai,HILLY REGIONS OF SHEVROY,Chinese cabbage,minor vegetables,Sandy loam,5.5,7.0,50.0,80.0,474.68,24.35,18.69,900.0,1200.0
2021,Jul,Kuruvai/Sornavari,THENI,kollukattai pullu,forage crops,Well drained sandy loam and clayey loam soils ,7.0,7.5,45.0,55.0,276.2,25.93,18.34,500.0,480.0
2022,Jun,Kuruvai/Sornavari,SALEM,samai,millets,Loamy Soil,8.5,9.0,80.0,100.0,497.14,37.8,24.91,480.0,750.0
2022,Aug,Kuruvai/Sornavari,KANYAKUMARI,cluster bean,vegetables,Sandy Loam,7.0,8.5,60.0,90.0,398.94,26.31,20.35,900.0,1200.0
2024,Apr,Navarai/Kodai,DHARMAPURI,muyal masal,forage crops,Well drained sandy loam and clayey loam soils ,5.5,7.5,75.0,65.0,199.08,30.73,24.66,500.0,480.0
2021,Jun,Kuruvai/Sornavari,TIRUVARUR,ribbed gourd,vegetables,Sandy Loam,6.5,7.5,125.0,125.0,468.15,36.22,25.3,900.0,1200.0
2024,Oct,Samba/Thaladi,DINDIGUL,brinjal,vegetables,Loamy soil/ Lateritic soil,6.0,7.5,100.0,150.0,473.89,29.65,17.5,900.0,1200.0
2021,Feb,Navarai/Kodai,DINDIGUL,fodder cholam,forage crops,Well drained sandy loam and clayey loam soils ,5.5,7.5,1095.0,1095.0,205.7,34.2,27.87,300.0,350.0
2024,Jul,Kuruvai/Sornavari,ERODE,pumpkin,vegetables,Loamy soil/ Lateritic soil,6.0,7.0,115.0,120.0,781.49,26.61,19.0,900.0,1200.0
2023,Oct,Samba/Thaladi,THIRUVALLUR,elephant foot yam,Root&tuber,Rich red loamy soil,5.5,7.0,240.0,240.0,467.88,30.14,23.68,1000.0,1500.0
2022,Aug,Kuruvai/Sornavari,CAUVERY,Pearl millet,millets,"clay, clay loam, or sandy loam soils",5.5,7.5,75.0,85.0,107.85,40.83,15.17,350.0,500.0
2023,Jul,Kuruvai/Sornavari,VELLORE,Butter bean,minor vegetables,Sandy loam,6.0,7.0,80.0,100.0,255.46,25.88,21.6,900.0,1200.0
2024,Oct,Samba/Thaladi,NAGAPATTINAM,fodder cholam,forage crops,Well drained sandy loam and clayey loam soils ,5.5,7.5,1095.0,1095.0,131.33,30.63,26.04,300.0,350.0
2025,Dec,Samba/Thaladi,CAUVERY,sugarbeet,sugar crops,Well drained sandy loam and clayey loam soils ,6.0,8.0,150.0,180.0,385.05,25.68,16.31,600.0,800.0
2024,Jun,Kuruvai/Sornavari,KANYAKUMARI,watermelon,vegetables,Sandy,6.0,7.5,70.0,85.0,317.67,27.05,23.95,900.0,1200.0
2024,Oct,Samba/Thaladi,ERODE,rice,cereals,Alluvia or loamy and clayey soil,5.0,8.0,150.0,150.0,997.41,39.43,22.43,900.0,2500.0
2025,Aug,Kuruvai/Sornavari,MADURAI,Ceylon spinach,minor vegetables,Sandy loam,6.5,7.0,40.0,50.0,330.79,24.07,13.13,900.0,1200.0
2022,Dec,Samba/Thaladi,VILLUPURAM,ragi,millets,"red, black, sandy, loamy and shallow black soils.",5.0,8.2,100.0,120.0,441.36,26.09,15.98,700.0,1200.0
2024,Oct,Samba/Thaladi,DINDIGUL,broadbean,vegetables,Well drained loamy soil,5.5,6.0,80.0,100.0,451.12,24.04,13.62,900.0,1200.0
2022,Nov,Samba/Thaladi,HILLY REGIONS OF SHEVROY,bhendi,vegetables,Loamy soil/ Lateritic soil,6.0,6.8,55.0,65.0,766.94,27.24,24.1,1200.0,2200.0
2023,Nov,Samba/Thaladi,DINDIGUL,elephant foot yam,Root&tuber,Rich red loamy soil,5.5,7.0,240.0,240.0,298.37,35.22,25.34,1000.0,1500.0
2022,Jan,Navarai/Kodai,RAMANATHANPURAM,groundnut,oil seeds,Well-drained sandy loam or sandy clay loam soil ,6.5,7.0,140.0,150.0,139.73,44.86,12.11,500.0,700.0
2023,Jun,Kuruvai/Sornavari,PERAMBALUR,chowchow,vegetables,Loamy soil/ Lateritic soil,5.5,6.5,150.0,150.0,615.84,24.55,18.42,1200.0,1500.0
2021,Mar,Navarai/Kodai,THALAVADI HILLS,Asparagus,minor vegetables,Sandy loam,6.0,6.7,730.0,730.0,431.04,25.56,19.88,900.0,1200.0
2022,Jun,Kuruvai/Sornavari,KRISHNAGIRI,fodder maize,forage crops,Well drained sandy loam and clayey loam soils ,5.5,8.0,60.0,70.0,307.57,40.4,11.73,500.0,480.0
2021,Jun,Kuruvai/Sornavari,THALAVADI HILLS,chinese potato,Root&tuber,well-drained soil,4.8,5.8,120.0,150.0,520.12,23.37,18.67,1000.0,1000.0
2022,Sep,Kuruvai/Sornavari,THIRUPPUR,lablab,vegetables,Well drained loamy soil,6.5,8.5,70.0,75.0,396.69,33.15,23.45,900.0,1200.0
2023,Sep,Kuruvai/Sornavari,THE NILGRIS,carrot,Root&tuber,light or sandy loam soil,6.0,7.0,75.0,75.0,568.14,23.85,13.18,1000.0,1000.0
2023,Dec,Samba/Thaladi,RAMANATHANPURAM,cumbu napier hybrid,forage crops,Well drained sandy loam and clayey loam soils ,5.0,8.6,45.0,55.0,424.53,26.93,18.1,800.0,1000.0
2023,Nov,Samba/Thaladi,COIMBATORE,cotton,fibre crop," black soils, (ii) red soils and (iii) alluvial soils.",7.0,8.0,135.0,140.0,568.43,30.0,20.45,700.0,1300.0
2025,Jun,Kuruvai/Sornavari,THALAVADI HILLS,elephant foot yam,Root&tuber,Rich red loamy soil,5.5,7.0,240.0,240.0,848.14,35.31,25.26,1000.0,1500.0
2021,Apr,Navarai/Kodai,VELLORE,gherkins,vegetables,Sandy loam,5.8,7.0,90.0,90.0,657.9,31.28,15.53,900.0,1200.0
2023,Jul,Kuruvai/Sornavari,HILLY REGIONS OF SHEVROY,sugarcane,sugar crops,Clayey Loamy Soil/ Black Cotton Soil/ Red Loamy Soil/ Brown Loamy Soil,6.5,8.0,300.0,330.0,668.62,26.07,20.71,1500.0,2500.0
2025,Mar,Navarai/Kodai,VELLORE,panivaragu,millets,sandy loam to clays of black cotton soils,5.5,7.0,70.0,75.0,203.13,40.62,14.3,330.0,350.0
2024,Jun,Kuruvai/Sornavari,SIVAGANGAI,rice,cereals,Alluvia or loamy and clayey soil,5.0,8.0,150.0,150.0,272.65,41.84,20.88,900.0,2500.0
2021,Aug,Kuruvai/Sornavari,KANCHEEPURAM,Palak,minor vegetables,Sandy loam,6.5,7.0,37.0,45.0,547.38,33.19,11.48,900.0,1200.0
2023,Jan,Navarai/Kodai,DHARMAPURI,ribbed gourd,vegetables,Sandy Loam,6.5,7.5,125.0,125.0,404.94,33.69,29.31,900.0,1200.0
2024,Mar,Navarai/Kodai,ARIYALUR,bitter gourd,vegetables,Well drained loamy soil,6.5,7.0,55.0,60.0,231.31,31.12,29.21,900.0,1200.0
2024,Apr,Navarai/Kodai,DHARMAPURI,Palak,minor vegetables,Sandy loam,6.5,7.0,37.0,45.0,780.83,27.78,14.21,900.0,1200.0
2022,Nov,Samba/Thaladi,THALAVADI HILLS,Chakravathi keerai,minor vegetables,Sandy loam,4.5,8.3,100.0,100.0,395.76,25.96,17.56,900.0,1200.0
2023,Aug,Kuruvai/Sornavari,DINDIGUL,fodder cowpea,forage crops,Well drained sandy loam and clayey loam soils ,5.0,6.5,50.0,65.0,110.92,28.22,24.94,300.0,350.0
2022,Aug,Kuruvai/Sornavari,COIMBATORE,rice,cereals,Alluvia or loamy and clayey soil,5.0,8.0,150.0,150.0,794.29,35.11,20.96,900.0,2500.0
2023,Jan,Navarai/Kodai,COIMBATORE,Chakravathi keerai,minor vegetables,Sandy loam,4.5,8.3,100.0,100.0,235.58,25.38,18.29,900.0,1200.0
2025,May,Navarai/Kodai,HILLY REGIONS OF SHEVROY,french bean,vegetables,Well drained loamy soil,5.5,6.0,40.0,50.0,260.27,28.27,13.54,900.0,1200.0
2021,Jan,Navarai/Kodai,CAUVERY,sugarbeet,sugar crops,Well drained sandy loam and clayey loam soils ,6.0,8.0,150.0,180.0,499.15,25.49,19.3,600.0,800.0
2023,Nov,Samba/Thaladi,SIVAGANGAI,soundal,forage crops,Well drained sandy loam and clayey loam soils ,5.5,7.5,40.0,80.0,218.32,33.58,24.68,500.0,480.0
2022,Aug,Kuruvai/Sornavari,VELLORE,sorghum,millets,well-drained loamy soils,6.0,7.5,95.0,105.0,374.49,41.14,15.75,450.0,650.0
2025,Aug,Kuruvai/Sornavari,SIVAGANGAI,castor,oil seeds,"Loams, silt loams, clay loams, or silty clay loams",5.0,8.5,120.0,160.0,223.19,27.55,23.73,500.0,500.0
2025,Oct,Samba/Thaladi,THENI,bottle gourd,vegetables,Sandy loam,6.0,6.7,120.0,120.0,505.57,27.67,20.08,900.0,1200.0
2021,Sep,Kuruvai/Sornavari,CHENGLEPUT,amaranthus,greenleafy,Silt Loam to loamy,6.5,7.5,70.0,75.0,495.41,31.92,23.82,1000.0,1000.0
2025,Apr,Navarai/Kodai,TANJORE,rice,cereals,Alluvia or loamy and clayey soil,5.0,8.0,150.0,150.0,596.87,41.47,24.14,900.0,2500.0
2023,Jun,Kuruvai/Sornavari,NAGAPATTINAM,sweet potato,Root&tuber,well-drained soil,5.7,6.7,90.0,120.0,623.09,27.72,25.51,1000.0,1000.0
2024,Feb,Navarai/Kodai,THIRUVANNAMALAI,tomato,vegetables,Sandy loam,6.5,7.5,90.0,140.0,529.64,31.71,16.07,600.0,800.0
2021,Aug,Kuruvai/Sornavari,COIMBATORE,cowpea,pulses, well-drained sandy loams or sandy soils ,5.0,6.5,60.0,90.0,407.63,27.69,18.18,400.0,700.0
2022,Sep,Kuruvai/Sornavari,NAMAKAL,Celery,minor vegetables,Sandy loam,5.8,6.8,120.0,150.0,345.4,23.94,15.56,900.0,1200.0
2023,Apr,Navarai/Kodai,SIVAGANGAI,greengram,pulses,well-drained sandy loams or sandy soils ,6.5,7.5,100.0,100.0,568.76,34.22,28.85,850.0,1000.0
2024,Jun,Kuruvai/Sornavari,DHARMAPURI,wheat,cereals,Well Drained,6.0,7.0,80.0,90.0,220.48,25.04,23.33,450.0,650.0
2021,Jun,Kuruvai/Sornavari,KOLLI HILLS,Brussels sprout,minor vegetables,Sandy loam,6.5,6.8,12.0,12.0,394.92,26.76,17.6,900.0,1200.0
2023,Jul,Kuruvai/Sornavari,TANJORE,annual moringa,vegetables,Sandy loam,6.5,8.0,210.0,240.0,289.17,36.82,26.16,900.0,1200.0
2023,Sep,Kuruvai/Sornavari,CHENGLEPUT,Lettuce,minor vegetables,Sandy loam,6.0,6.5,45.0,55.0,766.56,24.85,22.09,900.0,1200.0
2022,Feb,Navarai/Kodai,MADURAI,tomato,vegetables,Sandy loam,6.5,7.5,90.0,140.0,400.66,31.39,22.25,600.0,800.0
2023,Mar,Navarai/Kodai,VILLUPURAM,jute,fibre crop,Sandy and Clay Loam,6.0,7.5,120.0,140.0,649.3,37.61,27.77,1000.0,1300.0
2025,Mar,Navarai/Kodai,SALEM,dioscorea,Root&tuber,well-drained soil,6.0,6.5,270.0,300.0,407.38,29.37,30.0,1000.0,2000.0
2025,Jan,Navarai/Kodai,TIRUVARUR,velimasal,forage crops,Well drained sandy loam and clayey loam soils ,5.8,7.0,45.0,55.0,232.86,33.95,23.8,300.0,350.0
2023,Jul,Kuruvai/Sornavari,PUDUKKOTTAI,broadbean,vegetables,Well drained loamy soil,5.5,6.0,80.0,100.0,582.82,23.97,10.72,900.0,1200.0
2022,Nov,Samba/Thaladi,THIRUVANNAMALAI,curry leaf,greenleafy,Red sandy loam,5.2,5.5,90.0,85.0,264.99,37.9,27.15,1000.0,1000.0
2024,Feb,Navarai/Kodai,KANYAKUMARI,velimasal,forage crops,Well drained sandy loam and clayey loam soils ,5.8,7.0,45.0,55.0,224.25,34.88,25.63,300.0,350.0
2021,Jan,Navarai/Kodai,THIRUVALLUR,tapoica,Root&tuber,Red lateritic loam,5.5,7.0,270.0,300.0,317.97,30.53,23.83,1000.0,1000.0
2023,Oct,Samba/Thaladi,SALEM,pumpkin,vegetables,Loamy soil/ Lateritic soil,6.0,7.0,115.0,120.0,253.34,28.97,16.92,900.0,1200.0
2023,Feb,Navarai/Kodai,SALEM,kudiraivali,millets,Loamy Soil,5.5,7.0,75.0,95.0,518.78,22.78,21.71,500.0,900.0
2025,Apr,Navarai/Kodai,THIRUVALLUR,fodder cholam,forage crops,Well drained sandy loam and clayey loam soils ,5.5,7.5,1095.0,1095.0,157.41,35.72,28.9,300.0,350.0
2021,Nov,Samba/Thaladi,SALEM,Bread fruit,minor vegetables,Sandy loam,6.1,7.4,100.0,100.0,692.86,37.69,16.85,2030.0,2540.0
2023,Aug,Kuruvai/Sornavari,HILLY REGIONS OF SHEVROY,radish,Root&tuber,Well grained deep loamy moist and alluviual soil,5.5,6.8,21.0,21.0,604.36,20.72,14.53,1000.0,1000.0
2021,Aug,Kuruvai/Sornavari,THIRUVALLUR,bhendi,vegetables,Loamy soil/ Lateritic soil,6.0,6.8,55.0,65.0,550.55,25.1,27.25,1200.0,2200.0
2021,Mar,Navarai/Kodai,VILLUPURAM,radish,Root&tuber,Well grained deep loamy moist and alluviual soil,5.5,6.8,21.0,21.0,567.72,23.13,13.1,1000.0,1000.0
2025,Feb,Navarai/Kodai,COIMBATORE,cotton,fibre crop," black soils, (ii) red soils and (iii) alluvial soils.",7.0,8.0,135.0,140.0,373.01,26.33,22.22,700.0,1300.0
2023,Apr,Navarai/Kodai,PERAMBALUR,Brussels sprout,minor vegetables,Sandy loam,6.5,6.8,12.0,12.0,564.23,26.93,13.16,900.0,1200.0
2024,Dec,Samba/Thaladi,CUDDALORE,watermelon,vegetables,Sandy,6.0,7.5,70.0,85.0,250.5,25.06,28.33,900.0,1200.0
2023,Mar,Navarai/Kodai,TANJORE,Brussels sprout,minor vegetables,Sandy loam,6.5,6.8,12.0,12.0,593.4,25.04,18.25,900.0,1200.0
2021,Dec,Samba/Thaladi,PERAMBALUR,chillies,vegetables,Loamy soil/ Lateritic soil,6.0,6.8,120.0,120.0,314.66,26.46,24.23,500.0,500.0
2024,Jan,Navarai/Kodai,DINDIGUL,cucumber,vegetables,Loamy,6.5,7.5,120.0,120.0,460.88,35.54,27.14,1200.0,1500.0
2023,Feb,Navarai/Kodai,KANCHEEPURAM,varagu,millets,clay-based soil,5.5,6.5,120.0,120.0,436.66,28.99,29.86,500.0,900.0
2023,Jan,Navarai/Kodai,KARUR,gardenlablab,pulses,wide range of soils,6.0,7.0,75.0,100.0,562.18,32.93,16.13,650.0,1000.0
2025,Jan,Navarai/Kodai,VILLUPURAM,cucumber,vegetables,Loamy,6.5,7.5,120.0,120.0,541.41,33.29,24.87,1200.0,1500.0
2022,Mar,Navarai/Kodai,DHARMAPURI,niger,oil seeds,"Loams, silt loams, clay loams, or silty clay loams",5.2,7.3,80.0,80.0,648.62,25.0,15.04,1000.0,1300.0
2024,Mar,Navarai/Kodai,VELLORE,Turnip,minor vegetables,Loamy soil,5.5,6.8,42.0,56.0,564.43,23.64,12.92,900.0,1200.0
2024,Jul,Kuruvai/Sornavari,DHARMAPURI,sunflower,oil seeds,"Loams, silt loams, clay loams, or silty clay loams",6.5,8.0,85.0,95.0,272.22,25.27,24.55,350.0,500.0
2024,Oct,Samba/Thaladi,COIMBATORE,cluster bean,vegetables,Sandy Loam,7.0,8.5,60.0,90.0,449.45,25.45,25.82,900.0,1200.0
2025,Jan,Navarai/Kodai,CAUVERY,cauliflower,colecrops,LoamySandy,6.5,6.8,55.0,100.0,327.45,31.65,10.0,380.0,500.0
2025,Jan,Navarai/Kodai,KRISHNAGIRI,panivaragu,millets,sandy loam to clays of black cotton soils,5.5,7.0,70.0,75.0,190.74,42.9,10.45,330.0,350.0
2021,Dec,Samba/Thaladi,DINDIGUL,Palak,minor vegetables,Sandy loam,6.5,7.0,37.0,45.0,784.18,28.57,13.2,900.0,1200.0
2023,Feb,Navarai/Kodai,KANCHEEPURAM,ragi,millets,"red, black, sandy, loamy and shallow black soils.",5.0,8.2,100.0,120.0,600.31,25.88,10.49,700.0,1200.0
2024,Oct,Samba/Thaladi,DINDIGUL,blackgram,pulses,sandy soils to heavy cotton soils,6.5,7.8,70.0,75.0,574.79,42.37,20.92,600.0,1000.0
2023,Mar,Navarai/Kodai,THIRUCHIRAPALLI,gingely,oil seeds,"Loams, silt loams, clay loams, or silty clay loams",5.5,8.0,85.0,90.0,116.43,36.64,23.64,350.0,400.0
2024,Jul,Kuruvai/Sornavari,THENI,vegetable cowpea,vegetables,Sandy loam,5.6,6.0,45.0,90.0,745.39,30.81,22.45,900.0,1200.0
2021,Feb,Navarai/Kodai,NAGAPATTINAM,bitter gourd,vegetables,Well drained loamy soil,6.5,7.0,55.0,60.0,608.73,29.7,27.69,900.0,1200.0
2023,Aug,Kuruvai/Sornavari,HILLY REGIONS OF SHEVROY,niger,oil seeds,"Loams, silt loams, clay loams, or silty clay loams",5.2,7.3,80.0,80.0,539.23,25.0,13.99,1000.0,1300.0
2023,Nov,Samba/Thaladi,KANCHEEPURAM,fodder cholam,forage crops,Well drained sandy loam and clayey loam soils ,5.5,7.5,1095.0,1095.0,181.75,31.32,29.31,300.0,350.0
2024,Sep,Kuruvai/Sornavari,MADURAI,Cabbage,colecrops,LoamySandy,6.0,6.5,80.0,180.0,307.1,28.87,11.15,380.0,500.0
2024,Aug,Kuruvai/Sornavari,THIRUCHIRAPALLI,celery,greenleafy,Silt Loam to loamy,6.0,8.5,120.0,150.0,301.33,31.06,15.76,1000.0,1000.0
2021,Dec,Samba/Thaladi,TIRUVARUR,radish,Root&tuber,Well grained deep loamy moist and alluviual soil,5.5,6.8,21.0,21.0,460.78,20.5,12.6,1000.0,1000.0
2024,Nov,Samba/Thaladi,THIRUPPUR,pumpkin,vegetables,Loamy soil/ Lateritic soil,6.0,7.0,115.0,120.0,738.09,25.28,19.79,900.0,1200.0
2022,Sep,Kuruvai/Sornavari,VIRUDHUNAGAR,broadbean,vegetables,Well drained loamy soil,5.5,6.0,80.0,100.0,418.71,24.05,13.59,900.0,1200.0
2024,Aug,Kuruvai/Sornavari,KOLLI HILLS,soyabean,pulses,"Well-drained, Loamy Soil",6.0,7.0,90.0,100.0,435.49,30.08,15.22,450.0,700.0
2021,Mar,Navarai/Kodai,THIRUVALLUR,Turnip,minor vegetables,Loamy soil,5.5,6.8,42.0,56.0,579.93,24.58,13.67,900.0,1200.0
2021,Dec,Samba/Thaladi,THIRUVANNAMALAI,panivaragu,millets,sandy loam to clays of black cotton soils,5.5,7.0,70.0,75.0,175.59,42.15,11.24,330.0,350.0
2021,Sep,Kuruvai/Sornavari,SIVAGANGAI,sunflower,oil seeds,"Loams, silt loams, clay loams, or silty clay loams",6.5,8.0,85.0,95.0,169.72,25.98,21.7,350.0,500.0
2021,Aug,Kuruvai/Sornavari,DINDIGUL,guinea grass,forage crops,Well drained sandy loam and clayey loam soils ,5.0,7.0,45.0,55.0,273.12,34.43,15.34,1000.0,480.0
2023,Jun,Kuruvai/Sornavari,THIRUVANNAMALAI,cluster bean,vegetables,Sandy Loam,7.0,8.5,60.0,90.0,311.85,26.93,23.01,900.0,1200.0
2024,Feb,Navarai/Kodai,RAMANATHANPURAM,curry leaf,greenleafy,Red sandy loam,5.2,5.5,90.0,85.0,566.5,34.47,26.02,1000.0,1000.0
2022,Jul,Kuruvai/Sornavari,THALAVADI HILLS,Lettuce,minor vegetables,Sandy loam,6.0,6.5,45.0,55.0,282.03,24.46,22.95,900.0,1200.0
2025,May,Navarai/Kodai,SIVAGANGAI,castor,oil seeds,"Loams, silt loams, clay loams, or silty clay loams",5.0,8.5,120.0,160.0,263.95,25.35,24.12,500.0,500.0
2025,Jun,Kuruvai/Sornavari,DINDIGUL,horsegram,pulses, light to heavy soils ,6.0,7.5,100.0,105.0,234.28,36.77,29.06,800.0,800.0
2024,Apr,Navarai/Kodai,ERODE,safflower,oil seeds,"Loams, silt loams, clay loams, or silty clay loams",5.4,8.2,120.0,125.0,204.02,36.17,26.71,550.0,725.0
2022,Nov,Samba/Thaladi,TANJORE,tobacco,other crops,Well drained sandy loam and clayey loam soils ,7.5,8.5,90.0,100.0,255.46,28.14,29.97,800.0,1000.0
2024,Nov,Samba/Thaladi,THIRUVANNAMALAI,brinjal,vegetables,Loamy soil/ Lateritic soil,6.0,7.5,100.0,150.0,595.95,25.27,21.07,900.0,1200.0
2024,Oct,Samba/Thaladi,DINDIGUL,cucumber,vegetables,Loamy,6.5,7.5,120.0,120.0,338.47,31.62,29.22,1200.0,1500.0
2022,Oct,Samba/Thaladi,CAUVERY,sugarbeet,sugar crops,Well drained sandy loam and clayey loam soils ,6.0,8.0,150.0,180.0,354.71,26.81,13.86,600.0,800.0
2023,Jul,Kuruvai/Sornavari,JAWAD HILLS,soundal,forage crops,Well drained sandy loam and clayey loam soils ,5.5,7.5,40.0,80.0,128.61,31.39,24.55,500.0,480.0
2025,Nov,Samba/Thaladi,MADURAI,vegetable cowpea,vegetables,Sandy loam,5.6,6.0,45.0,90.0,554.04,26.18,24.18,900.0,1200.0
2025,Jan,Navarai/Kodai,ERODE,gherkins,vegetables,Sandy loam,5.8,7.0,90.0,90.0,307.56,31.27,13.84,900.0,1200.0
2022,Jun,Kuruvai/Sornavari,TIRUVARUR,Palak,minor vegetables,Sandy loam,6.5,7.0,37.0,45.0,609.45,29.25,14.84,900.0,1200.0
2025,Oct,Samba/Thaladi,MADURAI,Bread fruit,minor vegetables,Sandy loam,6.1,7.4,100.0,100.0,618.73,36.27,20.05,2030.0,2540.0
2023,May,Navarai/Kodai,SALEM,Chekurmanis,minor vegetables,Sandy loam,5.5,7.5,90.0,120.0,424.48,35.72,28.63,900.0,1200.0
2021,Mar,Navarai/Kodai,THIRUVANNAMALAI,maize,millets,temperate podzols to the leached red soils of the tropics. ,5.5,7.0,105.0,110.0,412.91,26.93,18.65,500.0,800.0
2021,Feb,Navarai/Kodai,PUDUKKOTTAI,Rhubarb,minor vegetables,Sandy loam,6.0,6.8,56.0,70.0,723.53,25.52,10.0,900.0,1200.0
2021,Oct,Samba/Thaladi,ARIYALUR,Lettuce,minor vegetables,Sandy loam,6.0,6.5,45.0,55.0,625.45,24.8,17.41,900.0,1200.0
2024,Jan,Navarai/Kodai,SIVAGANGAI,soyabean,pulses,"Well-drained, Loamy Soil",6.0,7.0,90.0,100.0,463.67,33.16,19.35,450.0,700.0
2024,Jun,Kuruvai/Sornavari,THENI,cauliflower,colecrops,LoamySandy,6.5,6.8,55.0,100.0,195.57,31.67,10.0,380.0,500.0
2023,Nov,Samba/Thaladi,COIMBATORE,bengalgram,pulses,medium to heavy black soil,5.5,7.0,90.0,120.0,636.53,28.08,23.11,650.0,1000.0
2024,Apr,Navarai/Kodai,VIRUDHUNAGAR,cluster bean,vegetables,Sandy Loam,7.0,8.5,60.0,90.0,520.67,26.74,22.3,900.0,1200.0
2025,May,Navarai/Kodai,THIRUNELVELI,Coccinia,minor vegetables,Sandy loam,6.0,6.5,90.0,90.0,663.99,29.76,18.83,900.0,1200.0
2022,Aug,Kuruvai/Sornavari,ERODE,samai,millets,Loamy Soil,8.5,9.0,80.0,100.0,407.0,39.37,24.53,480.0,750.0
2021,Feb,Navarai/Kodai,DINDIGUL,Winged Bean,minor vegetables,Sandy loam,7.0,12.0,42.0,42.0,683.73,26.98,24.93,900.0,1200.0
2022,Mar,Navarai/Kodai,THIRUVALLUR,Rhubarb,minor vegetables,Sandy loam,6.0,6.8,56.0,70.0,534.14,25.52,10.0,900.0,1200.0
2021,Mar,Navarai/Kodai,DHARMAPURI,muyal masal,forage crops,Well drained sandy loam and clayey loam soils ,5.5,7.5,75.0,65.0,144.21,35.61,29.6,500.0,480.0
2022,May,Navarai/Kodai,MADURAI,soundal,forage crops,Well drained sandy loam and clayey loam soils ,5.5,7.5,40.0,80.0,151.12,33.83,19.01,500.0,480.0
2021,Jun,Kuruvai/Sornavari,THIRUNELVELI,onion,vegetables, Any Loamy,5.8,6.5,100.0,120.0,257.02,25.95,22.7,350.0,550.0
2022,Jun,Kuruvai/Sornavari,VELLORE,celery,greenleafy,Silt Loam to loamy,6.0,8.5,120.0,150.0,529.0,29.28,14.66,1000.0,1000.0
2025,Jan,Navarai/Kodai,CHENGLEPUT,Bread fruit,minor vegetables,Sandy loam,6.1,7.4,100.0,100.0,830.35,35.4,14.16,2030.0,2540.0
2022,Jun,Kuruvai/Sornavari,KARUR,bengalgram,pulses,medium to heavy black soil,5.5,7.0,90.0,120.0,206.64,30.25,21.02,650.0,1000.0
2025,Aug,Kuruvai/Sornavari,RAMANATHANPURAM,small onion,bulbvegetables,Sandy loam,6.0,7.0,70.0,90.0,341.32,25.42,16.4,650.0,750.0
2025,Jan,Navarai/Kodai,THIRUVANNAMALAI,castor,oil seeds,"Loams, silt loams, clay loams, or silty clay loams",5.0,8.5,120.0,160.0,315.56,25.1,20.89,500.0,500.0
2021,Feb,Navarai/Kodai,SIVAGANGAI,cauliflower,colecrops,LoamySandy,6.5,6.8,55.0,100.0,263.03,30.19,10.0,380.0,500.0
2022,Mar,Navarai/Kodai,SALEM,tomato,vegetables,Sandy loam,6.5,7.5,90.0,140.0,523.97,26.89,19.53,600.0,800.0
2022,Jan,Navarai/Kodai,MADURAI,horsegram,pulses, light to heavy soils ,6.0,7.5,100.0,105.0,302.82,38.39,26.6,800.0,800.0
2023,May,Navarai/Kodai,VIRUDHUNAGAR,chillies,vegetables,Loamy soil/ Lateritic soil,6.0,6.8,120.0,120.0,138.84,30.74,26.78,500.0,500.0
2024,Apr,Navarai/Kodai,CHENGLEPUT,Pearl millet,millets,"clay, clay loam, or sandy loam soils",5.5,7.5,75.0,85.0,265.67,43.48,12.38,350.0,500.0
2025,Mar,Navarai/Kodai,DHARMAPURI,cotton,fibre crop," black soils, (ii) red soils and (iii) alluvial soils.",7.0,8.0,135.0,140.0,745.29,29.52,23.56,700.0,1300.0
2023,Oct,Samba/Thaladi,THALAVADI HILLS,safflower,oil seeds,"Loams, silt loams, clay loams, or silty clay loams",5.4,8.2,120.0,125.0,181.7,35.27,23.5,550.0,725.0
2024,Nov,Samba/Thaladi,VILLUPURAM,curry leaf,greenleafy,Red sandy loam,5.2,5.5,90.0,85.0,343.2,37.4,25.3,1000.0,1000.0
2024,Jul,Kuruvai/Sornavari,VILLUPURAM,cotton,fibre crop," black soils, (ii) red soils and (iii) alluvial soils.",7.0,8.0,135.0,140.0,411.68,30.1,21.22,700.0,1300.0
2023,Dec,Samba/Thaladi,VILLUPURAM,Butter bean,minor vegetables,Sandy loam,6.0,7.0,80.0,100.0,693.45,27.59,18.85,900.0,1200.0
2021,May,Navarai/Kodai,CHENGLEPUT,snake gourd,vegetables,Loamy soil/ Lateritic soil,6.0,6.7,90.0,90.0,410.75,28.91,22.04,900.0,1200.0
2024,Feb,Navarai/Kodai,KRISHNAGIRI,Basella,minor vegetables,Sandy loam,5.5,8.0,70.0,70.0,770.51,27.44,18.44,900.0,1200.0
2022,Jul,Kuruvai/Sornavari,JAWAD HILLS,chinese potato,Root&tuber,well-drained soil,4.8,5.8,120.0,150.0,391.79,23.69,13.92,1000.0,1000.0
2021,Feb,Navarai/Kodai,THIRUVANNAMALAI,muskmelon,vegetables,Sandy Loam,6.5,7.5,70.0,100.0,260.57,36.75,28.14,900.0,1200.0
2024,Aug,Kuruvai/Sornavari,ARIYALUR,Chakravathi keerai,minor vegetables,Sandy loam,4.5,8.3,100.0,100.0,231.97,25.71,16.14,900.0,1200.0
2021,Sep,Kuruvai/Sornavari,THIRUVALLUR,guinea grass,forage crops,Well drained sandy loam and clayey loam soils ,5.0,7.0,45.0,55.0,273.45,39.11,15.76,1000.0,480.0
2023,Apr,Navarai/Kodai,THIRUVALLUR,tapoica,Root&tuber,Red lateritic loam,5.5,7.0,270.0,300.0,251.82,25.92,24.19,1000.0,1000.0
2024,Feb,Navarai/Kodai,KRISHNAGIRI,Rhubarb,minor vegetables,Sandy loam,6.0,6.8,56.0,70.0,490.74,25.63,10.0,900.0,1200.0
2023,Oct,Samba/Thaladi,VIRUDHUNAGAR,Chekurmanis,minor vegetables,Sandy loam,5.5,7.5,90.0,120.0,471.44,36.9,24.45,900.0,1200.0
2023,Aug,Kuruvai/Sornavari,COIMBATORE,Coccinia,minor vegetables,Sandy loam,6.0,6.5,90.0,90.0,348.35,27.75,21.03,900.0,1200.0
2021,Jan,Navarai/Kodai,MADURAI,Basella,minor vegetables,Sandy loam,5.5,8.0,70.0,70.0,379.45,33.31,13.49,900.0,1200.0
2025,Jun,Kuruvai/Sornavari,THE NILGRIS,fodder cholam,forage crops,Well drained sandy loam and clayey loam soils ,5.5,7.5,1095.0,1095.0,177.09,30.53,23.94,300.0,350.0
2024,Feb,Navarai/Kodai,VILLUPURAM,varagu,millets,clay-based soil,5.5,6.5,120.0,120.0,257.66,25.91,28.86,500.0,900.0
2024,Apr,Navarai/Kodai,THOOTHUKUDI,chowchow,vegetables,Loamy soil/ Lateritic soil,5.5,6.5,150.0,150.0,460.59,24.36,20.12,1200.0,1500.0
2022,Oct,Samba/Thaladi,MADURAI,Turnip,minor vegetables,Loamy soil,5.5,6.8,42.0,56.0,663.74,19.23,11.81,900.0,1200.0
2024,Jun,Kuruvai/Sornavari,COIMBATORE,gingely,oil seeds,"Loams, silt loams, clay loams, or silty clay loams",5.5,8.0,85.0,90.0,169.54,32.6,23.65,350.0,400.0
2025,May,Navarai/Kodai,PERAMBALUR,jute,fibre crop,Sandy and Clay Loam,6.0,7.5,120.0,140.0,667.16,37.26,24.82,1000.0,1300.0
2025,Oct,Samba/Thaladi,CHENGLEPUT,dioscorea,Root&tuber,well-drained soil,6.0,6.5,270.0,300.0,915.53,35.18,30.0,1000.0,2000.0
2024,Apr,Navarai/Kodai,SIVAGANGAI,gingely,oil seeds,"Loams, silt loams, clay loams, or silty clay loams",5.5,8.0,85.0,90.0,242.2,36.77,27.0,350.0,400.0
2021,Dec,Samba/Thaladi,THIRUPPUR,Asparagus,minor vegetables,Sandy loam,6.0,6.7,730.0,730.0,542.81,26.93,13.12,900.0,1200.0
2024,Jul,Kuruvai/Sornavari,KARUR,cumbu napier hybrid,forage crops,Well drained sandy loam and clayey loam soils ,5.0,8.6,45.0,55.0,655.5,25.89,22.1,800.0,1000.0
2021,Sep,Kuruvai/Sornavari,KANCHEEPURAM,celery,greenleafy,Silt Loam to loamy,6.0,8.5,120.0,150.0,484.86,31.68,16.17,1000.0,1000.0
2023,Mar,Navarai/Kodai,KRISHNAGIRI,french bean,vegetables,Well drained loamy soil,5.5,6.0,40.0,50.0,657.95,26.23,13.46,900.0,1200.0
2022,Oct,Samba/Thaladi,KARUR,ragi,millets,"red, black, sandy, loamy and shallow black soils.",5.0,8.2,100.0,120.0,377.26,25.1,10.13,700.0,1200.0
2022,Aug,Kuruvai/Sornavari,NAMAKAL,annual moringa,vegetables,Sandy loam,6.5,8.0,210.0,240.0,567.31,36.62,24.97,900.0,1200.0
2023,Oct,Samba/Thaladi,KARUR,castor,oil seeds,"Loams, silt loams, clay loams, or silty clay loams",5.0,8.5,120.0,160.0,136.55,27.42,22.37,500.0,500.0
2021,Aug,Kuruvai/Sornavari,SIVAGANGAI,radish,Root&tuber,Well grained deep loamy moist and alluviual soil,5.5,6.8,21.0,21.0,628.78,20.47,13.95,1000.0,1000.0
2025,Jun,Kuruvai/Sornavari,DHARMAPURI,soyabean,pulses,"Well-drained, Loamy Soil",6.0,7.0,90.0,100.0,143.59,31.31,13.57,450.0,700.0
2023,May,Navarai/Kodai,CAUVERY,sugarbeet,sugar crops,Well drained sandy loam and clayey loam soils ,6.0,8.0,150.0,180.0,251.51,25.27,18.42,600.0,800.0
2025,Nov,Samba/Thaladi,VELLORE,chinese potato,Root&tuber,well-drained soil,4.8,5.8,120.0,150.0,258.75,24.42,16.2,1000.0,1000.0
2022,Feb,Navarai/Kodai,DHARMAPURI,muyal masal,forage crops,Well drained sandy loam and clayey loam soils ,5.5,7.5,75.0,65.0,230.59,33.23,27.72,500.0,480.0
2025,Nov,Samba/Thaladi,HILLY REGIONS OF SHEVROY,Knol-khol,minor vegetables,Sandy loam,5.5,7.0,50.0,65.0,781.9,28.78,19.24,900.0,1200.0
2022,Dec,Samba/Thaladi,TANJORE,ash gourd,vegetables,Sandy loam,6.0,6.7,120.0,120.0,381.31,32.61,22.7,900.0,1200.0
2024,Oct,Samba/Thaladi,CUDDALORE,vegetable cowpea,vegetables,Sandy loam,5.6,6.0,45.0,90.0,248.73,29.52,24.63,900.0,1200.0
2021,Feb,Navarai/Kodai,NAMAKAL,lablab,vegetables,Well drained loamy soil,6.5,8.5,70.0,75.0,487.78,31.58,24.48,900.0,1200.0
2021,Aug,Kuruvai/Sornavari,THENI,onion,vegetables, Any Loamy,5.8,6.5,100.0,120.0,357.93,26.3,21.16,350.0,550.0
2023,Feb,Navarai/Kodai,VIRUDHUNAGAR,gardenlablab,pulses,wide range of soils,6.0,7.0,75.0,100.0,609.0,34.71,18.86,650.0,1000.0
2021,Jun,Kuruvai/Sornavari,PERAMBALUR,Pearl millet,millets,"clay, clay loam, or sandy loam soils",5.5,7.5,75.0,85.0,245.55,40.61,16.14,350.0,500.0
2021,Jan,Navarai/Kodai,VELLORE,samai,millets,Loamy Soil,8.5,9.0,80.0,100.0,156.37,41.04,25.3,480.0,750.0
2021,May,Navarai/Kodai,TIRUVARUR,radish,Root&tuber,Well grained deep loamy moist and alluviual soil,5.5,6.8,21.0,21.0,540.31,22.47,11.89,1000.0,1000.0
2022,Feb,Navarai/Kodai,NAGAPATTINAM,varagu,millets,clay-based soil,5.5,6.5,120.0,120.0,504.21,26.13,25.74,500.0,900.0
2022,Feb,Navarai/Kodai,VELLORE,panivaragu,millets,sandy loam to clays of black cotton soils,5.5,7.0,70.0,75.0,154.09,43.68,13.32,330.0,350.0
2021,Dec,Samba/Thaladi,THIRUPPUR,bottle gourd,vegetables,Sandy loam,6.0,6.7,120.0,120.0,559.37,27.9,16.42,900.0,1200.0
2024,Feb,Navarai/Kodai,VILLUPURAM,groundnut,oil seeds,Well-drained sandy loam or sandy clay loam soil ,6.5,7.0,140.0,150.0,276.99,43.03,15.77,500.0,700.0
2021,Dec,Samba/Thaladi,KRISHNAGIRI,niger,oil seeds,"Loams, silt loams, clay loams, or silty clay loams",5.2,7.3,80.0,80.0,536.12,25.0,12.81,1000.0,1300.0
2022,Feb,Navarai/Kodai,DINDIGUL,Turnip,minor vegetables,Loamy soil,5.5,6.8,42.0,56.0,743.46,19.12,10.92,900.0,1200.0
2025,Sep,Kuruvai/Sornavari,THIRUPPUR,ribbed gourd,vegetables,Sandy Loam,6.5,7.5,125.0,125.0,340.83,34.66,29.7,900.0,1200.0
2025,Oct,Samba/Thaladi,JAWAD HILLS,french bean,vegetables,Well drained loamy soil,5.5,6.0,40.0,50.0,252.91,26.66,11.5,900.0,1200.0
2024,Aug,Kuruvai/Sornavari,THE NILGRIS,tomato,vegetables,Sandy loam,6.5,7.5,90.0,140.0,482.65,27.02,22.41,600.0,800.0
2025,Feb,Navarai/Kodai,DINDIGUL,velimasal,forage crops,Well drained sandy loam and clayey loam soils ,5.8,7.0,45.0,55.0,132.62,32.44,27.97,300.0,350.0
2024,Nov,Samba/Thaladi,ERODE,sugarcane,sugar crops,Clayey Loamy Soil/ Black Cotton Soil/ Red Loamy Soil/ Brown Loamy Soil,6.5,8.0,300.0,330.0,1498.78,26.31,19.79,1500.0,2500.0
2021,Nov,Samba/Thaladi,CAUVERY,Phaseolus lunatus,minor vegetables,Sandy loam,6.0,6.8,90.0,90.0,462.73,28.97,15.28,900.0,2000.0
2021,May,Navarai/Kodai,THIRUNELVELI,redgram,pulses,deep loam soils,6.5,7.0,120.0,150.0,461.68,29.43,21.64,600.0,1400.0
2021,Feb,Navarai/Kodai,THOOTHUKUDI,sorghum,millets,well-drained loamy soils,6.0,7.5,95.0,105.0,280.78,41.28,13.56,450.0,650.0
2022,Nov,Samba/Thaladi,ERODE,tomato,vegetables,Sandy loam,6.5,7.5,90.0,140.0,243.25,29.92,19.17,600.0,800.0
2021,Dec,Samba/Thaladi,KANCHEEPURAM,Phaseolus lunatus,minor vegetables,Sandy loam,6.0,6.8,90.0,90.0,1106.01,28.9,20.92,900.0,2000.0
2023,Apr,Navarai/Kodai,THIRUNELVELI,cumbu napier hybrid,forage crops,Well drained sandy loam and clayey loam soils ,5.0,8.6,45.0,55.0,562.7,26.75,23.96,800.0,1000.0
2023,Oct,Samba/Thaladi,ARIYALUR,chinese potato,Root&tuber,well-drained soil,4.8,5.8,120.0,150.0,484.91,23.95,19.96,1000.0,1000.0
2024,Mar,Navarai/Kodai,DHARMAPURI,dioscorea,Root&tuber,well-drained soil,6.0,6.5,270.0,300.0,516.38,34.25,30.0,1000.0,2000.0
2022,Apr,Navarai/Kodai,PUDUKKOTTAI,bhendi,vegetables,Loamy soil/ Lateritic soil,6.0,6.8,55.0,65.0,1301.88,25.32,28.12,1200.0,2200.0
2021,Aug,Kuruvai/Sornavari,CAUVERY,horsegram,pulses, light to heavy soils ,6.0,7.5,100.0,105.0,505.47,41.2,29.54,800.0,800.0
2024,Apr,Navarai/Kodai,THIRUVALLUR,guinea grass,forage crops,Well drained sandy loam and clayey loam soils ,5.0,7.0,45.0,55.0,319.01,38.56,17.32,1000.0,480.0
2024,Sep,Kuruvai/Sornavari,THIRUVALLUR,greengram,pulses,well-drained sandy loams or sandy soils ,6.5,7.5,100.0,100.0,482.19,31.79,25.07,850.0,1000.0
2025,Mar,Navarai/Kodai,ERODE,thinai,millets,"alluvial,loamy ",5.5,7.0,85.0,90.0,146.18,25.08,19.98,500.0,900.0
2022,Jul,Kuruvai/Sornavari,THIRUVALLUR,cauliflower,colecrops,LoamySandy,6.5,6.8,55.0,100.0,113.36,28.5,10.0,380.0,500.0
2023,Dec,Samba/Thaladi,NAMAKAL,greengram,pulses,well-drained sandy loams or sandy soils ,6.5,7.5,100.0,100.0,468.68,35.51,24.76,850.0,1000.0
2022,Sep,Kuruvai/Sornavari,NAMAKAL,chowchow,vegetables,Loamy soil/ Lateritic soil,5.5,6.5,150.0,150.0,518.38,24.01,18.38,1200.0,1500.0
2025,Mar,Navarai/Kodai,ARIYALUR,blackgram,pulses,sandy soils to heavy cotton soils,6.5,7.8,70.0,75.0,340.02,43.23,20.01,600.0,1000.0
2022,Jul,Kuruvai/Sornavari,KRISHNAGIRI,Chakravathi keerai,minor vegetables,Sandy loam,4.5,8.3,100.0,100.0,378.8,25.71,19.4,900.0,1200.0
2022,Apr,Navarai/Kodai,PERAMBALUR,Basella,minor vegetables,Sandy loam,5.5,8.0,70.0,70.0,349.49,32.29,17.98,900.0,1200.0
2023,Jul,Kuruvai/Sornavari,CHENGLEPUT,ash gourd,vegetables,Sandy loam,6.0,6.7,120.0,120.0,698.92,28.46,25.0,900.0,1200.0
2022,Sep,Kuruvai/Sornavari,THIRUNELVELI,Bread fruit,minor vegetables,Sandy loam,6.1,7.4,100.0,100.0,776.5,39.33,18.48,2030.0,2540.0
2025,Feb,Navarai/Kodai,TANJORE,ash gourd,vegetables,Sandy loam,6.0,6.7,120.0,120.0,447.81,31.53,24.02,900.0,1200.0
2025,Aug,Kuruvai/Sornavari,JAWAD HILLS,cucumber,vegetables,Loamy,6.5,7.5,120.0,120.0,503.7,30.76,29.55,1200.0,1500.0
2022,Sep,Kuruvai/Sornavari,KANYAKUMARI,castor,oil seeds,"Loams, silt loams, clay loams, or silty clay loams",5.0,8.5,120.0,160.0,258.97,26.82,20.59,500.0,500.0
2021,Jan,Navarai/Kodai,HILLY REGIONS OF SHEVROY,amaranthus,greenleafy,Silt Loam to loamy,6.5,7.5,70.0,75.0,562.95,28.54,23.98,1000.0,1000.0
2025,Oct,Samba/Thaladi,DHARMAPURI,kudirai masi,forage crops,Well drained sandy loam and clayey loam soils ,6.5,7.5,45.0,55.0,186.3,32.11,29.78,300.0,350.0
2023,Jul,Kuruvai/Sornavari,CUDDALORE,tapoica,Root&tuber,Red lateritic loam,5.5,7.0,270.0,300.0,552.37,28.73,28.32,1000.0,1000.0
2022,Jan,Navarai/Kodai,KANYAKUMARI,Chinese cabbage,minor vegetables,Sandy loam,5.5,7.0,50.0,80.0,483.2,24.02,14.33,900.0,1200.0
2024,Mar,Navarai/Kodai,CUDDALORE,Cabbage,colecrops,LoamySandy,6.0,6.5,80.0,180.0,156.05,26.28,10.71,380.0,500.0
2023,May,Navarai/Kodai,PERAMBALUR,bhendi,vegetables,Loamy soil/ Lateritic soil,6.0,6.8,55.0,65.0,1406.77,26.26,22.37,1200.0,2200.0
2022,Aug,Kuruvai/Sornavari,NAGAPATTINAM,cumbu napier hybrid,forage crops,Well drained sandy loam and clayey loam soils ,5.0,8.6,45.0,55.0,369.74,26.85,21.98,800.0,1000.0
2023,Dec,Samba/Thaladi,NAMAKAL,paprika,vegetables,Sandy loam,5.8,6.5,160.0,180.0,579.22,33.82,23.35,700.0,1000.0
2022,Sep,Kuruvai/Sornavari,THIRUVALLUR,Chekurmanis,minor vegetables,Sandy loam,5.5,7.5,90.0,120.0,627.03,35.72,24.33,900.0,1200.0
2024,Sep,Kuruvai/Sornavari,VILLUPURAM,fodder cholam,forage crops,Well drained sandy loam and clayey loam soils ,5.5,7.5,1095.0,1095.0,127.68,33.59,26.47,300.0,350.0
2024,Sep,Kuruvai/Sornavari,THALAVADI HILLS,swordbean,pulses, well-drained sandy loams or sandy soils ,5.0,6.0,110.0,120.0,281.58,33.15,11.7,900.0,1500.0
2023,Sep,Kuruvai/Sornavari,MADURAI,cluster bean,vegetables,Sandy Loam,7.0,8.5,60.0,90.0,290.2,26.61,21.99,900.0,1200.0
2022,Apr,Navarai/Kodai,PUDUKKOTTAI,rice,cereals,Alluvia or loamy and clayey soil,5.0,8.0,150.0,150.0,1047.39,40.09,20.29,900.0,2500.0
2025,Sep,Kuruvai/Sornavari,THIRUNELVELI,Chakravathi keerai,minor vegetables,Sandy loam,4.5,8.3,100.0,100.0,495.9,25.79,15.17,900.0,1200.0
2021,Oct,Samba/Thaladi,RAMANATHANPURAM,bengalgram,pulses,medium to heavy black soil,5.5,7.0,90.0,120.0,478.27,30.41,18.86,650.0,1000.0
2021,Mar,Navarai/Kodai,CAUVERY,sugarbeet,sugar crops,Well drained sandy loam and clayey loam soils ,6.0,8.0,150.0,180.0,380.37,26.56,13.92,600.0,800.0
2023,May,Navarai/Kodai,SIVAGANGAI,Celery,minor vegetables,Sandy loam,5.8,6.8,120.0,150.0,491.95,24.01,14.57,900.0,1200.0
2022,Feb,Navarai/Kodai,RAMANATHANPURAM,soyabean,pulses,"Well-drained, Loamy Soil",6.0,7.0,90.0,100.0,121.64,30.32,13.05,450.0,700.0
2023,Jan,Navarai/Kodai,DHARMAPURI,radish,Root&tuber,Well grained deep loamy moist and alluviual soil,5.5,6.8,21.0,21.0,627.44,21.59,13.43,1000.0,1000.0
2022,Sep,Kuruvai/Sornavari,CHENGLEPUT,paprika,vegetables,Sandy loam,5.8,6.5,160.0,180.0,246.03,27.15,24.36,700.0,1000.0
2021,Jul,Kuruvai/Sornavari,THE NILGRIS,castor,oil seeds,"Loams, silt loams, clay loams, or silty clay loams",5.0,8.5,120.0,160.0,279.59,27.94,24.55,500.0,500.0
2024,Mar,Navarai/Kodai,SALEM,capsicum,vegetables,Loamy soil/ Lateritic soil,5.5,7.0,60.0,60.0,722.04,32.0,15.16,500.0,1200.0
2022,Oct,Samba/Thaladi,TANJORE,Knol-khol,minor vegetables,Sandy loam,5.5,7.0,50.0,65.0,633.89,28.43,16.53,900.0,1200.0
2025,Feb,Navarai/Kodai,ARIYALUR,watermelon,vegetables,Sandy,6.0,7.5,70.0,85.0,386.56,28.63,23.85,900.0,1200.0
2022,Jan,Navarai/Kodai,THOOTHUKUDI,Phaseolus lunatus,minor vegetables,Sandy loam,6.0,6.8,90.0,90.0,953.76,27.64,15.81,900.0,2000.0
2023,Aug,Kuruvai/Sornavari,RAMANATHANPURAM,cowpea,pulses, well-drained sandy loams or sandy soils ,5.0,6.5,60.0,90.0,335.27,25.64,21.87,400.0,700.0
2024,Jul,Kuruvai/Sornavari,HILLY REGIONS OF SHEVROY,Coccinia,minor vegetables,Sandy loam,6.0,6.5,90.0,90.0,384.63,30.94,19.04,900.0,1200.0
2025,Jul,Kuruvai/Sornavari,THIRUCHIRAPALLI,horsegram,pulses, light to heavy soils ,6.0,7.5,100.0,105.0,521.27,37.01,23.65,800.0,800.0
2022,Nov,Samba/Thaladi,THIRUVANNAMALAI,horsegram,pulses, light to heavy soils ,6.0,7.5,100.0,105.0,420.57,35.7,23.12,800.0,800.0
2022,Mar,Navarai/Kodai,SALEM,Basella,minor vegetables,Sandy loam,5.5,8.0,70.0,70.0,446.75,27.79,18.07,900.0,1200.0
2025,Jun,Kuruvai/Sornavari,DHARMAPURI,muyal masal,forage crops,Well drained sandy loam and clayey loam soils ,5.5,7.5,75.0,65.0,238.86,35.82,27.0,500.0,480.0
2024,Nov,Samba/Thaladi,ARIYALUR,fodder cholam,forage crops,Well drained sandy loam and clayey loam soils ,5.5,7.5,1095.0,1095.0,161.04,35.78,26.4,300.0,350.0
2021,Aug,Kuruvai/Sornavari,HILLY REGIONS OF SHEVROY,snake gourd,vegetables,Loamy soil/ Lateritic soil,6.0,6.7,90.0,90.0,562.09,27.68,16.23,900.0,1200.0
2021,Jan,Navarai/Kodai,KANYAKUMARI,Bread fruit,minor vegetables,Sandy loam,6.1,7.4,100.0,100.0,844.45,34.03,20.07,2030.0,2540.0
2025,Mar,Navarai/Kodai,NAGAPATTINAM,Knol-khol,minor vegetables,Sandy loam,5.5,7.0,50.0,65.0,557.44,29.72,17.11,900.0,1200.0
2024,Dec,Samba/Thaladi,SIVAGANGAI,velimasal,forage crops,Well drained sandy loam and clayey loam soils ,5.8,7.0,45.0,55.0,213.16,33.73,23.71,300.0,350.0
2024,Feb,Navarai/Kodai,THE NILGRIS,celery,greenleafy,Silt Loam to loamy,6.0,8.5,120.0,150.0,515.26,27.72,15.96,1000.0,1000.0
2022,Apr,Navarai/Kodai,DINDIGUL,Butter bean,minor vegetables,Sandy loam,6.0,7.0,80.0,100.0,483.25,27.02,18.8,900.0,1200.0
2021,Jun,Kuruvai/Sornavari,NAMAKAL,bhendi,vegetables,Loamy soil/ Lateritic soil,6.0,6.8,55.0,65.0,370.26,27.48,25.75,1200.0,2200.0
2022,Jul,Kuruvai/Sornavari,SALEM,colocasia,Root&tuber,Well grained deep loamy moist and alluviual soil,5.5,7.0,150.0,180.0,259.08,32.08,21.28,1000.0,1000.0
2022,May,Navarai/Kodai,ARIYALUR,blackgram,pulses,sandy soils to heavy cotton soils,6.5,7.8,70.0,75.0,195.78,42.92,22.3,600.0,1000.0
2024,Nov,Samba/Thaladi,VELLORE,varagu,millets,clay-based soil,5.5,6.5,120.0,120.0,523.74,28.3,27.9,500.0,900.0
2022,Jun,Kuruvai/Sornavari,THIRUPPUR,gherkins,vegetables,Sandy loam,5.8,7.0,90.0,90.0,764.42,33.56,13.87,900.0,1200.0
2022,Aug,Kuruvai/Sornavari,DINDIGUL,bottle gourd,vegetables,Sandy loam,6.0,6.7,120.0,120.0,542.52,27.78,19.07,900.0,1200.0
2024,Oct,Samba/Thaladi,KRISHNAGIRI,niger,oil seeds,"Loams, silt loams, clay loams, or silty clay loams",5.2,7.3,80.0,80.0,865.63,25.0,12.42,1000.0,1300.0
2024,Jan,Navarai/Kodai,THENI,vegetable cowpea,vegetables,Sandy loam,5.6,6.0,45.0,90.0,682.95,28.96,18.31,900.0,1200.0
2024,Mar,Navarai/Kodai,TANJORE,Palak,minor vegetables,Sandy loam,6.5,7.0,37.0,45.0,752.06,30.83,14.61,900.0,1200.0
2021,Sep,Kuruvai/Sornavari,ERODE,rice,cereals,Alluvia or loamy and clayey soil,5.0,8.0,150.0,150.0,318.78,39.25,19.19,900.0,2500.0
2022,Nov,Samba/Thaladi,THIRUVALLUR,lablab,vegetables,Well drained loamy soil,6.5,8.5,70.0,75.0,400.47,30.76,25.25,900.0,1200.0
2024,Apr,Navarai/Kodai,THIRUVANNAMALAI,vegetable cowpea,vegetables,Sandy loam,5.6,6.0,45.0,90.0,514.78,26.81,21.96,900.0,1200.0
2025,Oct,Samba/Thaladi,VIRUDHUNAGAR,muyal masal,forage crops,Well drained sandy loam and clayey loam soils ,5.5,7.5,75.0,65.0,152.68,30.43,29.71,500.0,480.0
2024,Nov,Samba/Thaladi,PUDUKKOTTAI,bottle gourd,vegetables,Sandy loam,6.0,6.7,120.0,120.0,646.43,26.56,17.99,900.0,1200.0
2022,Mar,Navarai/Kodai,VELLORE,safflower,oil seeds,"Loams, silt loams, clay loams, or silty clay loams",5.4,8.2,120.0,125.0,444.27,31.58,20.92,550.0,725.0
2024,Aug,Kuruvai/Sornavari,MADURAI,lablab,vegetables,Well drained loamy soil,6.5,8.5,70.0,75.0,407.23,32.29,24.08,900.0,1200.0
2021,Oct,Samba/Thaladi,MADURAI,varagu,millets,clay-based soil,5.5,6.5,120.0,120.0,485.25,28.49,26.81,500.0,900.0
2022,Nov,Samba/Thaladi,PERAMBALUR,greengram,pulses,well-drained sandy loams or sandy soils ,6.5,7.5,100.0,100.0,572.47,36.87,24.33,850.0,1000.0
2021,May,Navarai/Kodai,THENI,fodder cowpea,forage crops,Well drained sandy loam and clayey loam soils ,5.0,6.5,50.0,65.0,134.99,30.62,18.29,300.0,350.0
2023,Aug,Kuruvai/Sornavari,VILLUPURAM,blackgram,pulses,sandy soils to heavy cotton soils,6.5,7.8,70.0,75.0,357.93,42.05,19.9,600.0,1000.0
2024,Dec,Samba/Thaladi,THE NILGRIS,ash gourd,vegetables,Sandy loam,6.0,6.7,120.0,120.0,563.28,32.36,22.41,900.0,1200.0
2021,Oct,Samba/Thaladi,SIVAGANGAI,brinjal,vegetables,Loamy soil/ Lateritic soil,6.0,7.5,100.0,150.0,663.04,27.27,21.84,900.0,1200.0
2021,Jul,Kuruvai/Sornavari,THIRUVANNAMALAI,samai,millets,Loamy Soil,8.5,9.0,80.0,100.0,413.6,37.36,29.43,480.0,750.0
2024,Apr,Navarai/Kodai,NAGAPATTINAM,watermelon,vegetables,Sandy,6.0,7.5,70.0,85.0,291.48,27.69,25.02,900.0,1200.0
2023,Oct,Samba/Thaladi,THENI,rice,cereals,Alluvia or loamy and clayey soil,5.0,8.0,150.0,150.0,1389.06,41.25,21.78,900.0,2500.0
2022,Oct,Samba/Thaladi,KRISHNAGIRI,soyabean,pulses,"Well-drained, Loamy Soil",6.0,7.0,90.0,100.0,172.66,29.0,17.71,450.0,700.0
2023,Feb,Navarai/Kodai,VELLORE,fodder cholam,forage crops,Well drained sandy loam and clayey loam soils ,5.5,7.5,1095.0,1095.0,112.06,33.63,25.47,300.0,350.0
2024,Sep,Kuruvai/Sornavari,NAGAPATTINAM,rice,cereals,Alluvia or loamy and clayey soil,5.0,8.0,150.0,150.0,1382.86,37.59,19.7,900.0,2500.0
2021,Sep,Kuruvai/Sornavari,COIMBATORE,kudirai masi,forage crops,Well drained sandy loam and clayey loam soils ,6.5,7.5,45.0,55.0,111.06,31.38,25.89,300.0,350.0
2021,Mar,Navarai/Kodai,DINDIGUL,chowchow,vegetables,Loamy soil/ Lateritic soil,5.5,6.5,150.0,150.0,381.81,24.24,16.75,1200.0,1500.0
2021,Aug,Kuruvai/Sornavari,THOOTHUKUDI,fieldlablab,pulses,Well drained loamy soil,6.2,7.0,105.0,105.0,420.45,27.16,16.93,650.0,1000.0
2023,Jul,Kuruvai/Sornavari,COIMBATORE,velimasal,forage crops,Well drained sandy loam and clayey loam soils ,5.8,7.0,45.0,55.0,108.92,30.19,26.93,300.0,350.0
2024,Nov,Samba/Thaladi,THIRUVALLUR,french bean,vegetables,Well drained loamy soil,5.5,6.0,40.0,50.0,469.98,26.21,13.1,900.0,1200.0
2021,Dec,Samba/Thaladi,THOOTHUKUDI,lablab,vegetables,Well drained loamy soil,6.5,8.5,70.0,75.0,791.3,32.4,21.87,900.0,1200.0
2021,Aug,Kuruvai/Sornavari,ERODE,bottle gourd,vegetables,Sandy loam,6.0,6.7,120.0,120.0,290.95,26.67,19.68,900.0,1200.0
2023,Jan,Navarai/Kodai,NAMAKAL,carrot,Root&tuber,light or sandy loam soil,6.0,7.0,75.0,75.0,256.68,23.43,15.52,1000.0,1000.0
2021,Jun,Kuruvai/Sornavari,THIRUPPUR,tapoica,Root&tuber,Red lateritic loam,5.5,7.0,270.0,300.0,390.36,30.29,23.62,1000.0,1000.0
2023,Feb,Navarai/Kodai,VILLUPURAM,sweet sorghum,sugar crops,Well drained sandy loam and clayey loam soils ,6.0,8.5,115.0,125.0,332.64,29.54,26.28,500.0,600.0
2021,Oct,Samba/Thaladi,ERODE,Rhubarb,minor vegetables,Sandy loam,6.0,6.8,56.0,70.0,663.11,25.63,10.0,900.0,1200.0
2024,Mar,Navarai/Kodai,KARUR,vegetable cowpea,vegetables,Sandy loam,5.6,6.0,45.0,90.0,652.1,31.45,21.09,900.0,1200.0
2021,Apr,Navarai/Kodai,KARUR,wheat,cereals,Well Drained,6.0,7.0,80.0,90.0,238.62,25.24,25.81,450.0,650.0
2025,Oct,Samba/Thaladi,VIRUDHUNAGAR,carrot,Root&tuber,light or sandy loam soil,6.0,7.0,75.0,75.0,590.19,23.26,16.67,1000.0,1000.0
2024,Sep,Kuruvai/Sornavari,DHARMAPURI,bitter gourd,vegetables,Well drained loamy soil,6.5,7.0,55.0,60.0,347.74,28.55,29.1,900.0,1200.0
2021,Dec,Samba/Thaladi,THIRUVALLUR,soundal,forage crops,Well drained sandy loam and clayey loam soils ,5.5,7.5,40.0,80.0,263.43,31.74,22.63,500.0,480.0
2022,Mar,Navarai/Kodai,TIRUVARUR,ribbed gourd,vegetables,Sandy Loam,6.5,7.5,125.0,125.0,604.35,35.55,24.05,900.0,1200.0
2024,Jul,Kuruvai/Sornavari,PUDUKKOTTAI,Chekurmanis,minor vegetables,Sandy loam,5.5,7.5,90.0,120.0,329.26,31.69,29.03,900.0,1200.0
2023,Dec,Samba/Thaladi,CUDDALORE,chowchow,vegetables,Loamy soil/ Lateritic soil,5.5,6.5,150.0,150.0,809.21,24.06,16.09,1200.0,1500.0
2024,Dec,Samba/Thaladi,THIRUVALLUR,sorghum,millets,well-drained loamy soils,6.0,7.5,95.0,105.0,246.91,36.23,16.49,450.0,650.0
2025,Mar,Navarai/Kodai,COIMBATORE,jute,fibre crop,Sandy and Clay Loam,6.0,7.5,120.0,140.0,591.61,33.18,24.0,1000.0,1300.0
2021,Apr,Navarai/Kodai,THENI,cauliflower,colecrops,LoamySandy,6.5,6.8,55.0,100.0,251.53,25.42,10.0,380.0,500.0
2023,Mar,Navarai/Kodai,PERAMBALUR,Cabbage,colecrops,LoamySandy,6.0,6.5,80.0,180.0,123.03,26.04,11.29,380.0,500.0
2023,Oct,Samba/Thaladi,THIRUCHIRAPALLI,celery,greenleafy,Silt Loam to loamy,6.0,8.5,120.0,150.0,332.96,28.55,16.47,1000.0,1000.0
2025,Oct,Samba/Thaladi,KARUR,bhendi,vegetables,Loamy soil/ Lateritic soil,6.0,6.8,55.0,65.0,1391.47,28.26,24.82,1200.0,2200.0
2025,Dec,Samba/Thaladi,TIRUVARUR,maize,millets,temperate podzols to the leached red soils of the tropics. ,5.5,7.0,105.0,110.0,274.19,25.03,17.58,500.0,800.0
2025,Apr,Navarai/Kodai,THE NILGRIS,radish,Root&tuber,Well grained deep loamy moist and alluviual soil,5.5,6.8,21.0,21.0,388.12,22.56,12.25,1000.0,1000.0
2021,Sep,Kuruvai/Sornavari,MADURAI,cucumber,vegetables,Loamy,6.5,7.5,120.0,120.0,810.18,34.07,26.39,1200.0,1500.0
2024,May,Navarai/Kodai,NAMAKAL,Turnip,minor vegetables,Loamy soil,5.5,6.8,42.0,56.0,784.02,18.37,14.12,900.0,1200.0
2023,Dec,Samba/Thaladi,NAGAPATTINAM,cucumber,vegetables,Loamy,6.5,7.5,120.0,120.0,324.89,30.14,28.07,1200.0,1500.0
2022,Jan,Navarai/Kodai,MADURAI,Brussels sprout,minor vegetables,Sandy loam,6.5,6.8,12.0,12.0,419.83,26.67,15.23,900.0,1200.0
2022,Jan,Navarai/Kodai,ERODE,capsicum,vegetables,Loamy soil/ Lateritic soil,5.5,7.0,60.0,60.0,691.71,31.17,15.95,500.0,1200.0
2021,May,Navarai/Kodai,ARIYALUR,dioscorea,Root&tuber,well-drained soil,6.0,6.5,270.0,300.0,1052.23,32.6,30.0,1000.0,2000.0
2025,Feb,Navarai/Kodai,KANYAKUMARI,soundal,forage crops,Well drained sandy loam and clayey loam soils ,5.5,7.5,40.0,80.0,233.21,33.16,20.47,500.0,480.0
2024,Nov,Samba/Thaladi,THIRUCHIRAPALLI,muskmelon,vegetables,Sandy Loam,6.5,7.5,70.0,100.0,700.48,32.84,25.59,900.0,1200.0
2024,Feb,Navarai/Kodai,VILLUPURAM,sunflower,oil seeds,"Loams, silt loams, clay loams, or silty clay loams",6.5,8.0,85.0,95.0,295.79,25.51,21.1,350.0,500.0
2025,Oct,Samba/Thaladi,DHARMAPURI,safflower,oil seeds,"Loams, silt loams, clay loams, or silty clay loams",5.4,8.2,120.0,125.0,384.74,32.51,24.42,550.0,725.0
2024,Dec,Samba/Thaladi,KRISHNAGIRI,paprika,vegetables,Sandy loam,5.8,6.5,160.0,180.0,183.98,33.75,23.06,700.0,1000.0
2025,Mar,Navarai/Kodai,THENI,safflower,oil seeds,"Loams, silt loams, clay loams, or silty clay loams",5.4,8.2,120.0,125.0,165.75,35.04,24.33,550.0,725.0
2023,Jun,Kuruvai/Sornavari,THIRUVALLUR,small onion,bulbvegetables,Sandy loam,6.0,7.0,70.0,90.0,297.89,25.17,18.55,650.0,750.0
2025,Nov,Samba/Thaladi,THIRUVANNAMALAI,fodder cowpea,forage crops,Well drained sandy loam and clayey loam soils ,5.0,6.5,50.0,65.0,223.01,30.78,23.71,300.0,350.0
2023,Oct,Samba/Thaladi,NAGAPATTINAM,sugarcane,sugar crops,Clayey Loamy Soil/ Black Cotton Soil/ Red Loamy Soil/ Brown Loamy Soil,6.5,8.0,300.0,330.0,472.56,26.16,24.41,1500.0,2500.0
2024,Feb,Navarai/Kodai,COIMBATORE,kudirai masi,forage crops,Well drained sandy loam and clayey loam soils ,6.5,7.5,45.0,55.0,206.75,31.38,28.44,300.0,350.0
2024,Oct,Samba/Thaladi,RAMANATHANPURAM,Cabbage,colecrops,LoamySandy,6.0,6.5,80.0,180.0,190.74,28.09,10.08,380.0,500.0
2022,Mar,Navarai/Kodai,ARIYALUR,small onion,bulbvegetables,Sandy loam,6.0,7.0,70.0,90.0,165.0,25.86,18.2,650.0,750.0
2025,May,Navarai/Kodai,KRISHNAGIRI,Chekurmanis,minor vegetables,Sandy loam,5.5,7.5,90.0,120.0,641.99,32.69,27.51,900.0,1200.0
2021,Jul,Kuruvai/Sornavari,DHARMAPURI,fodder cholam,forage crops,Well drained sandy loam and clayey loam soils ,5.5,7.5,1095.0,1095.0,126.74,35.72,25.86,300.0,350.0
2024,May,Navarai/Kodai,SALEM,Butter bean,minor vegetables,Sandy loam,6.0,7.0,80.0,100.0,563.6,28.87,17.47,900.0,1200.0
2023,Feb,Navarai/Kodai,RAMANATHANPURAM,sunflower,oil seeds,"Loams, silt loams, clay loams, or silty clay loams",6.5,8.0,85.0,95.0,206.0,26.26,21.19,350.0,500.0
2023,Sep,Kuruvai/Sornavari,TANJORE,tinda,vegetables,Sandy loam,6.5,7.5,70.0,70.0,265.08,28.15,27.83,900.0,1200.0
2021,Sep,Kuruvai/Sornavari,NAMAKAL,beetroot,Root&tuber,all types of friable soil,6.0,7.0,45.0,65.0,433.46,24.77,22.16,1000.0,1000.0
2022,Feb,Navarai/Kodai,CUDDALORE,Butter bean,minor vegetables,Sandy loam,6.0,7.0,80.0,100.0,657.52,25.15,21.61,900.0,1200.0
2023,May,Navarai/Kodai,CUDDALORE,Turnip,minor vegetables,Loamy soil,5.5,6.8,42.0,56.0,526.64,22.32,10.34,900.0,1200.0
2023,May,Navarai/Kodai,NAMAKAL,french bean,vegetables,Well drained loamy soil,5.5,6.0,40.0,50.0,481.11,28.16,13.13,900.0,1200.0
2023,May,Navarai/Kodai,SIVAGANGAI,Mint,minor vegetables,Loamy soil,6.5,7.0,100.0,120.0,669.8,25.24,18.67,1000.0,1100.0
2022,Jun,Kuruvai/Sornavari,NAMAKAL,redgram,pulses,deep loam soils,6.5,7.0,120.0,150.0,222.14,28.88,17.04,600.0,1400.0
2021,Dec,Samba/Thaladi,PUDUKKOTTAI,chinese potato,Root&tuber,well-drained soil,4.8,5.8,120.0,150.0,647.11,23.3,19.99,1000.0,1000.0
2024,Mar,Navarai/Kodai,KANCHEEPURAM,Chekurmanis,minor vegetables,Sandy loam,5.5,7.5,90.0,120.0,334.89,36.67,24.81,900.0,1200.0
2023,Aug,Kuruvai/Sornavari,SIVAGANGAI,sunflower,oil seeds,"Loams, silt loams, clay loams, or silty clay loams",6.5,8.0,85.0,95.0,275.89,25.25,22.07,350.0,500.0
2025,Jun,Kuruvai/Sornavari,VELLORE,samai,millets,Loamy Soil,8.5,9.0,80.0,100.0,353.35,39.56,28.86,480.0,750.0
2024,Jun,Kuruvai/Sornavari,KRISHNAGIRI,kudiraivali,millets,Loamy Soil,5.5,7.0,75.0,95.0,377.66,24.31,24.84,500.0,900.0
2023,Mar,Navarai/Kodai,KANCHEEPURAM,horsegram,pulses, light to heavy soils ,6.0,7.5,100.0,105.0,485.99,37.94,23.07,800.0,800.0
2024,Feb,Navarai/Kodai,CAUVERY,sugarbeet,sugar crops,Well drained sandy loam and clayey loam soils ,6.0,8.0,150.0,180.0,335.16,25.52,14.69,600.0,800.0
2024,Nov,Samba/Thaladi,PUDUKKOTTAI,colocasia,Root&tuber,Well grained deep loamy moist and alluviual soil,5.5,7.0,150.0,180.0,583.93,33.94,22.89,1000.0,1000.0
2025,May,Navarai/Kodai,THIRUPPUR,annual moringa,vegetables,Sandy loam,6.5,8.0,210.0,240.0,580.04,36.66,27.89,900.0,1200.0
2025,Oct,Samba/Thaladi,VILLUPURAM,Pearl millet,millets,"clay, clay loam, or sandy loam soils",5.5,7.5,75.0,85.0,125.33,43.79,14.87,350.0,500.0
2021,Apr,Navarai/Kodai,ERODE,ragi,millets,"red, black, sandy, loamy and shallow black soils.",5.0,8.2,100.0,120.0,507.88,27.78,10.29,700.0,1200.0
2022,Nov,Samba/Thaladi,HILLY REGIONS OF SHEVROY,tinda,vegetables,Sandy loam,6.5,7.5,70.0,70.0,248.14,30.31,23.68,900.0,1200.0
2022,Dec,Samba/Thaladi,PUDUKKOTTAI,tomato,vegetables,Sandy loam,6.5,7.5,90.0,140.0,492.72,30.27,19.53,600.0,800.0
2021,Jul,Kuruvai/Sornavari,NAMAKAL,soundal,forage crops,Well drained sandy loam and clayey loam soils ,5.5,7.5,40.0,80.0,206.2,30.31,20.76,500.0,480.0
2023,Jan,Navarai/Kodai,TIRUVARUR,Chekurmanis,minor vegetables,Sandy loam,5.5,7.5,90.0,120.0,386.55,36.32,26.9,900.0,1200.0
2025,Nov,Samba/Thaladi,THIRUVANNAMALAI,Chinese cabbage,minor vegetables,Sandy loam,5.5,7.0,50.0,80.0,298.24,24.16,16.49,900.0,1200.0
2025,Aug,Kuruvai/Sornavari,PERAMBALUR,kudiraivali,millets,Loamy Soil,5.5,7.0,75.0,95.0,344.19,24.02,23.55,500.0,900.0
2023,Jun,Kuruvai/Sornavari,THIRUCHIRAPALLI,horsegram,pulses, light to heavy soils ,6.0,7.5,100.0,105.0,290.5,36.93,27.97,800.0,800.0
2021,Dec,Samba/Thaladi,ERODE,kudirai masi,forage crops,Well drained sandy loam and clayey loam soils ,6.5,7.5,45.0,55.0,217.31,36.82,23.06,300.0,350.0
2023,Oct,Samba/Thaladi,RAMANATHANPURAM,bottle gourd,vegetables,Sandy loam,6.0,6.7,120.0,120.0,623.7,25.66,17.43,900.0,1200.0
2021,May,Navarai/Kodai,THIRUNELVELI,bengalgram,pulses,medium to heavy black soil,5.5,7.0,90.0,120.0,397.59,31.36,21.28,650.0,1000.0
2022,Jun,Kuruvai/Sornavari,THIRUVANNAMALAI,dioscorea,Root&tuber,well-drained soil,6.0,6.5,270.0,300.0,1300.18,34.48,30.0,1000.0,2000.0
2021,Jan,Navarai/Kodai,ERODE,Pearl millet,millets,"clay, clay loam, or sandy loam soils",5.5,7.5,75.0,85.0,131.39,40.52,15.6,350.0,500.0
2021,Apr,Navarai/Kodai,NAMAKAL,cowpea,pulses, well-drained sandy loams or sandy soils ,5.0,6.5,60.0,90.0,152.13,25.22,18.36,400.0,700.0
2023,Dec,Samba/Thaladi,KANCHEEPURAM,sweet potato,Root&tuber,well-drained soil,5.7,6.7,90.0,120.0,537.8,26.07,20.08,1000.0,1000.0
2024,Dec,Samba/Thaladi,TANJORE,Lettuce,minor vegetables,Sandy loam,6.0,6.5,45.0,55.0,591.46,24.41,18.11,900.0,1200.0
2023,Sep,Kuruvai/Sornavari,VILLUPURAM,Palak,minor vegetables,Sandy loam,6.5,7.0,37.0,45.0,602.24,28.43,10.73,900.0,1200.0
2023,Sep,Kuruvai/Sornavari,THIRUVANNAMALAI,fodder maize,forage crops,Well drained sandy loam and clayey loam soils ,5.5,8.0,60.0,70.0,264.48,44.77,11.62,500.0,480.0
2022,Apr,Navarai/Kodai,VILLUPURAM,elephant foot yam,Root&tuber,Rich red loamy soil,5.5,7.0,240.0,240.0,572.24,34.83,26.97,1000.0,1500.0
2022,Jun,Kuruvai/Sornavari,THIRUVANNAMALAI,Pearl millet,millets,"clay, clay loam, or sandy loam soils",5.5,7.5,75.0,85.0,235.13,44.37,14.18,350.0,500.0
2021,May,Navarai/Kodai,ERODE,cauliflower,colecrops,LoamySandy,6.5,6.8,55.0,100.0,110.87,25.34,10.0,380.0,500.0
2025,Jun,Kuruvai/Sornavari,SALEM,gardenlablab,pulses,wide range of soils,6.0,7.0,75.0,100.0,295.92,31.53,20.17,650.0,1000.0
2023,Apr,Navarai/Kodai,THIRUVANNAMALAI,samai,millets,Loamy Soil,8.5,9.0,80.0,100.0,420.21,41.08,28.84,480.0,750.0
2022,Nov,Samba/Thaladi,THIRUVALLUR,Mint,minor vegetables,Loamy soil,6.5,7.0,100.0,120.0,708.73,25.62,23.52,1000.0,1100.0
2021,Aug,Kuruvai/Sornavari,THIRUVANNAMALAI,Basella,minor vegetables,Sandy loam,5.5,8.0,70.0,70.0,669.0,27.74,16.61,900.0,1200.0
2025,Aug,Kuruvai/Sornavari,CHENGLEPUT,horsegram,pulses, light to heavy soils ,6.0,7.5,100.0,105.0,398.08,37.27,27.74,800.0,800.0
2025,Aug,Kuruvai/Sornavari,ERODE,chillies,vegetables,Loamy soil/ Lateritic soil,6.0,6.8,120.0,120.0,185.58,26.79,24.7,500.0,500.0
2023,Oct,Samba/Thaladi,THOOTHUKUDI,sweet potato,Root&tuber,well-drained soil,5.7,6.7,90.0,120.0,531.71,26.01,21.58,1000.0,1000.0
2021,Jun,Kuruvai/Sornavari,SALEM,Ceylon spinach,minor vegetables,Sandy loam,6.5,7.0,40.0,50.0,386.96,24.14,13.59,900.0,1200.0
2025,Apr,Navarai/Kodai,KARUR,Palak,minor vegetables,Sandy loam,6.5,7.0,37.0,45.0,510.65,28.41,14.5,900.0,1200.0
2025,May,Navarai/Kodai,HILLY REGIONS OF SHEVROY,paprika,vegetables,Sandy loam,5.8,6.5,160.0,180.0,662.73,32.73,22.04,700.0,1000.0
2023,Jan,Navarai/Kodai,NAGAPATTINAM,curry leaf,greenleafy,Red sandy loam,5.2,5.5,90.0,85.0,608.63,33.15,28.66,1000.0,1000.0
2025,Aug,Kuruvai/Sornavari,DHARMAPURI,Lettuce,minor vegetables,Sandy loam,6.0,6.5,45.0,55.0,708.39,24.71,18.79,900.0,1200.0
2025,Apr,Navarai/Kodai,THIRUPPUR,Rhubarb,minor vegetables,Sandy loam,6.0,6.8,56.0,70.0,358.22,25.86,10.0,900.0,1200.0
2024,Nov,Samba/Thaladi,THIRUCHIRAPALLI,sweet potato,Root&tuber,well-drained soil,5.7,6.7,90.0,120.0,599.33,25.55,19.81,1000.0,1000.0
2022,Feb,Navarai/Kodai,TIRUVARUR,guinea grass,forage crops,Well drained sandy loam and clayey loam soils ,5.0,7.0,45.0,55.0,318.67,39.12,18.68,1000.0,480.0
2023,Jul,Kuruvai/Sornavari,KOLLI HILLS,watermelon,vegetables,Sandy,6.0,7.5,70.0,85.0,714.09,28.91,26.16,900.0,1200.0
2023,Feb,Navarai/Kodai,SIVAGANGAI,Rhubarb,minor vegetables,Sandy loam,6.0,6.8,56.0,70.0,559.61,25.41,10.0,900.0,1200.0
2023,Oct,Samba/Thaladi,DINDIGUL,ragi,millets,"red, black, sandy, loamy and shallow black soils.",5.0,8.2,100.0,120.0,195.33,27.5,10.79,700.0,1200.0
2024,Mar,Navarai/Kodai,VELLORE,Butter bean,minor vegetables,Sandy loam,6.0,7.0,80.0,100.0,256.03,25.84,21.98,900.0,1200.0
2022,Aug,Kuruvai/Sornavari,CUDDALORE,sunflower,oil seeds,"Loams, silt loams, clay loams, or silty clay loams",6.5,8.0,85.0,95.0,181.63,25.8,20.97,350.0,500.0
2021,Jan,Navarai/Kodai,THIRUVANNAMALAI,gherkins,vegetables,Sandy loam,5.8,7.0,90.0,90.0,508.99,30.03,14.78,900.0,1200.0
2022,Sep,Kuruvai/Sornavari,SALEM,gingely,oil seeds,"Loams, silt loams, clay loams, or silty clay loams",5.5,8.0,85.0,90.0,160.06,31.98,24.95,350.0,400.0
2023,Oct,Samba/Thaladi,TIRUVARUR,Mint,minor vegetables,Loamy soil,6.5,7.0,100.0,120.0,294.34,25.01,20.45,1000.0,1100.0
2023,Jan,Navarai/Kodai,DINDIGUL,chinese potato,Root&tuber,well-drained soil,4.8,5.8,120.0,150.0,362.56,22.82,18.07,1000.0,1000.0
2022,Feb,Navarai/Kodai,CAUVERY,fodder maize,forage crops,Well drained sandy loam and clayey loam soils ,5.5,8.0,60.0,70.0,184.01,40.86,12.22,500.0,480.0
2022,Dec,Samba/Thaladi,NAGAPATTINAM,gherkins,vegetables,Sandy loam,5.8,7.0,90.0,90.0,704.7,32.62,18.6,900.0,1200.0
2024,Oct,Samba/Thaladi,KRISHNAGIRI,varagu,millets,clay-based soil,5.5,6.5,120.0,120.0,263.8,26.12,29.01,500.0,900.0
2022,Feb,Navarai/Kodai,HILLY REGIONS OF SHEVROY,ash gourd,vegetables,Sandy loam,6.0,6.7,120.0,120.0,533.97,26.3,26.72,900.0,1200.0
2024,Apr,Navarai/Kodai,THALAVADI HILLS,pumpkin,vegetables,Loamy soil/ Lateritic soil,6.0,7.0,115.0,120.0,719.85,27.49,17.11,900.0,1200.0
2024,Mar,Navarai/Kodai,JAWAD HILLS,pumpkin,vegetables,Loamy soil/ Lateritic soil,6.0,7.0,115.0,120.0,727.12,25.98,20.75,900.0,1200.0
2021,Aug,Kuruvai/Sornavari,CAUVERY,Pearl millet,millets,"clay, clay loam, or sandy loam soils",5.5,7.5,75.0,85.0,291.7,41.82,10.24,350.0,500.0
2022,Apr,Navarai/Kodai,TIRUVARUR,watermelon,vegetables,Sandy,6.0,7.5,70.0,85.0,616.03,28.14,25.85,900.0,1200.0
2024,Apr,Navarai/Kodai,VIRUDHUNAGAR,bitter gourd,vegetables,Well drained loamy soil,6.5,7.0,55.0,60.0,309.31,26.38,29.02,900.0,1200.0
2024,Sep,Kuruvai/Sornavari,HILLY REGIONS OF SHEVROY,chowchow,vegetables,Loamy soil/ Lateritic soil,5.5,6.5,150.0,150.0,584.96,24.15,17.8,1200.0,1500.0
2025,Jun,Kuruvai/Sornavari,THENI,watermelon,vegetables,Sandy,6.0,7.5,70.0,85.0,662.39,27.9,28.27,900.0,1200.0
2025,Sep,Kuruvai/Sornavari,THIRUCHIRAPALLI,Phaseolus lunatus,minor vegetables,Sandy loam,6.0,6.8,90.0,90.0,1104.41,28.39,16.37,900.0,2000.0
2024,May,Navarai/Kodai,PUDUKKOTTAI,peas,vegetables,Sandy loam,6.5,7.5,60.0,70.0,651.78,28.96,13.52,900.0,1200.0
2025,Jul,Kuruvai/Sornavari,KANCHEEPURAM,Winged Bean,minor vegetables,Sandy loam,7.0,12.0,42.0,42.0,670.75,29.0,27.15,900.0,1200.0
2024,Mar,Navarai/Kodai,DHARMAPURI,Lettuce,minor vegetables,Sandy loam,6.0,6.5,45.0,55.0,677.81,24.65,22.3,900.0,1200.0
2021,Jun,Kuruvai/Sornavari,THIRUVALLUR,Winged Bean,minor vegetables,Sandy loam,7.0,12.0,42.0,42.0,516.54,28.33,25.16,900.0,1200.0
2022,May,Navarai/Kodai,COIMBATORE,tapoica,Root&tuber,Red lateritic loam,5.5,7.0,270.0,300.0,419.59,27.37,25.15,1000.0,1000.0
2021,May,Navarai/Kodai,KARUR,maize,millets,temperate podzols to the leached red soils of the tropics. ,5.5,7.0,105.0,110.0,427.56,26.62,20.0,500.0,800.0
2022,Feb,Navarai/Kodai,VELLORE,annual moringa,vegetables,Sandy loam,6.5,8.0,210.0,240.0,576.47,36.54,24.8,900.0,1200.0
2021,Nov,Samba/Thaladi,RAMANATHANPURAM,sunflower,oil seeds,"Loams, silt loams, clay loams, or silty clay loams",6.5,8.0,85.0,95.0,195.11,25.87,22.61,350.0,500.0
2023,Feb,Navarai/Kodai,THIRUCHIRAPALLI,lablab,vegetables,Well drained loamy soil,6.5,8.5,70.0,75.0,231.08,35.42,23.6,900.0,1200.0
2024,Jun,Kuruvai/Sornavari,KANYAKUMARI,bellary onion,minor vegetables,Sandy loam,5.8,6.5,150.0,150.0,404.63,25.57,11.03,900.0,1200.0
2025,Mar,Navarai/Kodai,KOLLI HILLS,bellary onion,minor vegetables,Sandy loam,5.8,6.5,150.0,150.0,608.42,25.58,13.14,900.0,1200.0
2021,May,Navarai/Kodai,THENI,Bread fruit,minor vegetables,Sandy loam,6.1,7.4,100.0,100.0,1595.68,33.85,14.02,2030.0,2540.0
2024,Jan,Navarai/Kodai,VILLUPURAM,peas,vegetables,Sandy loam,6.5,7.5,60.0,70.0,395.24,27.9,12.75,900.0,1200.0
2021,Jun,Kuruvai/Sornavari,JAWAD HILLS,sweet sorghum,sugar crops,Well drained sandy loam and clayey loam soils ,6.0,8.5,115.0,125.0,216.02,30.22,27.09,500.0,600.0
2024,Jul,Kuruvai/Sornavari,ERODE,celery,greenleafy,Silt Loam to loamy,6.0,8.5,120.0,150.0,528.95,31.41,13.5,1000.0,1000.0
2024,Jan,Navarai/Kodai,THIRUNELVELI,Rhubarb,minor vegetables,Sandy loam,6.0,6.8,56.0,70.0,331.33,25.02,10.0,900.0,1200.0
2025,Nov,Samba/Thaladi,SALEM,varagu,millets,clay-based soil,5.5,6.5,120.0,120.0,286.89,26.86,23.96,500.0,900.0
2024,Sep,Kuruvai/Sornavari,THIRUPPUR,fodder cumbu,forage crops,Well drained sandy loam and clayey loam soils ,4.0,7.5,45.0,120.0,233.62,30.73,23.9,500.0,480.0
2022,Apr,Navarai/Kodai,DINDIGUL,ragi,millets,"red, black, sandy, loamy and shallow black soils.",5.0,8.2,100.0,120.0,388.67,27.17,15.78,700.0,1200.0
2021,Oct,Samba/Thaladi,RAMANATHANPURAM,Winged Bean,minor vegetables,Sandy loam,7.0,12.0,42.0,42.0,392.64,28.08,26.61,900.0,1200.0
2022,Mar,Navarai/Kodai,SIVAGANGAI,cotton,fibre crop," black soils, (ii) red soils and (iii) alluvial soils.",7.0,8.0,135.0,140.0,819.4,29.85,20.7,700.0,1300.0
2024,Dec,Samba/Thaladi,HILLY REGIONS OF SHEVROY,niger,oil seeds,"Loams, silt loams, clay loams, or silty clay loams",5.2,7.3,80.0,80.0,767.01,25.0,12.82,1000.0,1300.0
2025,May,Navarai/Kodai,VILLUPURAM,bitter gourd,vegetables,Well drained loamy soil,6.5,7.0,55.0,60.0,404.34,25.22,23.83,900.0,1200.0
2023,Aug,Kuruvai/Sornavari,THE NILGRIS,snake gourd,vegetables,Loamy soil/ Lateritic soil,6.0,6.7,90.0,90.0,450.37,25.73,18.97,900.0,1200.0
2025,Apr,Navarai/Kodai,CHENGLEPUT,snake gourd,vegetables,Loamy soil/ Lateritic soil,6.0,6.7,90.0,90.0,532.67,28.11,21.43,900.0,1200.0
2023,Aug,Kuruvai/Sornavari,DINDIGUL,gingely,oil seeds,"Loams, silt loams, clay loams, or silty clay loams",5.5,8.0,85.0,90.0,98.08,30.4,28.92,350.0,400.0
2023,Jun,Kuruvai/Sornavari,ARIYALUR,maize,millets,temperate podzols to the leached red soils of the tropics. ,5.5,7.0,105.0,110.0,482.97,27.21,19.93,500.0,800.0
2022,Apr,Navarai/Kodai,KANCHEEPURAM,castor,oil seeds,"Loams, silt loams, clay loams, or silty clay loams",5.0,8.5,120.0,160.0,243.1,25.43,20.1,500.0,500.0
2022,Aug,Kuruvai/Sornavari,COIMBATORE,jute,fibre crop,Sandy and Clay Loam,6.0,7.5,120.0,140.0,515.78,40.0,26.36,1000.0,1300.0
2025,Mar,Navarai/Kodai,KANYAKUMARI,Pearl millet,millets,"clay, clay loam, or sandy loam soils",5.5,7.5,75.0,85.0,151.17,44.78,15.59,350.0,500.0
2023,Oct,Samba/Thaladi,MADURAI,samai,millets,Loamy Soil,8.5,9.0,80.0,100.0,312.32,35.85,26.87,480.0,750.0
2022,Dec,Samba/Thaladi,KARUR,thinai,millets,"alluvial,loamy ",5.5,7.0,85.0,90.0,217.13,30.29,19.95,500.0,900.0
2024,Apr,Navarai/Kodai,NAGAPATTINAM,Chakravathi keerai,minor vegetables,Sandy loam,4.5,8.3,100.0,100.0,403.7,25.92,14.67,900.0,1200.0
2022,Jun,Kuruvai/Sornavari,CUDDALORE,Winged Bean,minor vegetables,Sandy loam,7.0,12.0,42.0,42.0,442.27,31.39,26.0,900.0,1200.0
2025,Oct,Samba/Thaladi,NAGAPATTINAM,Basella,minor vegetables,Sandy loam,5.5,8.0,70.0,70.0,354.49,27.18,16.37,900.0,1200.0
2023,Jul,Kuruvai/Sornavari,THIRUNELVELI,colocasia,Root&tuber,Well grained deep loamy moist and alluviual soil,5.5,7.0,150.0,180.0,432.2,33.78,20.13,1000.0,1000.0
2023,May,Navarai/Kodai,VIRUDHUNAGAR,cowpea,pulses, well-drained sandy loams or sandy soils ,5.0,6.5,60.0,90.0,340.81,26.88,20.01,400.0,700.0
2023,Jul,Kuruvai/Sornavari,COIMBATORE,kudirai masi,forage crops,Well drained sandy loam and clayey loam soils ,6.5,7.5,45.0,55.0,119.98,31.5,25.49,300.0,350.0
2021,Oct,Samba/Thaladi,CUDDALORE,kollukattai pullu,forage crops,Well drained sandy loam and clayey loam soils ,7.0,7.5,45.0,55.0,130.92,25.01,24.1,500.0,480.0
2025,Jun,Kuruvai/Sornavari,THIRUVANNAMALAI,capsicum,vegetables,Loamy soil/ Lateritic soil,5.5,7.0,60.0,60.0,296.25,30.94,15.9,500.0,1200.0
2025,Oct,Samba/Thaladi,TANJORE,jute,fibre crop,Sandy and Clay Loam,6.0,7.5,120.0,140.0,812.77,36.52,26.63,1000.0,1300.0
2021,Mar,Navarai/Kodai,THIRUVANNAMALAI,Mint,minor vegetables,Loamy soil,6.5,7.0,100.0,120.0,453.11,25.5,24.66,1000.0,1100.0
2024,May,Navarai/Kodai,JAWAD HILLS,sugarcane,sugar crops,Clayey Loamy Soil/ Black Cotton Soil/ Red Loamy Soil/ Brown Loamy Soil,6.5,8.0,300.0,330.0,470.68,28.98,23.75,1500.0,2500.0
2023,Jul,Kuruvai/Sornavari,RAMANATHANPURAM,cowpea,pulses, well-drained sandy loams or sandy soils ,5.0,6.5,60.0,90.0,319.65,27.08,18.64,400.0,700.0
2024,Feb,Navarai/Kodai,TIRUVARUR,vegetable cowpea,vegetables,Sandy loam,5.6,6.0,45.0,90.0,654.38,26.76,21.5,900.0,1200.0
2022,Mar,Navarai/Kodai,KARUR,chowchow,vegetables,Loamy soil/ Lateritic soil,5.5,6.5,150.0,150.0,621.15,24.75,21.85,1200.0,1500.0
2025,Jul,Kuruvai/Sornavari,SALEM,cowpea,pulses, well-drained sandy loams or sandy soils ,5.0,6.5,60.0,90.0,333.92,27.88,24.12,400.0,700.0
2023,Feb,Navarai/Kodai,KRISHNAGIRI,ribbed gourd,vegetables,Sandy Loam,6.5,7.5,125.0,125.0,343.24,33.43,26.19,900.0,1200.0
2025,May,Navarai/Kodai,THIRUPPUR,velimasal,forage crops,Well drained sandy loam and clayey loam soils ,5.8,7.0,45.0,55.0,115.66,32.21,29.83,300.0,350.0
2024,Jan,Navarai/Kodai,THIRUCHIRAPALLI,amaranthus,greenleafy,Silt Loam to loamy,6.5,7.5,70.0,75.0,327.04,28.76,21.23,1000.0,1000.0
2021,Jul,Kuruvai/Sornavari,KARUR,radish,Root&tuber,Well grained deep loamy moist and alluviual soil,5.5,6.8,21.0,21.0,428.84,24.0,13.97,1000.0,1000.0
2021,May,Navarai/Kodai,CAUVERY,cucumber,vegetables,Loamy,6.5,7.5,120.0,120.0,603.1,35.09,24.45,1200.0,1500.0
2022,Jan,Navarai/Kodai,THIRUVALLUR,safflower,oil seeds,"Loams, silt loams, clay loams, or silty clay loams",5.4,8.2,120.0,125.0,255.69,30.98,22.97,550.0,725.0
2025,Aug,Kuruvai/Sornavari,THIRUNELVELI,guinea grass,forage crops,Well drained sandy loam and clayey loam soils ,5.0,7.0,45.0,55.0,302.05,36.06,15.78,1000.0,480.0
2022,Oct,Samba/Thaladi,THIRUVANNAMALAI,Coccinia,minor vegetables,Sandy loam,6.0,6.5,90.0,90.0,701.57,27.1,24.72,900.0,1200.0
2022,Feb,Navarai/Kodai,DHARMAPURI,Ceylon spinach,minor vegetables,Sandy loam,6.5,7.0,40.0,50.0,440.78,24.24,13.63,900.0,1200.0
2025,Mar,Navarai/Kodai,THIRUPPUR,groundnut,oil seeds,Well-drained sandy loam or sandy clay loam soil ,6.5,7.0,140.0,150.0,138.42,42.62,10.01,500.0,700.0
2023,Dec,Samba/Thaladi,THIRUPPUR,soyabean,pulses,"Well-drained, Loamy Soil",6.0,7.0,90.0,100.0,159.61,31.73,15.77,450.0,700.0
2023,Dec,Samba/Thaladi,KRISHNAGIRI,cluster bean,vegetables,Sandy Loam,7.0,8.5,60.0,90.0,700.52,25.32,19.99,900.0,1200.0
2024,Jun,Kuruvai/Sornavari,PUDUKKOTTAI,tinda,vegetables,Sandy loam,6.5,7.5,70.0,70.0,246.16,31.54,28.0,900.0,1200.0
2025,Dec,Samba/Thaladi,NAGAPATTINAM,horsegram,pulses, light to heavy soils ,6.0,7.5,100.0,105.0,433.79,36.49,23.85,800.0,800.0
2025,Feb,Navarai/Kodai,NAMAKAL,beetroot,Root&tuber,all types of friable soil,6.0,7.0,45.0,65.0,505.99,23.0,21.24,1000.0,1000.0
2022,Dec,Samba/Thaladi,NAMAKAL,Basella,minor vegetables,Sandy loam,5.5,8.0,70.0,70.0,635.1,33.65,15.37,900.0,1200.0
2021,Nov,Samba/Thaladi,RAMANATHANPURAM,redgram,pulses,deep loam soils,6.5,7.0,120.0,150.0,150.87,31.62,18.07,600.0,1400.0
2022,Nov,Samba/Thaladi,ARIYALUR,radish,Root&tuber,Well grained deep loamy moist and alluviual soil,5.5,6.8,21.0,21.0,617.75,20.86,13.96,1000.0,1000.0
2022,Jun,Kuruvai/Sornavari,HILLY REGIONS OF SHEVROY,Mint,minor vegetables,Loamy soil,6.5,7.0,100.0,120.0,283.2,25.33,22.41,1000.0,1100.0
2022,Oct,Samba/Thaladi,THIRUPPUR,Chakravathi keerai,minor vegetables,Sandy loam,4.5,8.3,100.0,100.0,421.72,25.01,14.26,900.0,1200.0
2024,Dec,Samba/Thaladi,COIMBATORE,capsicum,vegetables,Loamy soil/ Lateritic soil,5.5,7.0,60.0,60.0,626.92,29.52,16.83,500.0,1200.0
2023,May,Navarai/Kodai,NAMAKAL,snake gourd,vegetables,Loamy soil/ Lateritic soil,6.0,6.7,90.0,90.0,456.75,28.35,20.09,900.0,1200.0
2024,Jul,Kuruvai/Sornavari,THIRUPPUR,onion,vegetables, Any Loamy,5.8,6.5,100.0,120.0,329.73,26.78,24.7,350.0,550.0
2022,Apr,Navarai/Kodai,VIRUDHUNAGAR,bottle gourd,vegetables,Sandy loam,6.0,6.7,120.0,120.0,709.13,25.34,18.67,900.0,1200.0
2023,Jun,Kuruvai/Sornavari,THIRUVALLUR,peas,vegetables,Sandy loam,6.5,7.5,60.0,70.0,266.13,31.24,10.21,900.0,1200.0
2025,Feb,Navarai/Kodai,DINDIGUL,ragi,millets,"red, black, sandy, loamy and shallow black soils.",5.0,8.2,100.0,120.0,548.42,27.64,13.32,700.0,1200.0
2022,Sep,Kuruvai/Sornavari,PERAMBALUR,sugarcane,sugar crops,Clayey Loamy Soil/ Black Cotton Soil/ Red Loamy Soil/ Brown Loamy Soil,6.5,8.0,300.0,330.0,1209.89,28.17,20.95,1500.0,2500.0
2023,Feb,Navarai/Kodai,VIRUDHUNAGAR,radish,Root&tuber,Well grained deep loamy moist and alluviual soil,5.5,6.8,21.0,21.0,419.45,22.41,13.24,1000.0,1000.0
2022,Dec,Samba/Thaladi,MADURAI,amaranthus,greenleafy,Silt Loam to loamy,6.5,7.5,70.0,75.0,438.65,27.59,22.25,1000.0,1000.0
2025,Mar,Navarai/Kodai,THALAVADI HILLS,bitter gourd,vegetables,Well drained loamy soil,6.5,7.0,55.0,60.0,403.26,30.29,24.86,900.0,1200.0
2023,Aug,Kuruvai/Sornavari,RAMANATHANPURAM,chinese potato,Root&tuber,well-drained soil,4.8,5.8,120.0,150.0,357.12,23.33,18.66,1000.0,1000.0
2021,Mar,Navarai/Kodai,THIRUVANNAMALAI,samai,millets,Loamy Soil,8.5,9.0,80.0,100.0,142.21,36.8,27.79,480.0,750.0
2022,Apr,Navarai/Kodai,CHENGLEPUT,tapoica,Root&tuber,Red lateritic loam,5.5,7.0,270.0,300.0,507.51,28.87,25.6,1000.0,1000.0
2024,Jun,Kuruvai/Sornavari,KARUR,gardenlablab,pulses,wide range of soils,6.0,7.0,75.0,100.0,169.88,34.74,21.31,650.0,1000.0
2025,Nov,Samba/Thaladi,PERAMBALUR,jute,fibre crop,Sandy and Clay Loam,6.0,7.5,120.0,140.0,503.02,33.61,26.68,1000.0,1300.0
2023,Oct,Samba/Thaladi,VELLORE,Celery,minor vegetables,Sandy loam,5.8,6.8,120.0,150.0,275.52,23.82,17.89,900.0,1200.0
2021,Jan,Navarai/Kodai,DHARMAPURI,cucumber,vegetables,Loamy,6.5,7.5,120.0,120.0,598.83,35.88,25.52,1200.0,1500.0
2022,Sep,Kuruvai/Sornavari,JAWAD HILLS,radish,Root&tuber,Well grained deep loamy moist and alluviual soil,5.5,6.8,21.0,21.0,367.11,24.53,13.0,1000.0,1000.0
2024,Jul,Kuruvai/Sornavari,VELLORE,wheat,cereals,Well Drained,6.0,7.0,80.0,90.0,119.97,25.32,24.91,450.0,650.0
2021,Feb,Navarai/Kodai,THIRUVANNAMALAI,sugarcane,sugar crops,Clayey Loamy Soil/ Black Cotton Soil/ Red Loamy Soil/ Brown Loamy Soil,6.5,8.0,300.0,330.0,412.62,26.56,25.36,1500.0,2500.0
2023,Jul,Kuruvai/Sornavari,PUDUKKOTTAI,Chakravathi keerai,minor vegetables,Sandy loam,4.5,8.3,100.0,100.0,325.76,25.54,15.32,900.0,1200.0
2024,Jun,Kuruvai/Sornavari,THENI,fodder cowpea,forage crops,Well drained sandy loam and clayey loam soils ,5.0,6.5,50.0,65.0,137.15,29.44,21.73,300.0,350.0
2022,May,Navarai/Kodai,CAUVERY,sugarbeet,sugar crops,Well drained sandy loam and clayey loam soils ,6.0,8.0,150.0,180.0,243.82,25.13,13.2,600.0,800.0
2022,Jan,Navarai/Kodai,THIRUVANNAMALAI,fodder cowpea,forage crops,Well drained sandy loam and clayey loam soils ,5.0,6.5,50.0,65.0,162.18,27.81,22.51,300.0,350.0
2021,Feb,Navarai/Kodai,THE NILGRIS,soundal,forage crops,Well drained sandy loam and clayey loam soils ,5.5,7.5,40.0,80.0,143.42,33.22,24.24,500.0,480.0
2024,Oct,Samba/Thaladi,KOLLI HILLS,bitter gourd,vegetables,Well drained loamy soil,6.5,7.0,55.0,60.0,577.61,31.43,24.74,900.0,1200.0
2022,Sep,Kuruvai/Sornavari,ARIYALUR,chinese potato,Root&tuber,well-drained soil,4.8,5.8,120.0,150.0,564.82,23.76,13.53,1000.0,1000.0
2022,Apr,Navarai/Kodai,THIRUNELVELI,maize,millets,temperate podzols to the leached red soils of the tropics. ,5.5,7.0,105.0,110.0,527.7,25.31,22.82,500.0,800.0
2022,May,Navarai/Kodai,CUDDALORE,tomato,vegetables,Sandy loam,6.5,7.5,90.0,140.0,188.23,27.04,19.94,600.0,800.0
2021,Jul,Kuruvai/Sornavari,CAUVERY,carrot,Root&tuber,light or sandy loam soil,6.0,7.0,75.0,75.0,618.32,24.75,16.66,1000.0,1000.0
2023,Aug,Kuruvai/Sornavari,VIRUDHUNAGAR,Rhubarb,minor vegetables,Sandy loam,6.0,6.8,56.0,70.0,399.41,25.41,10.0,900.0,1200.0
2021,Jan,Navarai/Kodai,KRISHNAGIRI,sugarcane,sugar crops,Clayey Loamy Soil/ Black Cotton Soil/ Red Loamy Soil/ Brown Loamy Soil,6.5,8.0,300.0,330.0,1478.6,26.21,21.69,1500.0,2500.0
2022,Oct,Samba/Thaladi,ARIYALUR,redgram,pulses,deep loam soils,6.5,7.0,120.0,150.0,288.57,27.2,16.68,600.0,1400.0
2025,Feb,Navarai/Kodai,COIMBATORE,redgram,pulses,deep loam soils,6.5,7.0,120.0,150.0,833.0,28.87,20.17,600.0,1400.0
2024,Oct,Samba/Thaladi,THIRUNELVELI,cauliflower,colecrops,LoamySandy,6.5,6.8,55.0,100.0,165.51,30.27,10.0,380.0,500.0
2023,Apr,Navarai/Kodai,KARUR,cowpea,pulses, well-drained sandy loams or sandy soils ,5.0,6.5,60.0,90.0,289.49,25.52,22.24,400.0,700.0
2022,Jun,Kuruvai/Sornavari,SIVAGANGAI,cluster bean,vegetables,Sandy Loam,7.0,8.5,60.0,90.0,773.68,25.69,24.33,900.0,1200.0
2024,Apr,Navarai/Kodai,DHARMAPURI,gardenlablab,pulses,wide range of soils,6.0,7.0,75.0,100.0,196.01,35.41,19.84,650.0,1000.0
2024,Feb,Navarai/Kodai,CUDDALORE,cauliflower,colecrops,LoamySandy,6.5,6.8,55.0,100.0,293.13,28.93,10.0,380.0,500.0
2025,Apr,Navarai/Kodai,NAGAPATTINAM,tapoica,Root&tuber,Red lateritic loam,5.5,7.0,270.0,300.0,457.81,27.25,24.98,1000.0,1000.0
2022,Aug,Kuruvai/Sornavari,VELLORE,cowpea,pulses, well-drained sandy loams or sandy soils ,5.0,6.5,60.0,90.0,351.33,27.0,21.03,400.0,700.0
2025,Jul,Kuruvai/Sornavari,PERAMBALUR,ragi,millets,"red, black, sandy, loamy and shallow black soils.",5.0,8.2,100.0,120.0,382.7,25.08,13.92,700.0,1200.0
2024,Mar,Navarai/Kodai,PUDUKKOTTAI,Mint,minor vegetables,Loamy soil,6.5,7.0,100.0,120.0,540.71,25.12,22.57,1000.0,1100.0
2023,Jan,Navarai/Kodai,CHENGLEPUT,maize,millets,temperate podzols to the leached red soils of the tropics. ,5.5,7.0,105.0,110.0,510.78,27.22,21.38,500.0,800.0
2022,Sep,Kuruvai/Sornavari,DINDIGUL,panivaragu,millets,sandy loam to clays of black cotton soils,5.5,7.0,70.0,75.0,170.0,41.62,14.87,330.0,350.0
2023,Apr,Navarai/Kodai,ERODE,snake gourd,vegetables,Loamy soil/ Lateritic soil,6.0,6.7,90.0,90.0,269.65,26.18,16.1,900.0,1200.0
2025,Apr,Navarai/Kodai,KANCHEEPURAM,muskmelon,vegetables,Sandy Loam,6.5,7.5,70.0,100.0,605.94,36.9,23.22,900.0,1200.0
2021,Feb,Navarai/Kodai,DINDIGUL,maize,millets,temperate podzols to the leached red soils of the tropics. ,5.5,7.0,105.0,110.0,278.64,28.94,21.27,500.0,800.0
2023,Nov,Samba/Thaladi,KOLLI HILLS,carrot,Root&tuber,light or sandy loam soil,6.0,7.0,75.0,75.0,556.09,24.6,16.66,1000.0,1000.0
2025,Nov,Samba/Thaladi,THENI,panivaragu,millets,sandy loam to clays of black cotton soils,5.5,7.0,70.0,75.0,176.6,43.34,10.48,330.0,350.0
2023,Mar,Navarai/Kodai,ERODE,bhendi,vegetables,Loamy soil/ Lateritic soil,6.0,6.8,55.0,65.0,600.04,28.71,26.89,1200.0,2200.0
2023,Sep,Kuruvai/Sornavari,CAUVERY,sugarbeet,sugar crops,Well drained sandy loam and clayey loam soils ,6.0,8.0,150.0,180.0,465.39,26.78,14.89,600.0,800.0
2023,Dec,Samba/Thaladi,THIRUPPUR,capsicum,vegetables,Loamy soil/ Lateritic soil,5.5,7.0,60.0,60.0,759.71,30.33,16.38,500.0,1200.0
2021,Apr,Navarai/Kodai,THOOTHUKUDI,cotton,fibre crop," black soils, (ii) red soils and (iii) alluvial soils.",7.0,8.0,135.0,140.0,212.7,25.37,23.38,700.0,1300.0
2024,Apr,Navarai/Kodai,CUDDALORE,Basella,minor vegetables,Sandy loam,5.5,8.0,70.0,70.0,624.8,31.25,14.3,900.0,1200.0
2022,Apr,Navarai/Kodai,VELLORE,varagu,millets,clay-based soil,5.5,6.5,120.0,120.0,213.69,26.76,24.37,500.0,900.0
2021,Feb,Navarai/Kodai,CHENGLEPUT,Phaseolus lunatus,minor vegetables,Sandy loam,6.0,6.8,90.0,90.0,787.53,25.72,17.21,900.0,2000.0
2024,Mar,Navarai/Kodai,THOOTHUKUDI,jute,fibre crop,Sandy and Clay Loam,6.0,7.5,120.0,140.0,777.05,33.21,22.64,1000.0,1300.0
2022,May,Navarai/Kodai,PUDUKKOTTAI,vegetable cowpea,vegetables,Sandy loam,5.6,6.0,45.0,90.0,649.73,30.15,21.59,900.0,1200.0
2024,Nov,Samba/Thaladi,KANCHEEPURAM,tapoica,Root&tuber,Red lateritic loam,5.5,7.0,270.0,300.0,341.67,26.47,24.35,1000.0,1000.0
2022,Dec,Samba/Thaladi,THE NILGRIS,Knol-khol,minor vegetables,Sandy loam,5.5,7.0,50.0,65.0,586.87,30.22,15.09,900.0,1200.0
2021,Aug,Kuruvai/Sornavari,KOLLI HILLS,carrot,Root&tuber,light or sandy loam soil,6.0,7.0,75.0,75.0,579.81,23.1,15.04,1000.0,1000.0
2025,Jun,Kuruvai/Sornavari,THIRUPPUR,Chekurmanis,minor vegetables,Sandy loam,5.5,7.5,90.0,120.0,297.72,36.84,29.85,900.0,1200.0
2024,Nov,Samba/Thaladi,NAGAPATTINAM,castor,oil seeds,"Loams, silt loams, clay loams, or silty clay loams",5.0,8.5,120.0,160.0,150.74,26.56,21.64,500.0,500.0
2023,Jan,Navarai/Kodai,RAMANATHANPURAM,Basella,minor vegetables,Sandy loam,5.5,8.0,70.0,70.0,466.49,29.91,17.16,900.0,1200.0
2021,Apr,Navarai/Kodai,THIRUPPUR,groundnut,oil seeds,Well-drained sandy loam or sandy clay loam soil ,6.5,7.0,140.0,150.0,289.97,42.42,12.64,500.0,700.0
2024,Jan,Navarai/Kodai,VILLUPURAM,safflower,oil seeds,"Loams, silt loams, clay loams, or silty clay loams",5.4,8.2,120.0,125.0,281.84,34.23,24.41,550.0,725.0
2023,Sep,Kuruvai/Sornavari,THIRUNELVELI,sunflower,oil seeds,"Loams, silt loams, clay loams, or silty clay loams",6.5,8.0,85.0,95.0,308.57,26.76,22.54,350.0,500.0
2022,Mar,Navarai/Kodai,THIRUVALLUR,soundal,forage crops,Well drained sandy loam and clayey loam soils ,5.5,7.5,40.0,80.0,264.04,34.81,20.47,500.0,480.0
2023,Jan,Navarai/Kodai,COIMBATORE,kudirai masi,forage crops,Well drained sandy loam and clayey loam soils ,6.5,7.5,45.0,55.0,85.73,35.21,26.52,300.0,350.0
2025,Jan,Navarai/Kodai,THALAVADI HILLS,niger,oil seeds,"Loams, silt loams, clay loams, or silty clay loams",5.2,7.3,80.0,80.0,467.36,25.0,12.44,1000.0,1300.0
2021,Nov,Samba/Thaladi,TIRUVARUR,bitter gourd,vegetables,Well drained loamy soil,6.5,7.0,55.0,60.0,680.15,27.05,24.22,900.0,1200.0
2024,Jan,Navarai/Kodai,PERAMBALUR,Palak,minor vegetables,Sandy loam,6.5,7.0,37.0,45.0,271.35,28.09,12.7,900.0,1200.0
2024,Oct,Samba/Thaladi,ERODE,fodder cowpea,forage crops,Well drained sandy loam and clayey loam soils ,5.0,6.5,50.0,65.0,77.99,30.14,20.57,300.0,350.0
2022,Jul,Kuruvai/Sornavari,TANJORE,tobacco,other crops,Well drained sandy loam and clayey loam soils ,7.5,8.5,90.0,100.0,328.19,27.16,27.01,800.0,1000.0
2023,Jul,Kuruvai/Sornavari,RAMANATHANPURAM,Celery,minor vegetables,Sandy loam,5.8,6.8,120.0,150.0,315.0,23.22,16.6,900.0,1200.0
2025,Jul,Kuruvai/Sornavari,THENI,panivaragu,millets,sandy loam to clays of black cotton soils,5.5,7.0,70.0,75.0,172.03,43.19,12.58,330.0,350.0
2024,Jul,Kuruvai/Sornavari,KANYAKUMARI,bitter gourd,vegetables,Well drained loamy soil,6.5,7.0,55.0,60.0,664.68,27.05,25.82,900.0,1200.0
2025,Jul,Kuruvai/Sornavari,KARUR,kudiraivali,millets,Loamy Soil,5.5,7.0,75.0,95.0,543.15,23.79,24.96,500.0,900.0
2025,Nov,Samba/Thaladi,THENI,ash gourd,vegetables,Sandy loam,6.0,6.7,120.0,120.0,757.74,27.19,23.33,900.0,1200.0
2025,Jun,Kuruvai/Sornavari,KANCHEEPURAM,kollukattai pullu,forage crops,Well drained sandy loam and clayey loam soils ,7.0,7.5,45.0,55.0,226.5,28.71,20.43,500.0,480.0
2021,Sep,Kuruvai/Sornavari,CAUVERY,Cabbage,colecrops,LoamySandy,6.0,6.5,80.0,180.0,305.39,28.82,10.39,380.0,500.0
2021,Aug,Kuruvai/Sornavari,CAUVERY,watermelon,vegetables,Sandy,6.0,7.5,70.0,85.0,786.86,27.24,23.73,900.0,1200.0
2021,Jul,Kuruvai/Sornavari,SALEM,ash gourd,vegetables,Sandy loam,6.0,6.7,120.0,120.0,317.54,32.86,28.76,900.0,1200.0
2025,Feb,Navarai/Kodai,KANCHEEPURAM,varagu,millets,clay-based soil,5.5,6.5,120.0,120.0,130.89,25.39,24.69,500.0,900.0
2021,Apr,Navarai/Kodai,RAMANATHANPURAM,bellary onion,minor vegetables,Sandy loam,5.8,6.5,150.0,150.0,669.26,25.52,16.33,900.0,1200.0
2023,Jul,Kuruvai/Sornavari,NAGAPATTINAM,cotton,fibre crop," black soils, (ii) red soils and (iii) alluvial soils.",7.0,8.0,135.0,140.0,639.01,31.3,25.59,700.0,1300.0
2025,Apr,Navarai/Kodai,MADURAI,chinese potato,Root&tuber,well-drained soil,4.8,5.8,120.0,150.0,505.63,22.76,19.95,1000.0,1000.0
2022,Nov,Samba/Thaladi,ARIYALUR,Butter bean,minor vegetables,Sandy loam,6.0,7.0,80.0,100.0,394.54,25.17,17.45,900.0,1200.0
2024,Dec,Samba/Thaladi,THIRUVALLUR,Chinese cabbage,minor vegetables,Sandy loam,5.5,7.0,50.0,80.0,430.92,24.36,17.31,900.0,1200.0
2021,May,Navarai/Kodai,THIRUPPUR,cumbu napier hybrid,forage crops,Well drained sandy loam and clayey loam soils ,5.0,8.6,45.0,55.0,509.63,26.98,23.53,800.0,1000.0
2024,Jun,Kuruvai/Sornavari,KANCHEEPURAM,blackgram,pulses,sandy soils to heavy cotton soils,6.5,7.8,70.0,75.0,303.99,43.66,22.92,600.0,1000.0
2023,Nov,Samba/Thaladi,THIRUVALLUR,Knol-khol,minor vegetables,Sandy loam,5.5,7.0,50.0,65.0,353.49,29.57,14.39,900.0,1200.0
2022,Mar,Navarai/Kodai,CHENGLEPUT,Lettuce,minor vegetables,Sandy loam,6.0,6.5,45.0,55.0,483.19,24.69,21.58,900.0,1200.0
2025,Feb,Navarai/Kodai,CHENGLEPUT,jute,fibre crop,Sandy and Clay Loam,6.0,7.5,120.0,140.0,255.24,36.65,26.1,1000.0,1300.0
2024,Feb,Navarai/Kodai,HILLY REGIONS OF SHEVROY,guinea grass,forage crops,Well drained sandy loam and clayey loam soils ,5.0,7.0,45.0,55.0,258.73,36.6,14.68,1000.0,480.0
2021,Jul,Kuruvai/Sornavari,SALEM,tobacco,other crops,Well drained sandy loam and clayey loam soils ,7.5,8.5,90.0,100.0,517.95,28.9,25.11,800.0,1000.0
2021,May,Navarai/Kodai,MADURAI,Chekurmanis,minor vegetables,Sandy loam,5.5,7.5,90.0,120.0,712.06,32.03,29.23,900.0,1200.0
2022,Jun,Kuruvai/Sornavari,ERODE,gingely,oil seeds,"Loams, silt loams, clay loams, or silty clay loams",5.5,8.0,85.0,90.0,174.83,36.36,28.5,350.0,400.0
2023,Sep,Kuruvai/Sornavari,KARUR,Mint,minor vegetables,Loamy soil,6.5,7.0,100.0,120.0,388.62,25.54,21.82,1000.0,1100.0
2025,Mar,Navarai/Kodai,THIRUVANNAMALAI,wheat,cereals,Well Drained,6.0,7.0,80.0,90.0,237.37,25.32,25.27,450.0,650.0
2022,Sep,Kuruvai/Sornavari,ERODE,Chakravathi keerai,minor vegetables,Sandy loam,4.5,8.3,100.0,100.0,582.16,25.83,14.95,900.0,1200.0
2022,Mar,Navarai/Kodai,SIVAGANGAI,peas,vegetables,Sandy loam,6.5,7.5,60.0,70.0,556.46,31.59,14.46,900.0,1200.0
2024,May,Navarai/Kodai,DINDIGUL,fodder maize,forage crops,Well drained sandy loam and clayey loam soils ,5.5,8.0,60.0,70.0,221.65,43.95,10.89,500.0,480.0
2021,May,Navarai/Kodai,THIRUPPUR,carrot,Root&tuber,light or sandy loam soil,6.0,7.0,75.0,75.0,614.92,23.31,13.45,1000.0,1000.0
2023,Apr,Navarai/Kodai,RAMANATHANPURAM,elephant foot yam,Root&tuber,Rich red loamy soil,5.5,7.0,240.0,240.0,753.5,34.91,25.58,1000.0,1500.0
2021,Dec,Samba/Thaladi,KARUR,dioscorea,Root&tuber,well-drained soil,6.0,6.5,270.0,300.0,1085.0,34.1,30.0,1000.0,2000.0
2025,Apr,Navarai/Kodai,THIRUVANNAMALAI,tinda,vegetables,Sandy loam,6.5,7.5,70.0,70.0,471.17,27.46,23.66,900.0,1200.0
2022,Mar,Navarai/Kodai,CAUVERY,sugarbeet,sugar crops,Well drained sandy loam and clayey loam soils ,6.0,8.0,150.0,180.0,227.2,26.78,13.06,600.0,800.0
2025,Feb,Navarai/Kodai,TANJORE,tobacco,other crops,Well drained sandy loam and clayey loam soils ,7.5,8.5,90.0,100.0,420.64,29.12,24.65,800.0,1000.0
2025,Aug,Kuruvai/Sornavari,TANJORE,elephant foot yam,Root&tuber,Rich red loamy soil,5.5,7.0,240.0,240.0,378.86,32.15,27.19,1000.0,1500.0
2024,Dec,Samba/Thaladi,MADURAI,bottle gourd,vegetables,Sandy loam,6.0,6.7,120.0,120.0,639.94,26.04,21.28,900.0,1200.0
2021,Sep,Kuruvai/Sornavari,VIRUDHUNAGAR,Winged Bean,minor vegetables,Sandy loam,7.0,12.0,42.0,42.0,481.78,29.98,25.99,900.0,1200.0
2025,May,Navarai/Kodai,KOLLI HILLS,bellary onion,minor vegetables,Sandy loam,5.8,6.5,150.0,150.0,294.82,25.55,13.3,900.0,1200.0
2021,May,Navarai/Kodai,CHENGLEPUT,onion,vegetables, Any Loamy,5.8,6.5,100.0,120.0,329.81,25.48,24.13,350.0,550.0
2022,Apr,Navarai/Kodai,RAMANATHANPURAM,sunflower,oil seeds,"Loams, silt loams, clay loams, or silty clay loams",6.5,8.0,85.0,95.0,131.65,26.35,20.36,350.0,500.0
2021,Apr,Navarai/Kodai,THALAVADI HILLS,Celery,minor vegetables,Sandy loam,5.8,6.8,120.0,150.0,619.61,22.89,19.5,900.0,1200.0
2024,Dec,Samba/Thaladi,DHARMAPURI,wheat,cereals,Well Drained,6.0,7.0,80.0,90.0,390.7,25.25,23.06,450.0,650.0
2023,Jun,Kuruvai/Sornavari,DINDIGUL,rice,cereals,Alluvia or loamy and clayey soil,5.0,8.0,150.0,150.0,816.64,41.35,19.75,900.0,2500.0
2024,Sep,Kuruvai/Sornavari,KARUR,tomato,vegetables,Sandy loam,6.5,7.5,90.0,140.0,450.5,29.37,21.46,600.0,800.0
2021,Apr,Navarai/Kodai,THE NILGRIS,guinea grass,forage crops,Well drained sandy loam and clayey loam soils ,5.0,7.0,45.0,55.0,294.67,36.4,15.09,1000.0,480.0
2023,Aug,Kuruvai/Sornavari,KOLLI HILLS,greengram,pulses,well-drained sandy loams or sandy soils ,6.5,7.5,100.0,100.0,282.35,30.0,29.31,850.0,1000.0
2024,Sep,Kuruvai/Sornavari,VILLUPURAM,varagu,millets,clay-based soil,5.5,6.5,120.0,120.0,137.91,25.07,25.95,500.0,900.0
2024,Nov,Samba/Thaladi,VIRUDHUNAGAR,cauliflower,colecrops,LoamySandy,6.5,6.8,55.0,100.0,322.42,27.89,10.0,380.0,500.0
2024,Aug,Kuruvai/Sornavari,DHARMAPURI,kudirai masi,forage crops,Well drained sandy loam and clayey loam soils ,6.5,7.5,45.0,55.0,186.59,30.26,26.75,300.0,350.0
2023,Nov,Samba/Thaladi,PERAMBALUR,Celery,minor vegetables,Sandy loam,5.8,6.8,120.0,150.0,511.63,22.08,16.76,900.0,1200.0
2021,Sep,Kuruvai/Sornavari,PERAMBALUR,varagu,millets,clay-based soil,5.5,6.5,120.0,120.0,361.2,28.91,28.56,500.0,900.0
2024,Feb,Navarai/Kodai,THIRUCHIRAPALLI,Coccinia,minor vegetables,Sandy loam,6.0,6.5,90.0,90.0,577.86,30.96,22.92,900.0,1200.0
2024,May,Navarai/Kodai,PUDUKKOTTAI,Coccinia,minor vegetables,Sandy loam,6.0,6.5,90.0,90.0,720.39,28.59,24.23,900.0,1200.0
2024,Aug,Kuruvai/Sornavari,TIRUVARUR,colocasia,Root&tuber,Well grained deep loamy moist and alluviual soil,5.5,7.0,150.0,180.0,387.81,34.94,20.25,1000.0,1000.0
2021,Mar,Navarai/Kodai,THIRUCHIRAPALLI,Chakravathi keerai,minor vegetables,Sandy loam,4.5,8.3,100.0,100.0,418.79,25.75,15.73,900.0,1200.0
2021,Sep,Kuruvai/Sornavari,KANYAKUMARI,Palak,minor vegetables,Sandy loam,6.5,7.0,37.0,45.0,518.88,30.87,14.37,900.0,1200.0
2024,Aug,Kuruvai/Sornavari,THIRUVANNAMALAI,Rhubarb,minor vegetables,Sandy loam,6.0,6.8,56.0,70.0,704.54,25.02,10.0,900.0,1200.0
2024,Mar,Navarai/Kodai,DHARMAPURI,Bread fruit,minor vegetables,Sandy loam,6.1,7.4,100.0,100.0,820.58,37.2,15.63,2030.0,2540.0
2023,Sep,Kuruvai/Sornavari,THIRUCHIRAPALLI,Coccinia,minor vegetables,Sandy loam,6.0,6.5,90.0,90.0,237.05,31.51,18.64,900.0,1200.0
2021,Nov,Samba/Thaladi,COIMBATORE,cotton,fibre crop," black soils, (ii) red soils and (iii) alluvial soils.",7.0,8.0,135.0,140.0,835.59,31.44,19.66,700.0,1300.0
2021,Oct,Samba/Thaladi,ERODE,dioscorea,Root&tuber,well-drained soil,6.0,6.5,270.0,300.0,865.66,35.8,30.0,1000.0,2000.0
2024,May,Navarai/Kodai,THIRUVANNAMALAI,fodder cowpea,forage crops,Well drained sandy loam and clayey loam soils ,5.0,6.5,50.0,65.0,209.04,28.76,24.38,300.0,350.0
2022,Oct,Samba/Thaladi,TIRUVARUR,Phaseolus lunatus,minor vegetables,Sandy loam,6.0,6.8,90.0,90.0,361.76,27.09,16.59,900.0,2000.0
2021,Jun,Kuruvai/Sornavari,ARIYALUR,elephant foot yam,Root&tuber,Rich red loamy soil,5.5,7.0,240.0,240.0,281.45,33.05,24.04,1000.0,1500.0
2021,Nov,Samba/Thaladi,KARUR,paprika,vegetables,Sandy loam,5.8,6.5,160.0,180.0,403.17,30.21,23.94,700.0,1000.0
2024,May,Navarai/Kodai,KANCHEEPURAM,gingely,oil seeds,"Loams, silt loams, clay loams, or silty clay loams",5.5,8.0,85.0,90.0,168.14,36.11,24.71,350.0,400.0
2023,Jul,Kuruvai/Sornavari,DINDIGUL,wheat,cereals,Well Drained,6.0,7.0,80.0,90.0,355.64,25.25,21.49,450.0,650.0
2025,May,Navarai/Kodai,COIMBATORE,kollukattai pullu,forage crops,Well drained sandy loam and clayey loam soils ,7.0,7.5,45.0,55.0,126.69,29.21,22.59,500.0,480.0
2022,Aug,Kuruvai/Sornavari,CAUVERY,sugarbeet,sugar crops,Well drained sandy loam and clayey loam soils ,6.0,8.0,150.0,180.0,458.34,26.03,19.36,600.0,800.0
2024,Feb,Navarai/Kodai,KOLLI HILLS,fodder maize,forage crops,Well drained sandy loam and clayey loam soils ,5.5,8.0,60.0,70.0,267.35,42.06,10.71,500.0,480.0
2023,Jan,Navarai/Kodai,PUDUKKOTTAI,kudiraivali,millets,Loamy Soil,5.5,7.0,75.0,95.0,468.89,23.16,24.12,500.0,900.0
2021,Oct,Samba/Thaladi,ERODE,wheat,cereals,Well Drained,6.0,7.0,80.0,90.0,385.57,25.29,21.7,450.0,650.0
2025,Feb,Navarai/Kodai,SIVAGANGAI,gardenlablab,pulses,wide range of soils,6.0,7.0,75.0,100.0,229.88,33.91,20.09,650.0,1000.0
2021,May,Navarai/Kodai,THIRUCHIRAPALLI,broadbean,vegetables,Well drained loamy soil,5.5,6.0,80.0,100.0,410.05,24.53,12.57,900.0,1200.0
2023,Jun,Kuruvai/Sornavari,THIRUNELVELI,elephant foot yam,Root&tuber,Rich red loamy soil,5.5,7.0,240.0,240.0,421.13,35.42,28.49,1000.0,1500.0
2022,Oct,Samba/Thaladi,HILLY REGIONS OF SHEVROY,Basella,minor vegetables,Sandy loam,5.5,8.0,70.0,70.0,337.08,33.81,18.44,900.0,1200.0
2021,Jan,Navarai/Kodai,TIRUVARUR,peas,vegetables,Sandy loam,6.5,7.5,60.0,70.0,596.41,26.77,11.96,900.0,1200.0
2021,Aug,Kuruvai/Sornavari,DINDIGUL,velimasal,forage crops,Well drained sandy loam and clayey loam soils ,5.8,7.0,45.0,55.0,199.12,31.67,28.85,300.0,350.0
2024,Dec,Samba/Thaladi,THIRUCHIRAPALLI,fieldlablab,pulses,Well drained loamy soil,6.2,7.0,105.0,105.0,493.26,28.66,19.3,650.0,1000.0
2024,Feb,Navarai/Kodai,THIRUVALLUR,gardenlablab,pulses,wide range of soils,6.0,7.0,75.0,100.0,631.02,30.32,18.45,650.0,1000.0
2021,Apr,Navarai/Kodai,ERODE,sweet sorghum,sugar crops,Well drained sandy loam and clayey loam soils ,6.0,8.5,115.0,125.0,232.33,31.55,26.18,500.0,600.0
2021,Mar,Navarai/Kodai,SIVAGANGAI,Knol-khol,minor vegetables,Sandy loam,5.5,7.0,50.0,65.0,627.77,32.16,15.33,900.0,1200.0
2025,Jun,Kuruvai/Sornavari,ERODE,Pearl millet,millets,"clay, clay loam, or sandy loam soils",5.5,7.5,75.0,85.0,236.9,44.71,14.55,350.0,500.0
2022,Mar,Navarai/Kodai,COIMBATORE,tobacco,other crops,Well drained sandy loam and clayey loam soils ,7.5,8.5,90.0,100.0,515.38,28.4,24.79,800.0,1000.0
2023,Feb,Navarai/Kodai,VELLORE,samai,millets,Loamy Soil,8.5,9.0,80.0,100.0,473.63,40.96,25.25,480.0,750.0
2021,Sep,Kuruvai/Sornavari,VIRUDHUNAGAR,Chekurmanis,minor vegetables,Sandy loam,5.5,7.5,90.0,120.0,329.84,30.81,26.82,900.0,1200.0
2024,Jan,Navarai/Kodai,COIMBATORE,annual moringa,vegetables,Sandy loam,6.5,8.0,210.0,240.0,257.36,31.06,25.75,900.0,1200.0
2023,Jan,Navarai/Kodai,KARUR,watermelon,vegetables,Sandy,6.0,7.5,70.0,85.0,679.63,26.62,25.98,900.0,1200.0
2025,Oct,Samba/Thaladi,KARUR,Celery,minor vegetables,Sandy loam,5.8,6.8,120.0,150.0,549.89,22.76,17.21,900.0,1200.0
2024,Aug,Kuruvai/Sornavari,THE NILGRIS,bitter gourd,vegetables,Well drained loamy soil,6.5,7.0,55.0,60.0,577.52,28.5,25.71,900.0,1200.0
2022,Apr,Navarai/Kodai,CHENGLEPUT,radish,Root&tuber,Well grained deep loamy moist and alluviual soil,5.5,6.8,21.0,21.0,657.81,24.54,14.85,1000.0,1000.0
2021,Aug,Kuruvai/Sornavari,DHARMAPURI,panivaragu,millets,sandy loam to clays of black cotton soils,5.5,7.0,70.0,75.0,121.44,41.96,14.85,330.0,350.0
2021,Jan,Navarai/Kodai,RAMANATHANPURAM,colocasia,Root&tuber,Well grained deep loamy moist and alluviual soil,5.5,7.0,150.0,180.0,615.66,34.39,23.49,1000.0,1000.0
2023,Oct,Samba/Thaladi,CAUVERY,Bread fruit,minor vegetables,Sandy loam,6.1,7.4,100.0,100.0,921.11,35.51,19.61,2030.0,2540.0
2024,Apr,Navarai/Kodai,DHARMAPURI,curry leaf,greenleafy,Red sandy loam,5.2,5.5,90.0,85.0,341.18,32.21,24.56,1000.0,1000.0
2022,Nov,Samba/Thaladi,NAGAPATTINAM,paprika,vegetables,Sandy loam,5.8,6.5,160.0,180.0,214.49,31.05,24.55,700.0,1000.0
2022,May,Navarai/Kodai,HILLY REGIONS OF SHEVROY,Chinese cabbage,minor vegetables,Sandy loam,5.5,7.0,50.0,80.0,512.89,24.77,19.74,900.0,1200.0
2024,May,Navarai/Kodai,PERAMBALUR,Brussels sprout,minor vegetables,Sandy loam,6.5,6.8,12.0,12.0,274.25,25.98,17.77,900.0,1200.0
2024,Dec,Samba/Thaladi,NAMAKAL,Knol-khol,minor vegetables,Sandy loam,5.5,7.0,50.0,65.0,367.89,29.57,14.37,900.0,1200.0
2021,Jan,Navarai/Kodai,TANJORE,dioscorea,Root&tuber,well-drained soil,6.0,6.5,270.0,300.0,567.32,29.49,30.0,1000.0,2000.0
2021,Aug,Kuruvai/Sornavari,VILLUPURAM,fodder cowpea,forage crops,Well drained sandy loam and clayey loam soils ,5.0,6.5,50.0,65.0,157.76,28.64,23.4,300.0,350.0
2022,Dec,Samba/Thaladi,DINDIGUL,swordbean,pulses, well-drained sandy loams or sandy soils ,5.0,6.0,110.0,120.0,883.05,36.02,13.33,900.0,1500.0
2024,Nov,Samba/Thaladi,KANCHEEPURAM,soyabean,pulses,"Well-drained, Loamy Soil",6.0,7.0,90.0,100.0,174.27,31.09,19.59,450.0,700.0
2025,Nov,Samba/Thaladi,RAMANATHANPURAM,tomato,vegetables,Sandy loam,6.5,7.5,90.0,140.0,424.68,29.67,17.71,600.0,800.0
2025,Dec,Samba/Thaladi,HILLY REGIONS OF SHEVROY,velimasal,forage crops,Well drained sandy loam and clayey loam soils ,5.8,7.0,45.0,55.0,156.47,36.0,24.86,300.0,350.0
2023,Jan,Navarai/Kodai,KRISHNAGIRI,kollukattai pullu,forage crops,Well drained sandy loam and clayey loam soils ,7.0,7.5,45.0,55.0,151.66,27.22,18.25,500.0,480.0
2021,Dec,Samba/Thaladi,JAWAD HILLS,Winged Bean,minor vegetables,Sandy loam,7.0,12.0,42.0,42.0,262.59,31.44,28.77,900.0,1200.0
2023,Aug,Kuruvai/Sornavari,RAMANATHANPURAM,maize,millets,temperate podzols to the leached red soils of the tropics. ,5.5,7.0,105.0,110.0,493.79,27.56,21.64,500.0,800.0
2022,Feb,Navarai/Kodai,RAMANATHANPURAM,horsegram,pulses, light to heavy soils ,6.0,7.5,100.0,105.0,386.47,36.51,29.19,800.0,800.0
2022,Apr,Navarai/Kodai,THIRUCHIRAPALLI,fieldlablab,pulses,Well drained loamy soil,6.2,7.0,105.0,105.0,637.27,29.74,18.61,650.0,1000.0
2024,Jun,Kuruvai/Sornavari,THIRUCHIRAPALLI,pumpkin,vegetables,Loamy soil/ Lateritic soil,6.0,7.0,115.0,120.0,530.99,25.57,16.03,900.0,1200.0
2025,Jan,Navarai/Kodai,THENI,Asparagus,minor vegetables,Sandy loam,6.0,6.7,730.0,730.0,293.9,26.22,19.25,900.0,1200.0
2022,Dec,Samba/Thaladi,CAUVERY,sugarbeet,sugar crops,Well drained sandy loam and clayey loam soils ,6.0,8.0,150.0,180.0,274.39,25.14,14.95,600.0,800.0
2022,Mar,Navarai/Kodai,JAWAD HILLS,broadbean,vegetables,Well drained loamy soil,5.5,6.0,80.0,100.0,250.44,24.78,10.42,900.0,1200.0
2022,Dec,Samba/Thaladi,TIRUVARUR,cotton,fibre crop," black soils, (ii) red soils and (iii) alluvial soils.",7.0,8.0,135.0,140.0,594.65,30.18,24.3,700.0,1300.0
2024,Sep,Kuruvai/Sornavari,CUDDALORE,pumpkin,vegetables,Loamy soil/ Lateritic soil,6.0,7.0,115.0,120.0,631.93,27.74,21.86,900.0,1200.0
2022,May,Navarai/Kodai,SALEM,dioscorea,Root&tuber,well-drained soil,6.0,6.5,270.0,300.0,799.12,29.68,30.0,1000.0,2000.0
2023,May,Navarai/Kodai,THIRUPPUR,greengram,pulses,well-drained sandy loams or sandy soils ,6.5,7.5,100.0,100.0,500.61,36.48,24.6,850.0,1000.0
2021,Dec,Samba/Thaladi,TANJORE,Chinese cabbage,minor vegetables,Sandy loam,5.5,7.0,50.0,80.0,438.69,24.35,14.2,900.0,1200.0
2022,Oct,Samba/Thaladi,DINDIGUL,swordbean,pulses, well-drained sandy loams or sandy soils ,5.0,6.0,110.0,120.0,800.03,31.92,14.94,900.0,1500.0
2024,Jul,Kuruvai/Sornavari,SIVAGANGAI,swordbean,pulses, well-drained sandy loams or sandy soils ,5.0,6.0,110.0,120.0,355.06,36.91,15.2,900.0,1500.0
2022,Feb,Navarai/Kodai,KRISHNAGIRI,gingely,oil seeds,"Loams, silt loams, clay loams, or silty clay loams",5.5,8.0,85.0,90.0,121.33,30.33,23.14,350.0,400.0
2024,Sep,Kuruvai/Sornavari,ARIYALUR,cumbu napier hybrid,forage crops,Well drained sandy loam and clayey loam soils ,5.0,8.6,45.0,55.0,556.06,25.5,23.65,800.0,1000.0
2021,Dec,Samba/Thaladi,THIRUVALLUR,velimasal,forage crops,Well drained sandy loam and clayey loam soils ,5.8,7.0,45.0,55.0,222.76,31.19,28.72,300.0,350.0
2024,May,Navarai/Kodai,THIRUVANNAMALAI,jute,fibre crop,Sandy and Clay Loam,6.0,7.5,120.0,140.0,540.88,38.16,26.39,1000.0,1300.0
2022,Nov,Samba/Thaladi,THOOTHUKUDI,small onion,bulbvegetables,Sandy loam,6.0,7.0,70.0,90.0,436.98,25.03,19.52,650.0,750.0
2021,Jun,Kuruvai/Sornavari,THIRUCHIRAPALLI,tobacco,other crops,Well drained sandy loam and clayey loam soils ,7.5,8.5,90.0,100.0,557.48,33.9,25.08,800.0,1000.0
2025,Apr,Navarai/Kodai,VELLORE,samai,millets,Loamy Soil,8.5,9.0,80.0,100.0,221.09,39.52,27.0,480.0,750.0
2022,Nov,Samba/Thaladi,NAGAPATTINAM,bottle gourd,vegetables,Sandy loam,6.0,6.7,120.0,120.0,736.99,28.58,22.06,900.0,1200.0
2021,Jun,Kuruvai/Sornavari,THIRUVANNAMALAI,bottle gourd,vegetables,Sandy loam,6.0,6.7,120.0,120.0,684.59,26.19,18.91,900.0,1200.0
2023,Dec,Samba/Thaladi,DINDIGUL,bhendi,vegetables,Loamy soil/ Lateritic soil,6.0,6.8,55.0,65.0,302.86,25.06,23.91,1200.0,2200.0
2023,Oct,Samba/Thaladi,ERODE,broadbean,vegetables,Well drained loamy soil,5.5,6.0,80.0,100.0,409.38,23.83,14.57,900.0,1200.0
2021,Dec,Samba/Thaladi,RAMANATHANPURAM,Lettuce,minor vegetables,Sandy loam,6.0,6.5,45.0,55.0,388.91,24.99,21.55,900.0,1200.0
2024,Sep,Kuruvai/Sornavari,ARIYALUR,capsicum,vegetables,Loamy soil/ Lateritic soil,5.5,7.0,60.0,60.0,295.4,27.58,15.36,500.0,1200.0
2025,Sep,Kuruvai/Sornavari,PUDUKKOTTAI,gardenlablab,pulses,wide range of soils,6.0,7.0,75.0,100.0,396.43,31.05,17.52,650.0,1000.0
2023,Dec,Samba/Thaladi,MADURAI,bellary onion,minor vegetables,Sandy loam,5.8,6.5,150.0,150.0,472.41,25.41,16.65,900.0,1200.0
2021,Dec,Samba/Thaladi,KOLLI HILLS,Pearl millet,millets,"clay, clay loam, or sandy loam soils",5.5,7.5,75.0,85.0,186.46,43.71,14.89,350.0,500.0
2021,Oct,Samba/Thaladi,PUDUKKOTTAI,swordbean,pulses, well-drained sandy loams or sandy soils ,5.0,6.0,110.0,120.0,854.36,34.66,16.45,900.0,1500.0
2022,May,Navarai/Kodai,THIRUCHIRAPALLI,tobacco,other crops,Well drained sandy loam and clayey loam soils ,7.5,8.5,90.0,100.0,252.78,33.9,27.2,800.0,1000.0
2023,Apr,Navarai/Kodai,NAMAKAL,dioscorea,Root&tuber,well-drained soil,6.0,6.5,270.0,300.0,909.94,35.18,30.0,1000.0,2000.0
2025,Jan,Navarai/Kodai,VILLUPURAM,redgram,pulses,deep loam soils,6.5,7.0,120.0,150.0,696.92,25.27,20.34,600.0,1400.0
2023,Mar,Navarai/Kodai,JAWAD HILLS,muyal masal,forage crops,Well drained sandy loam and clayey loam soils ,5.5,7.5,75.0,65.0,238.11,32.37,23.49,500.0,480.0
2021,Jan,Navarai/Kodai,THOOTHUKUDI,bitter gourd,vegetables,Well drained loamy soil,6.5,7.0,55.0,60.0,602.58,26.21,23.38,900.0,1200.0
2025,Oct,Samba/Thaladi,DINDIGUL,rice,cereals,Alluvia or loamy and clayey soil,5.0,8.0,150.0,150.0,238.26,41.29,22.25,900.0,2500.0
2025,Nov,Samba/Thaladi,CUDDALORE,cucumber,vegetables,Loamy,6.5,7.5,120.0,120.0,458.99,36.39,28.28,1200.0,1500.0
2025,May,Navarai/Kodai,KARUR,Pearl millet,millets,"clay, clay loam, or sandy loam soils",5.5,7.5,75.0,85.0,103.48,44.95,15.2,350.0,500.0
2021,Mar,Navarai/Kodai,PERAMBALUR,soyabean,pulses,"Well-drained, Loamy Soil",6.0,7.0,90.0,100.0,248.22,31.2,19.32,450.0,700.0
2023,Jul,Kuruvai/Sornavari,CUDDALORE,pumpkin,vegetables,Loamy soil/ Lateritic soil,6.0,7.0,115.0,120.0,278.72,28.17,18.91,900.0,1200.0
2024,Nov,Samba/Thaladi,ERODE,gingely,oil seeds,"Loams, silt loams, clay loams, or silty clay loams",5.5,8.0,85.0,90.0,112.4,30.74,28.75,350.0,400.0
2023,Jul,Kuruvai/Sornavari,THALAVADI HILLS,soyabean,pulses,"Well-drained, Loamy Soil",6.0,7.0,90.0,100.0,458.95,29.8,15.87,450.0,700.0
2022,Feb,Navarai/Kodai,THIRUNELVELI,Chekurmanis,minor vegetables,Sandy loam,5.5,7.5,90.0,120.0,332.35,36.69,26.56,900.0,1200.0
2021,Sep,Kuruvai/Sornavari,COIMBATORE,groundnut,oil seeds,Well-drained sandy loam or sandy clay loam soil ,6.5,7.0,140.0,150.0,296.98,42.5,11.86,500.0,700.0
2024,Dec,Samba/Thaladi,JAWAD HILLS,cucumber,vegetables,Loamy,6.5,7.5,120.0,120.0,726.81,32.87,24.96,1200.0,1500.0
2024,Dec,Samba/Thaladi,COIMBATORE,Asparagus,minor vegetables,Sandy loam,6.0,6.7,730.0,730.0,771.35,26.83,19.36,900.0,1200.0
2024,Jul,Kuruvai/Sornavari,KANYAKUMARI,Asparagus,minor vegetables,Sandy loam,6.0,6.7,730.0,730.0,530.12,31.09,18.49,900.0,1200.0
2021,Jul,Kuruvai/Sornavari,THALAVADI HILLS,redgram,pulses,deep loam soils,6.5,7.0,120.0,150.0,807.86,27.54,19.83,600.0,1400.0
2025,Mar,Navarai/Kodai,MADURAI,Chinese cabbage,minor vegetables,Sandy loam,5.5,7.0,50.0,80.0,786.3,24.55,16.74,900.0,1200.0
2023,Sep,Kuruvai/Sornavari,THIRUPPUR,soyabean,pulses,"Well-drained, Loamy Soil",6.0,7.0,90.0,100.0,407.38,29.94,17.05,450.0,700.0
2024,Mar,Navarai/Kodai,ARIYALUR,Coccinia,minor vegetables,Sandy loam,6.0,6.5,90.0,90.0,552.17,32.58,18.77,900.0,1200.0
2024,Oct,Samba/Thaladi,SIVAGANGAI,chowchow,vegetables,Loamy soil/ Lateritic soil,5.5,6.5,150.0,150.0,805.03,24.34,16.29,1200.0,1500.0
2024,Oct,Samba/Thaladi,NAMAKAL,Chinese cabbage,minor vegetables,Sandy loam,5.5,7.0,50.0,80.0,543.36,24.46,18.37,900.0,1200.0
2022,Mar,Navarai/Kodai,THIRUVALLUR,Ceylon spinach,minor vegetables,Sandy loam,6.5,7.0,40.0,50.0,537.12,24.0,10.61,900.0,1200.0
2021,May,Navarai/Kodai,TIRUVARUR,french bean,vegetables,Well drained loamy soil,5.5,6.0,40.0,50.0,749.89,27.56,10.95,900.0,1200.0
2025,Jul,Kuruvai/Sornavari,JAWAD HILLS,chowchow,vegetables,Loamy soil/ Lateritic soil,5.5,6.5,150.0,150.0,760.48,24.12,20.74,1200.0,1500.0
2024,Feb,Navarai/Kodai,KOLLI HILLS,brinjal,vegetables,Loamy soil/ Lateritic soil,6.0,7.5,100.0,150.0,531.41,29.46,22.17,900.0,1200.0
2021,Dec,Samba/Thaladi,KRISHNAGIRI,brinjal,vegetables,Loamy soil/ Lateritic soil,6.0,7.5,100.0,150.0,637.85,25.6,21.9,900.0,1200.0
2022,Feb,Navarai/Kodai,SALEM,kudiraivali,millets,Loamy Soil,5.5,7.0,75.0,95.0,566.48,24.87,21.15,500.0,900.0
2024,Sep,Kuruvai/Sornavari,ARIYALUR,vegetable cowpea,vegetables,Sandy loam,5.6,6.0,45.0,90.0,505.31,27.13,22.58,900.0,1200.0
2021,Jul,Kuruvai/Sornavari,VIRUDHUNAGAR,velimasal,forage crops,Well drained sandy loam and clayey loam soils ,5.8,7.0,45.0,55.0,173.49,30.45,27.02,300.0,350.0
2025,Nov,Samba/Thaladi,THOOTHUKUDI,fodder maize,forage crops,Well drained sandy loam and clayey loam soils ,5.5,8.0,60.0,70.0,132.32,42.18,12.92,500.0,480.0
2024,Feb,Navarai/Kodai,KANCHEEPURAM,ribbed gourd,vegetables,Sandy Loam,6.5,7.5,125.0,125.0,261.23,34.56,24.32,900.0,1200.0
2024,Feb,Navarai/Kodai,VILLUPURAM,Chakravathi keerai,minor vegetables,Sandy loam,4.5,8.3,100.0,100.0,394.19,25.64,18.19,900.0,1200.0
2023,Feb,Navarai/Kodai,THIRUVANNAMALAI,thinai,millets,"alluvial,loamy ",5.5,7.0,85.0,90.0,293.81,28.7,19.32,500.0,900.0
2024,Jul,Kuruvai/Sornavari,CAUVERY,sugarbeet,sugar crops,Well drained sandy loam and clayey loam soils ,6.0,8.0,150.0,180.0,503.52,26.54,14.6,600.0,800.0
2023,Sep,Kuruvai/Sornavari,NAMAKAL,Pearl millet,millets,"clay, clay loam, or sandy loam soils",5.5,7.5,75.0,85.0,330.3,42.45,11.55,350.0,500.0
2021,Oct,Samba/Thaladi,THIRUPPUR,Ceylon spinach,minor vegetables,Sandy loam,6.5,7.0,40.0,50.0,788.51,24.57,14.37,900.0,1200.0
2024,Nov,Samba/Thaladi,COIMBATORE,vegetable cowpea,vegetables,Sandy loam,5.6,6.0,45.0,90.0,357.9,29.78,24.32,900.0,1200.0
2022,Jan,Navarai/Kodai,CAUVERY,sugarbeet,sugar crops,Well drained sandy loam and clayey loam soils ,6.0,8.0,150.0,180.0,377.12,25.25,15.5,600.0,800.0
2023,Sep,Kuruvai/Sornavari,CUDDALORE,kollukattai pullu,forage crops,Well drained sandy loam and clayey loam soils ,7.0,7.5,45.0,55.0,219.26,26.04,20.9,500.0,480.0
2021,Mar,Navarai/Kodai,HILLY REGIONS OF SHEVROY,Celery,minor vegetables,Sandy loam,5.8,6.8,120.0,150.0,511.18,22.85,13.36,900.0,1200.0
2021,Aug,Kuruvai/Sornavari,CAUVERY,sugarbeet,sugar crops,Well drained sandy loam and clayey loam soils ,6.0,8.0,150.0,180.0,278.65,26.11,18.17,600.0,800.0
2024,Nov,Samba/Thaladi,THENI,wheat,cereals,Well Drained,6.0,7.0,80.0,90.0,244.88,25.81,25.93,450.0,650.0
2025,Dec,Samba/Thaladi,KOLLI HILLS,soundal,forage crops,Well drained sandy loam and clayey loam soils ,5.5,7.5,40.0,80.0,306.89,32.15,18.25,500.0,480.0
2024,May,Navarai/Kodai,SIVAGANGAI,sunflower,oil seeds,"Loams, silt loams, clay loams, or silty clay loams",6.5,8.0,85.0,95.0,305.12,25.89,23.72,350.0,500.0
2023,Sep,Kuruvai/Sornavari,MADURAI,onion,vegetables, Any Loamy,5.8,6.5,100.0,120.0,155.15,25.06,19.4,350.0,550.0
2025,May,Navarai/Kodai,THIRUVANNAMALAI,fieldlablab,pulses,Well drained loamy soil,6.2,7.0,105.0,105.0,632.55,27.82,22.79,650.0,1000.0
2021,Apr,Navarai/Kodai,THIRUVANNAMALAI,gingely,oil seeds,"Loams, silt loams, clay loams, or silty clay loams",5.5,8.0,85.0,90.0,244.09,30.21,28.09,350.0,400.0
2021,Apr,Navarai/Kodai,TIRUVARUR,fodder cumbu,forage crops,Well drained sandy loam and clayey loam soils ,4.0,7.5,45.0,120.0,264.71,35.08,23.57,500.0,480.0
2025,Mar,Navarai/Kodai,DHARMAPURI,sunflower,oil seeds,"Loams, silt loams, clay loams, or silty clay loams",6.5,8.0,85.0,95.0,154.86,26.09,22.58,350.0,500.0
2024,Sep,Kuruvai/Sornavari,HILLY REGIONS OF SHEVROY,kollukattai pullu,forage crops,Well drained sandy loam and clayey loam soils ,7.0,7.5,45.0,55.0,219.63,29.59,24.17,500.0,480.0
2023,Apr,Navarai/Kodai,KANYAKUMARI,Ceylon spinach,minor vegetables,Sandy loam,6.5,7.0,40.0,50.0,262.94,24.57,10.12,900.0,1200.0
2021,Sep,Kuruvai/Sornavari,CUDDALORE,curry leaf,greenleafy,Red sandy loam,5.2,5.5,90.0,85.0,414.83,35.18,24.05,1000.0,1000.0
2025,Nov,Samba/Thaladi,NAMAKAL,tapoica,Root&tuber,Red lateritic loam,5.5,7.0,270.0,300.0,330.5,28.03,28.25,1000.0,1000.0
2021,May,Navarai/Kodai,NAGAPATTINAM,horsegram,pulses, light to heavy soils ,6.0,7.5,100.0,105.0,339.73,40.79,23.29,800.0,800.0
2025,Jul,Kuruvai/Sornavari,TANJORE,fodder maize,forage crops,Well drained sandy loam and clayey loam soils ,5.5,8.0,60.0,70.0,142.08,41.46,12.43,500.0,480.0
2025,Jan,Navarai/Kodai,NAMAKAL,kollukattai pullu,forage crops,Well drained sandy loam and clayey loam soils ,7.0,7.5,45.0,55.0,167.08,29.62,20.06,500.0,480.0
2025,Sep,Kuruvai/Sornavari,THOOTHUKUDI,panivaragu,millets,sandy loam to clays of black cotton soils,5.5,7.0,70.0,75.0,118.23,44.5,11.77,330.0,350.0
2023,Dec,Samba/Thaladi,DHARMAPURI,safflower,oil seeds,"Loams, silt loams, clay loams, or silty clay loams",5.4,8.2,120.0,125.0,444.11,35.57,24.17,550.0,725.0
2024,Jul,Kuruvai/Sornavari,CAUVERY,Mint,minor vegetables,Loamy soil,6.5,7.0,100.0,120.0,551.3,25.79,24.56,1000.0,1100.0
2021,Mar,Navarai/Kodai,VIRUDHUNAGAR,soundal,forage crops,Well drained sandy loam and clayey loam soils ,5.5,7.5,40.0,80.0,312.97,32.5,23.11,500.0,480.0
2023,Jan,Navarai/Kodai,TANJORE,varagu,millets,clay-based soil,5.5,6.5,120.0,120.0,426.47,28.94,27.68,500.0,900.0
2025,Nov,Samba/Thaladi,NAMAKAL,samai,millets,Loamy Soil,8.5,9.0,80.0,100.0,145.33,39.46,27.68,480.0,750.0
2023,Feb,Navarai/Kodai,VELLORE,sweet potato,Root&tuber,well-drained soil,5.7,6.7,90.0,120.0,483.84,27.8,22.35,1000.0,1000.0
2021,Apr,Navarai/Kodai,TANJORE,swordbean,pulses, well-drained sandy loams or sandy soils ,5.0,6.0,110.0,120.0,289.89,35.34,15.63,900.0,1500.0
2023,Jun,Kuruvai/Sornavari,THE NILGRIS,annual moringa,vegetables,Sandy loam,6.5,8.0,210.0,240.0,759.9,33.09,28.22,900.0,1200.0
2022,Nov,Samba/Thaladi,VELLORE,maize,millets,temperate podzols to the leached red soils of the tropics. ,5.5,7.0,105.0,110.0,130.58,25.15,16.94,500.0,800.0
2023,May,Navarai/Kodai,HILLY REGIONS OF SHEVROY,bottle gourd,vegetables,Sandy loam,6.0,6.7,120.0,120.0,410.17,25.32,18.01,900.0,1200.0
2023,Aug,Kuruvai/Sornavari,NAMAKAL,cluster bean,vegetables,Sandy Loam,7.0,8.5,60.0,90.0,419.01,25.21,22.02,900.0,1200.0
2024,Apr,Navarai/Kodai,HILLY REGIONS OF SHEVROY,Bread fruit,minor vegetables,Sandy loam,6.1,7.4,100.0,100.0,1009.23,36.22,19.79,2030.0,2540.0
2025,Aug,Kuruvai/Sornavari,NAGAPATTINAM,ash gourd,vegetables,Sandy loam,6.0,6.7,120.0,120.0,227.76,28.42,23.3,900.0,1200.0
2021,Jun,Kuruvai/Sornavari,SALEM,kudiraivali,millets,Loamy Soil,5.5,7.0,75.0,95.0,586.48,24.58,19.94,500.0,900.0
2025,Jul,Kuruvai/Sornavari,JAWAD HILLS,soyabean,pulses,"Well-drained, Loamy Soil",6.0,7.0,90.0,100.0,212.83,30.63,14.5,450.0,700.0
2021,Mar,Navarai/Kodai,DHARMAPURI,sunflower,oil seeds,"Loams, silt loams, clay loams, or silty clay loams",6.5,8.0,85.0,95.0,258.65,25.61,19.86,350.0,500.0
2021,Jun,Kuruvai/Sornavari,ARIYALUR,kollukattai pullu,forage crops,Well drained sandy loam and clayey loam soils ,7.0,7.5,45.0,55.0,275.62,27.41,24.98,500.0,480.0
2024,Jun,Kuruvai/Sornavari,TIRUVARUR,jute,fibre crop,Sandy and Clay Loam,6.0,7.5,120.0,140.0,865.78,34.31,22.47,1000.0,1300.0
2022,Jun,Kuruvai/Sornavari,THENI,thinai,millets,"alluvial,loamy ",5.5,7.0,85.0,90.0,252.93,26.92,23.27,500.0,900.0
2022,May,Navarai/Kodai,DINDIGUL,watermelon,vegetables,Sandy,6.0,7.5,70.0,85.0,795.87,25.38,24.23,900.0,1200.0
2023,Jun,Kuruvai/Sornavari,THIRUCHIRAPALLI,tobacco,other crops,Well drained sandy loam and clayey loam soils ,7.5,8.5,90.0,100.0,635.53,32.94,27.13,800.0,1000.0
2021,Feb,Navarai/Kodai,THENI,Knol-khol,minor vegetables,Sandy loam,5.5,7.0,50.0,65.0,576.2,31.11,19.59,900.0,1200.0
2024,Apr,Navarai/Kodai,THOOTHUKUDI,chillies,vegetables,Loamy soil/ Lateritic soil,6.0,6.8,120.0,120.0,127.05,27.65,27.26,500.0,500.0
2022,Apr,Navarai/Kodai,CAUVERY,tomato,vegetables,Sandy loam,6.5,7.5,90.0,140.0,282.17,31.27,20.61,600.0,800.0
2021,Feb,Navarai/Kodai,DINDIGUL,greengram,pulses,well-drained sandy loams or sandy soils ,6.5,7.5,100.0,100.0,460.91,36.15,27.73,850.0,1000.0
2022,Nov,Samba/Thaladi,CUDDALORE,Coccinia,minor vegetables,Sandy loam,6.0,6.5,90.0,90.0,364.64,28.34,22.63,900.0,1200.0
2021,Jun,Kuruvai/Sornavari,THIRUPPUR,horsegram,pulses, light to heavy soils ,6.0,7.5,100.0,105.0,231.91,38.63,27.97,800.0,800.0
2022,Feb,Navarai/Kodai,THENI,Cabbage,colecrops,LoamySandy,6.0,6.5,80.0,180.0,309.0,28.0,10.27,380.0,500.0
2023,Dec,Samba/Thaladi,NAMAKAL,groundnut,oil seeds,Well-drained sandy loam or sandy clay loam soil ,6.5,7.0,140.0,150.0,283.89,42.15,11.54,500.0,700.0
2021,Apr,Navarai/Kodai,THIRUNELVELI,soundal,forage crops,Well drained sandy loam and clayey loam soils ,5.5,7.5,40.0,80.0,210.97,35.91,20.93,500.0,480.0
2021,Jun,Kuruvai/Sornavari,THIRUVALLUR,fodder maize,forage crops,Well drained sandy loam and clayey loam soils ,5.5,8.0,60.0,70.0,304.85,44.77,10.67,500.0,480.0
2021,Mar,Navarai/Kodai,DHARMAPURI,brinjal,vegetables,Loamy soil/ Lateritic soil,6.0,7.5,100.0,150.0,403.21,28.94,17.14,900.0,1200.0
2023,Nov,Samba/Thaladi,MADURAI,sunflower,oil seeds,"Loams, silt loams, clay loams, or silty clay loams",6.5,8.0,85.0,95.0,161.49,26.52,22.73,350.0,500.0
2023,Oct,Samba/Thaladi,DHARMAPURI,cumbu napier hybrid,forage crops,Well drained sandy loam and clayey loam soils ,5.0,8.6,45.0,55.0,352.96,25.37,22.5,800.0,1000.0
2025,Oct,Samba/Thaladi,CUDDALORE,fodder cowpea,forage crops,Well drained sandy loam and clayey loam soils ,5.0,6.5,50.0,65.0,141.18,25.17,18.56,300.0,350.0
2023,Sep,Kuruvai/Sornavari,CHENGLEPUT,small onion,bulbvegetables,Sandy loam,6.0,7.0,70.0,90.0,251.11,26.05,20.07,650.0,750.0
2024,Jul,Kuruvai/Sornavari,SALEM,groundnut,oil seeds,Well-drained sandy loam or sandy clay loam soil ,6.5,7.0,140.0,150.0,277.37,42.12,14.47,500.0,700.0
2025,Jul,Kuruvai/Sornavari,VILLUPURAM,fodder cumbu,forage crops,Well drained sandy loam and clayey loam soils ,4.0,7.5,45.0,120.0,313.11,34.05,28.25,500.0,480.0
2025,Apr,Navarai/Kodai,THENI,Ceylon spinach,minor vegetables,Sandy loam,6.5,7.0,40.0,50.0,583.91,24.91,11.7,900.0,1200.0
2021,May,Navarai/Kodai,VIRUDHUNAGAR,muyal masal,forage crops,Well drained sandy loam and clayey loam soils ,5.5,7.5,75.0,65.0,221.24,31.26,28.36,500.0,480.0
2021,Jun,Kuruvai/Sornavari,VIRUDHUNAGAR,brinjal,vegetables,Loamy soil/ Lateritic soil,6.0,7.5,100.0,150.0,316.98,29.34,17.03,900.0,1200.0
2022,Nov,Samba/Thaladi,TANJORE,guinea grass,forage crops,Well drained sandy loam and clayey loam soils ,5.0,7.0,45.0,55.0,297.9,38.11,16.17,1000.0,480.0
2025,Nov,Samba/Thaladi,SALEM,fodder cholam,forage crops,Well drained sandy loam and clayey loam soils ,5.5,7.5,1095.0,1095.0,133.31,32.57,29.4,300.0,350.0
2024,Jan,Navarai/Kodai,SIVAGANGAI,ragi,millets,"red, black, sandy, loamy and shallow black soils.",5.0,8.2,100.0,120.0,673.47,27.33,11.61,700.0,1200.0
2025,Nov,Samba/Thaladi,VELLORE,Phaseolus lunatus,minor vegetables,Sandy loam,6.0,6.8,90.0,90.0,1002.8,26.76,18.53,900.0,2000.0
2023,Feb,Navarai/Kodai,ERODE,kollukattai pullu,forage crops,Well drained sandy loam and clayey loam soils ,7.0,7.5,45.0,55.0,160.34,28.6,19.62,500.0,480.0
2021,Jul,Kuruvai/Sornavari,SIVAGANGAI,Knol-khol,minor vegetables,Sandy loam,5.5,7.0,50.0,65.0,513.33,30.02,18.2,900.0,1200.0
2022,Oct,Samba/Thaladi,KOLLI HILLS,cauliflower,colecrops,LoamySandy,6.5,6.8,55.0,100.0,247.07,27.07,10.0,380.0,500.0
2021,Dec,Samba/Thaladi,ERODE,Butter bean,minor vegetables,Sandy loam,6.0,7.0,80.0,100.0,521.31,26.24,18.88,900.0,1200.0
2022,Sep,Kuruvai/Sornavari,RAMANATHANPURAM,french bean,vegetables,Well drained loamy soil,5.5,6.0,40.0,50.0,392.5,25.6,14.13,900.0,1200.0
2025,Apr,Navarai/Kodai,TIRUVARUR,onion,vegetables, Any Loamy,5.8,6.5,100.0,120.0,268.32,26.49,21.54,350.0,550.0
2022,Jul,Kuruvai/Sornavari,KRISHNAGIRI,Mint,minor vegetables,Loamy soil,6.5,7.0,100.0,120.0,675.77,25.55,18.43,1000.0,1100.0
2024,Jun,Kuruvai/Sornavari,ERODE,bottle gourd,vegetables,Sandy loam,6.0,6.7,120.0,120.0,644.07,27.98,17.72,900.0,1200.0
2021,May,Navarai/Kodai,THIRUVALLUR,greengram,pulses,well-drained sandy loams or sandy soils ,6.5,7.5,100.0,100.0,551.96,31.73,26.39,850.0,1000.0
2024,Oct,Samba/Thaladi,THIRUPPUR,greengram,pulses,well-drained sandy loams or sandy soils ,6.5,7.5,100.0,100.0,346.59,34.45,25.55,850.0,1000.0
2024,Nov,Samba/Thaladi,THALAVADI HILLS,Pearl millet,millets,"clay, clay loam, or sandy loam soils",5.5,7.5,75.0,85.0,267.52,41.68,13.66,350.0,500.0
2023,Jul,Kuruvai/Sornavari,NAGAPATTINAM,ribbed gourd,vegetables,Sandy Loam,6.5,7.5,125.0,125.0,379.56,33.7,25.88,900.0,1200.0
2021,Aug,Kuruvai/Sornavari,THALAVADI HILLS,ragi,millets,"red, black, sandy, loamy and shallow black soils.",5.0,8.2,100.0,120.0,706.61,28.19,13.95,700.0,1200.0
2024,Jun,Kuruvai/Sornavari,HILLY REGIONS OF SHEVROY,snake gourd,vegetables,Loamy soil/ Lateritic soil,6.0,6.7,90.0,90.0,227.86,26.97,16.89,900.0,1200.0
2024,Jan,Navarai/Kodai,MADURAI,fodder cowpea,forage crops,Well drained sandy loam and clayey loam soils ,5.0,6.5,50.0,65.0,222.7,29.2,21.33,300.0,350.0
2024,Jan,Navarai/Kodai,VIRUDHUNAGAR,curry leaf,greenleafy,Red sandy loam,5.2,5.5,90.0,85.0,473.12,32.54,28.28,1000.0,1000.0
2022,Jun,Kuruvai/Sornavari,CUDDALORE,Bread fruit,minor vegetables,Sandy loam,6.1,7.4,100.0,100.0,1483.02,35.3,16.83,2030.0,2540.0
2023,Jul,Kuruvai/Sornavari,COIMBATORE,radish,Root&tuber,Well grained deep loamy moist and alluviual soil,5.5,6.8,21.0,21.0,289.0,23.93,12.98,1000.0,1000.0
2021,Aug,Kuruvai/Sornavari,THIRUNELVELI,Chekurmanis,minor vegetables,Sandy loam,5.5,7.5,90.0,120.0,423.6,30.93,29.51,900.0,1200.0
2025,Mar,Navarai/Kodai,MADURAI,ribbed gourd,vegetables,Sandy Loam,6.5,7.5,125.0,125.0,239.57,30.11,26.2,900.0,1200.0
2025,Mar,Navarai/Kodai,THIRUVANNAMALAI,beetroot,Root&tuber,all types of friable soil,6.0,7.0,45.0,65.0,563.61,24.01,22.7,1000.0,1000.0
2023,Nov,Samba/Thaladi,THIRUPPUR,radish,Root&tuber,Well grained deep loamy moist and alluviual soil,5.5,6.8,21.0,21.0,439.3,20.26,11.45,1000.0,1000.0
2025,Dec,Samba/Thaladi,PUDUKKOTTAI,Bread fruit,minor vegetables,Sandy loam,6.1,7.4,100.0,100.0,704.15,35.08,19.84,2030.0,2540.0
2024,Apr,Navarai/Kodai,PUDUKKOTTAI,kollukattai pullu,forage crops,Well drained sandy loam and clayey loam soils ,7.0,7.5,45.0,55.0,253.54,29.72,23.63,500.0,480.0
2021,Dec,Samba/Thaladi,VELLORE,wheat,cereals,Well Drained,6.0,7.0,80.0,90.0,179.53,25.93,19.49,450.0,650.0
2024,Jan,Navarai/Kodai,PUDUKKOTTAI,sweet potato,Root&tuber,well-drained soil,5.7,6.7,90.0,120.0,480.62,26.92,23.32,1000.0,1000.0
2025,Apr,Navarai/Kodai,JAWAD HILLS,blackgram,pulses,sandy soils to heavy cotton soils,6.5,7.8,70.0,75.0,505.49,40.81,18.7,600.0,1000.0
2021,Feb,Navarai/Kodai,MADURAI,samai,millets,Loamy Soil,8.5,9.0,80.0,100.0,327.75,39.49,27.64,480.0,750.0
2021,Jan,Navarai/Kodai,NAMAKAL,horsegram,pulses, light to heavy soils ,6.0,7.5,100.0,105.0,427.12,39.54,24.62,800.0,800.0
2022,Apr,Navarai/Kodai,VILLUPURAM,jute,fibre crop,Sandy and Clay Loam,6.0,7.5,120.0,140.0,567.7,39.59,28.17,1000.0,1300.0
2025,May,Navarai/Kodai,CUDDALORE,cucumber,vegetables,Loamy,6.5,7.5,120.0,120.0,953.43,36.15,28.28,1200.0,1500.0
2025,Mar,Navarai/Kodai,NAMAKAL,soundal,forage crops,Well drained sandy loam and clayey loam soils ,5.5,7.5,40.0,80.0,207.24,31.53,22.53,500.0,480.0
2022,Jun,Kuruvai/Sornavari,THIRUVANNAMALAI,greengram,pulses,well-drained sandy loams or sandy soils ,6.5,7.5,100.0,100.0,620.19,36.05,26.37,850.0,1000.0
2022,Sep,Kuruvai/Sornavari,SALEM,tobacco,other crops,Well drained sandy loam and clayey loam soils ,7.5,8.5,90.0,100.0,468.27,33.86,29.29,800.0,1000.0
2021,Jun,Kuruvai/Sornavari,NAGAPATTINAM,velimasal,forage crops,Well drained sandy loam and clayey loam soils ,5.8,7.0,45.0,55.0,94.69,34.83,26.37,300.0,350.0
2021,Jun,Kuruvai/Sornavari,HILLY REGIONS OF SHEVROY,Celery,minor vegetables,Sandy loam,5.8,6.8,120.0,150.0,269.82,24.9,13.46,900.0,1200.0
2025,Dec,Samba/Thaladi,DHARMAPURI,ash gourd,vegetables,Sandy loam,6.0,6.7,120.0,120.0,339.48,29.4,23.47,900.0,1200.0
2023,Mar,Navarai/Kodai,KARUR,Coccinia,minor vegetables,Sandy loam,6.0,6.5,90.0,90.0,251.89,31.37,19.06,900.0,1200.0
2023,Dec,Samba/Thaladi,CHENGLEPUT,sweet sorghum,sugar crops,Well drained sandy loam and clayey loam soils ,6.0,8.5,115.0,125.0,301.35,28.28,29.33,500.0,600.0
2025,Nov,Samba/Thaladi,THE NILGRIS,colocasia,Root&tuber,Well grained deep loamy moist and alluviual soil,5.5,7.0,150.0,180.0,250.52,34.76,19.55,1000.0,1000.0
2021,Nov,Samba/Thaladi,COIMBATORE,swordbean,pulses, well-drained sandy loams or sandy soils ,5.0,6.0,110.0,120.0,818.03,36.57,12.27,900.0,1500.0
2025,Jan,Navarai/Kodai,PUDUKKOTTAI,tinda,vegetables,Sandy loam,6.5,7.5,70.0,70.0,633.15,31.88,28.65,900.0,1200.0
2022,Apr,Navarai/Kodai,VILLUPURAM,redgram,pulses,deep loam soils,6.5,7.0,120.0,150.0,655.17,27.23,22.26,600.0,1400.0
2024,Dec,Samba/Thaladi,THOOTHUKUDI,tinda,vegetables,Sandy loam,6.5,7.5,70.0,70.0,741.61,25.26,26.45,900.0,1200.0
2025,Jan,Navarai/Kodai,DHARMAPURI,kudirai masi,forage crops,Well drained sandy loam and clayey loam soils ,6.5,7.5,45.0,55.0,97.27,36.27,23.4,300.0,350.0
2023,Dec,Samba/Thaladi,THIRUNELVELI,ribbed gourd,vegetables,Sandy Loam,6.5,7.5,125.0,125.0,492.93,33.04,24.05,900.0,1200.0
2021,Nov,Samba/Thaladi,DINDIGUL,chillies,vegetables,Loamy soil/ Lateritic soil,6.0,6.8,120.0,120.0,254.82,25.36,24.05,500.0,500.0
2022,Aug,Kuruvai/Sornavari,DINDIGUL,celery,greenleafy,Silt Loam to loamy,6.0,8.5,120.0,150.0,395.9,30.86,15.02,1000.0,1000.0
2022,Jul,Kuruvai/Sornavari,THOOTHUKUDI,bengalgram,pulses,medium to heavy black soil,5.5,7.0,90.0,120.0,177.68,26.64,20.42,650.0,1000.0
2022,Oct,Samba/Thaladi,THIRUPPUR,colocasia,Root&tuber,Well grained deep loamy moist and alluviual soil,5.5,7.0,150.0,180.0,451.46,32.37,23.94,1000.0,1000.0
2023,Sep,Kuruvai/Sornavari,DHARMAPURI,gingely,oil seeds,"Loams, silt loams, clay loams, or silty clay loams",5.5,8.0,85.0,90.0,179.8,33.81,27.86,350.0,400.0
2022,Nov,Samba/Thaladi,DINDIGUL,Brussels sprout,minor vegetables,Sandy loam,6.5,6.8,12.0,12.0,786.7,26.64,13.87,900.0,1200.0
2021,May,Navarai/Kodai,NAGAPATTINAM,vegetable cowpea,vegetables,Sandy loam,5.6,6.0,45.0,90.0,649.58,27.91,20.69,900.0,1200.0
2022,May,Navarai/Kodai,DINDIGUL,capsicum,vegetables,Loamy soil/ Lateritic soil,5.5,7.0,60.0,60.0,321.33,29.06,17.16,500.0,1200.0
2023,Feb,Navarai/Kodai,CAUVERY,Celery,minor vegetables,Sandy loam,5.8,6.8,120.0,150.0,231.17,24.39,17.83,900.0,1200.0
2024,Sep,Kuruvai/Sornavari,VELLORE,ragi,millets,"red, black, sandy, loamy and shallow black soils.",5.0,8.2,100.0,120.0,376.31,28.3,12.15,700.0,1200.0
2025,Apr,Navarai/Kodai,THIRUVANNAMALAI,fodder cowpea,forage crops,Well drained sandy loam and clayey loam soils ,5.0,6.5,50.0,65.0,101.77,27.29,19.7,300.0,350.0
2021,Dec,Samba/Thaladi,PERAMBALUR,fieldlablab,pulses,Well drained loamy soil,6.2,7.0,105.0,105.0,349.79,31.08,18.65,650.0,1000.0
2021,May,Navarai/Kodai,MADURAI,tobacco,other crops,Well drained sandy loam and clayey loam soils ,7.5,8.5,90.0,100.0,220.86,29.49,28.92,800.0,1000.0
2024,Dec,Samba/Thaladi,SALEM,rice,cereals,Alluvia or loamy and clayey soil,5.0,8.0,150.0,150.0,1201.82,35.29,22.14,900.0,2500.0
2021,May,Navarai/Kodai,VELLORE,tomato,vegetables,Sandy loam,6.5,7.5,90.0,140.0,463.85,27.28,19.3,600.0,800.0
2025,Aug,Kuruvai/Sornavari,THIRUVANNAMALAI,Butter bean,minor vegetables,Sandy loam,6.0,7.0,80.0,100.0,733.44,28.69,16.87,900.0,1200.0
2023,Jul,Kuruvai/Sornavari,ERODE,sunflower,oil seeds,"Loams, silt loams, clay loams, or silty clay loams",6.5,8.0,85.0,95.0,255.43,26.21,18.56,350.0,500.0
2022,Dec,Samba/Thaladi,DINDIGUL,samai,millets,Loamy Soil,8.5,9.0,80.0,100.0,348.23,37.78,26.68,480.0,750.0
2022,Mar,Navarai/Kodai,THENI,fodder cowpea,forage crops,Well drained sandy loam and clayey loam soils ,5.0,6.5,50.0,65.0,188.87,31.73,24.25,300.0,350.0
2024,Jun,Kuruvai/Sornavari,HILLY REGIONS OF SHEVROY,horsegram,pulses, light to heavy soils ,6.0,7.5,100.0,105.0,280.18,36.61,25.88,800.0,800.0
2021,Feb,Navarai/Kodai,ERODE,cucumber,vegetables,Loamy,6.5,7.5,120.0,120.0,304.12,30.83,29.1,1200.0,1500.0
2021,Jan,Navarai/Kodai,PUDUKKOTTAI,Chekurmanis,minor vegetables,Sandy loam,5.5,7.5,90.0,120.0,352.76,33.7,28.97,900.0,1200.0
2023,Aug,Kuruvai/Sornavari,CUDDALORE,Chakravathi keerai,minor vegetables,Sandy loam,4.5,8.3,100.0,100.0,391.07,25.61,19.89,900.0,1200.0
2022,Jun,Kuruvai/Sornavari,THIRUVANNAMALAI,fodder cowpea,forage crops,Well drained sandy loam and clayey loam soils ,5.0,6.5,50.0,65.0,150.22,29.11,23.57,300.0,350.0
2025,Jun,Kuruvai/Sornavari,SALEM,cluster bean,vegetables,Sandy Loam,7.0,8.5,60.0,90.0,484.9,26.26,24.63,900.0,1200.0
2023,Jun,Kuruvai/Sornavari,VIRUDHUNAGAR,soundal,forage crops,Well drained sandy loam and clayey loam soils ,5.5,7.5,40.0,80.0,303.12,34.82,20.06,500.0,480.0
2024,Jun,Kuruvai/Sornavari,THE NILGRIS,onion,vegetables, Any Loamy,5.8,6.5,100.0,120.0,294.51,26.54,19.1,350.0,550.0
2024,Dec,Samba/Thaladi,THENI,chillies,vegetables,Loamy soil/ Lateritic soil,6.0,6.8,120.0,120.0,291.88,31.51,25.16,500.0,500.0
2021,Jan,Navarai/Kodai,DHARMAPURI,beetroot,Root&tuber,all types of friable soil,6.0,7.0,45.0,65.0,266.38,24.26,21.53,1000.0,1000.0
2023,Dec,Samba/Thaladi,THIRUVALLUR,horsegram,pulses, light to heavy soils ,6.0,7.5,100.0,105.0,376.65,37.34,25.76,800.0,800.0
2021,Sep,Kuruvai/Sornavari,THOOTHUKUDI,gardenlablab,pulses,wide range of soils,6.0,7.0,75.0,100.0,336.33,35.56,22.19,650.0,1000.0
2025,Jan,Navarai/Kodai,RAMANATHANPURAM,brinjal,vegetables,Loamy soil/ Lateritic soil,6.0,7.5,100.0,150.0,395.96,30.62,21.16,900.0,1200.0
2024,Aug,Kuruvai/Sornavari,THIRUNELVELI,muskmelon,vegetables,Sandy Loam,6.5,7.5,70.0,100.0,327.46,34.03,23.76,900.0,1200.0
2023,Nov,Samba/Thaladi,TANJORE,groundnut,oil seeds,Well-drained sandy loam or sandy clay loam soil ,6.5,7.0,140.0,150.0,322.81,43.51,13.5,500.0,700.0
2022,Dec,Samba/Thaladi,CHENGLEPUT,chowchow,vegetables,Loamy soil/ Lateritic soil,5.5,6.5,150.0,150.0,981.37,24.48,22.4,1200.0,1500.0
2021,Sep,Kuruvai/Sornavari,THIRUPPUR,Bread fruit,minor vegetables,Sandy loam,6.1,7.4,100.0,100.0,647.62,34.97,14.1,2030.0,2540.0
2023,Apr,Navarai/Kodai,VIRUDHUNAGAR,Mint,minor vegetables,Loamy soil,6.5,7.0,100.0,120.0,655.01,25.35,19.18,1000.0,1100.0
2025,Jun,Kuruvai/Sornavari,ERODE,Lettuce,minor vegetables,Sandy loam,6.0,6.5,45.0,55.0,695.5,24.04,17.81,900.0,1200.0
2025,Feb,Navarai/Kodai,CHENGLEPUT,colocasia,Root&tuber,Well grained deep loamy moist and alluviual soil,5.5,7.0,150.0,180.0,311.38,31.64,20.6,1000.0,1000.0
2024,Dec,Samba/Thaladi,KANCHEEPURAM,chinese potato,Root&tuber,well-drained soil,4.8,5.8,120.0,150.0,428.86,24.3,13.38,1000.0,1000.0
2023,Sep,Kuruvai/Sornavari,PUDUKKOTTAI,redgram,pulses,deep loam soils,6.5,7.0,120.0,150.0,521.43,30.83,22.83,600.0,1400.0
2024,Sep,Kuruvai/Sornavari,PUDUKKOTTAI,amaranthus,greenleafy,Silt Loam to loamy,6.5,7.5,70.0,75.0,414.7,27.63,23.02,1000.0,1000.0
2025,Sep,Kuruvai/Sornavari,NAGAPATTINAM,greengram,pulses,well-drained sandy loams or sandy soils ,6.5,7.5,100.0,100.0,534.65,30.55,26.81,850.0,1000.0
2022,Jun,Kuruvai/Sornavari,KANCHEEPURAM,Lettuce,minor vegetables,Sandy loam,6.0,6.5,45.0,55.0,621.61,24.09,17.12,900.0,1200.0
2021,Apr,Navarai/Kodai,THIRUNELVELI,sorghum,millets,well-drained loamy soils,6.0,7.5,95.0,105.0,374.64,41.79,19.06,450.0,650.0
2023,Aug,Kuruvai/Sornavari,PUDUKKOTTAI,carrot,Root&tuber,light or sandy loam soil,6.0,7.0,75.0,75.0,425.1,22.73,15.89,1000.0,1000.0
2024,Jul,Kuruvai/Sornavari,KARUR,carrot,Root&tuber,light or sandy loam soil,6.0,7.0,75.0,75.0,405.52,24.12,17.26,1000.0,1000.0
2021,Aug,Kuruvai/Sornavari,PERAMBALUR,safflower,oil seeds,"Loams, silt loams, clay loams, or silty clay loams",5.4,8.2,120.0,125.0,182.57,35.57,20.99,550.0,725.0
2021,Feb,Navarai/Kodai,KANCHEEPURAM,snake gourd,vegetables,Loamy soil/ Lateritic soil,6.0,6.7,90.0,90.0,234.96,26.62,17.58,900.0,1200.0
2022,Mar,Navarai/Kodai,VILLUPURAM,greengram,pulses,well-drained sandy loams or sandy soils ,6.5,7.5,100.0,100.0,521.16,31.69,26.5,850.0,1000.0
2022,Nov,Samba/Thaladi,THIRUVALLUR,fodder cumbu,forage crops,Well drained sandy loam and clayey loam soils ,4.0,7.5,45.0,120.0,230.8,31.79,27.73,500.0,480.0
2022,Nov,Samba/Thaladi,THIRUNELVELI,cauliflower,colecrops,LoamySandy,6.5,6.8,55.0,100.0,218.16,27.89,10.0,380.0,500.0
2023,May,Navarai/Kodai,KOLLI HILLS,soyabean,pulses,"Well-drained, Loamy Soil",6.0,7.0,90.0,100.0,389.61,28.96,15.45,450.0,700.0
2025,Oct,Samba/Thaladi,HILLY REGIONS OF SHEVROY,chowchow,vegetables,Loamy soil/ Lateritic soil,5.5,6.5,150.0,150.0,897.05,24.73,21.38,1200.0,1500.0
2025,Aug,Kuruvai/Sornavari,KANYAKUMARI,Coccinia,minor vegetables,Sandy loam,6.0,6.5,90.0,90.0,299.95,32.17,20.75,900.0,1200.0
2025,Apr,Navarai/Kodai,THIRUVALLUR,brinjal,vegetables,Loamy soil/ Lateritic soil,6.0,7.5,100.0,150.0,768.48,26.62,16.33,900.0,1200.0
2021,May,Navarai/Kodai,VIRUDHUNAGAR,peas,vegetables,Sandy loam,6.5,7.5,60.0,70.0,696.99,29.54,13.1,900.0,1200.0
2025,Feb,Navarai/Kodai,SALEM,paprika,vegetables,Sandy loam,5.8,6.5,160.0,180.0,451.13,31.75,24.07,700.0,1000.0
2021,Nov,Samba/Thaladi,CUDDALORE,fodder cowpea,forage crops,Well drained sandy loam and clayey loam soils ,5.0,6.5,50.0,65.0,158.56,30.02,24.6,300.0,350.0
2021,Jun,Kuruvai/Sornavari,NAMAKAL,thinai,millets,"alluvial,loamy ",5.5,7.0,85.0,90.0,164.03,26.59,18.15,500.0,900.0
2021,Jan,Navarai/Kodai,NAMAKAL,Coccinia,minor vegetables,Sandy loam,6.0,6.5,90.0,90.0,428.56,28.25,24.78,900.0,1200.0
2023,Sep,Kuruvai/Sornavari,ERODE,samai,millets,Loamy Soil,8.5,9.0,80.0,100.0,175.62,38.52,26.39,480.0,750.0
2025,Dec,Samba/Thaladi,THIRUNELVELI,beetroot,Root&tuber,all types of friable soil,6.0,7.0,45.0,65.0,520.33,23.54,21.61,1000.0,1000.0
2021,Mar,Navarai/Kodai,CAUVERY,cluster bean,vegetables,Sandy Loam,7.0,8.5,60.0,90.0,384.09,26.03,21.33,900.0,1200.0
2021,Jul,Kuruvai/Sornavari,ERODE,pumpkin,vegetables,Loamy soil/ Lateritic soil,6.0,7.0,115.0,120.0,470.2,27.46,19.04,900.0,1200.0
2022,Jun,Kuruvai/Sornavari,CAUVERY,amaranthus,greenleafy,Silt Loam to loamy,6.5,7.5,70.0,75.0,659.93,31.77,24.65,1000.0,1000.0
2024,May,Navarai/Kodai,VIRUDHUNAGAR,chowchow,vegetables,Loamy soil/ Lateritic soil,5.5,6.5,150.0,150.0,757.6,24.67,22.44,1200.0,1500.0
2023,Jul,Kuruvai/Sornavari,NAGAPATTINAM,rice,cereals,Alluvia or loamy and clayey soil,5.0,8.0,150.0,150.0,1088.36,36.42,24.6,900.0,2500.0
2021,Oct,Samba/Thaladi,COIMBATORE,cowpea,pulses, well-drained sandy loams or sandy soils ,5.0,6.5,60.0,90.0,358.94,28.91,21.51,400.0,700.0
2024,Dec,Samba/Thaladi,VIRUDHUNAGAR,colocasia,Root&tuber,Well grained deep loamy moist and alluviual soil,5.5,7.0,150.0,180.0,296.78,35.81,24.34,1000.0,1000.0
2024,Dec,Samba/Thaladi,DINDIGUL,bhendi,vegetables,Loamy soil/ Lateritic soil,6.0,6.8,55.0,65.0,1462.17,25.53,27.73,1200.0,2200.0
2025,Jul,Kuruvai/Sornavari,RAMANATHANPURAM,safflower,oil seeds,"Loams, silt loams, clay loams, or silty clay loams",5.4,8.2,120.0,125.0,213.75,33.13,25.45,550.0,725.0
2025,Jun,Kuruvai/Sornavari,MADURAI,Cabbage,colecrops,LoamySandy,6.0,6.5,80.0,180.0,333.17,26.89,11.45,380.0,500.0
2021,Oct,Samba/Thaladi,NAMAKAL,safflower,oil seeds,"Loams, silt loams, clay loams, or silty clay loams",5.4,8.2,120.0,125.0,323.31,32.48,24.59,550.0,725.0
2023,Jun,Kuruvai/Sornavari,SIVAGANGAI,redgram,pulses,deep loam soils,6.5,7.0,120.0,150.0,773.93,27.15,19.44,600.0,1400.0
2024,May,Navarai/Kodai,COIMBATORE,wheat,cereals,Well Drained,6.0,7.0,80.0,90.0,175.32,25.96,25.34,450.0,650.0
2025,Jul,Kuruvai/Sornavari,NAMAKAL,small onion,bulbvegetables,Sandy loam,6.0,7.0,70.0,90.0,268.74,26.96,19.7,650.0,750.0
2021,Nov,Samba/Thaladi,DINDIGUL,colocasia,Root&tuber,Well grained deep loamy moist and alluviual soil,5.5,7.0,150.0,180.0,263.49,36.14,18.73,1000.0,1000.0
2024,Apr,Navarai/Kodai,THIRUNELVELI,cucumber,vegetables,Loamy,6.5,7.5,120.0,120.0,689.11,33.76,28.5,1200.0,1500.0
2021,Apr,Navarai/Kodai,DHARMAPURI,niger,oil seeds,"Loams, silt loams, clay loams, or silty clay loams",5.2,7.3,80.0,80.0,358.55,25.0,12.58,1000.0,1300.0
2025,Nov,Samba/Thaladi,DHARMAPURI,kudirai masi,forage crops,Well drained sandy loam and clayey loam soils ,6.5,7.5,45.0,55.0,127.09,32.11,27.55,300.0,350.0
2022,Aug,Kuruvai/Sornavari,KARUR,Turnip,minor vegetables,Loamy soil,5.5,6.8,42.0,56.0,545.11,24.64,13.47,900.0,1200.0
2025,Sep,Kuruvai/Sornavari,VILLUPURAM,Mint,minor vegetables,Loamy soil,6.5,7.0,100.0,120.0,408.1,25.13,24.96,1000.0,1100.0
2021,Apr,Navarai/Kodai,CAUVERY,redgram,pulses,deep loam soils,6.5,7.0,120.0,150.0,286.81,27.98,19.84,600.0,1400.0
2022,Mar,Navarai/Kodai,KARUR,tinda,vegetables,Sandy loam,6.5,7.5,70.0,70.0,776.28,25.17,23.36,900.0,1200.0
2022,Oct,Samba/Thaladi,TANJORE,gardenlablab,pulses,wide range of soils,6.0,7.0,75.0,100.0,412.42,36.62,20.88,650.0,1000.0
2023,Aug,Kuruvai/Sornavari,CAUVERY,sugarbeet,sugar crops,Well drained sandy loam and clayey loam soils ,6.0,8.0,150.0,180.0,518.91,26.54,13.73,600.0,800.0
2021,Apr,Navarai/Kodai,THOOTHUKUDI,fieldlablab,pulses,Well drained loamy soil,6.2,7.0,105.0,105.0,397.35,29.72,16.04,650.0,1000.0
2021,May,Navarai/Kodai,THIRUPPUR,kudirai masi,forage crops,Well drained sandy loam and clayey loam soils ,6.5,7.5,45.0,55.0,171.03,35.6,26.2,300.0,350.0
2025,Feb,Navarai/Kodai,DINDIGUL,wheat,cereals,Well Drained,6.0,7.0,80.0,90.0,274.6,25.1,25.32,450.0,650.0
2025,Sep,Kuruvai/Sornavari,THENI,brinjal,vegetables,Loamy soil/ Lateritic soil,6.0,7.5,100.0,150.0,518.26,31.42,21.96,900.0,1200.0
2024,Jun,Kuruvai/Sornavari,THIRUCHIRAPALLI,fodder cholam,forage crops,Well drained sandy loam and clayey loam soils ,5.5,7.5,1095.0,1095.0,95.36,35.17,28.69,300.0,350.0
2022,Dec,Samba/Thaladi,KANCHEEPURAM,Bread fruit,minor vegetables,Sandy loam,6.1,7.4,100.0,100.0,894.02,36.63,20.38,2030.0,2540.0
2025,Nov,Samba/Thaladi,NAMAKAL,safflower,oil seeds,"Loams, silt loams, clay loams, or silty clay loams",5.4,8.2,120.0,125.0,361.61,36.76,21.22,550.0,725.0
2023,Jun,Kuruvai/Sornavari,SALEM,paprika,vegetables,Sandy loam,5.8,6.5,160.0,180.0,338.61,30.9,26.63,700.0,1000.0
2021,Aug,Kuruvai/Sornavari,MADURAI,kollukattai pullu,forage crops,Well drained sandy loam and clayey loam soils ,7.0,7.5,45.0,55.0,217.27,30.22,20.65,500.0,480.0
2025,Sep,Kuruvai/Sornavari,JAWAD HILLS,Palak,minor vegetables,Sandy loam,6.5,7.0,37.0,45.0,474.54,30.21,11.33,900.0,1200.0
2021,Nov,Samba/Thaladi,THOOTHUKUDI,vegetable cowpea,vegetables,Sandy loam,5.6,6.0,45.0,90.0,415.43,31.27,19.32,900.0,1200.0
2023,Oct,Samba/Thaladi,VIRUDHUNAGAR,Rhubarb,minor vegetables,Sandy loam,6.0,6.8,56.0,70.0,331.45,25.49,10.0,900.0,1200.0
2023,Apr,Navarai/Kodai,DINDIGUL,fieldlablab,pulses,Well drained loamy soil,6.2,7.0,105.0,105.0,507.07,28.51,22.83,650.0,1000.0
2024,Dec,Samba/Thaladi,KANYAKUMARI,cauliflower,colecrops,LoamySandy,6.5,6.8,55.0,100.0,139.42,30.13,10.0,380.0,500.0
2022,Mar,Navarai/Kodai,KRISHNAGIRI,snake gourd,vegetables,Loamy soil/ Lateritic soil,6.0,6.7,90.0,90.0,395.82,28.39,21.31,900.0,1200.0
2025,May,Navarai/Kodai,KANCHEEPURAM,lablab,vegetables,Well drained loamy soil,6.5,8.5,70.0,75.0,649.81,33.78,20.61,900.0,1200.0
2022,Feb,Navarai/Kodai,THIRUCHIRAPALLI,kollukattai pullu,forage crops,Well drained sandy loam and clayey loam soils ,7.0,7.5,45.0,55.0,259.38,27.91,19.26,500.0,480.0
2021,Feb,Navarai/Kodai,NAMAKAL,safflower,oil seeds,"Loams, silt loams, clay loams, or silty clay loams",5.4,8.2,120.0,125.0,156.67,36.89,26.34,550.0,725.0
2022,Aug,Kuruvai/Sornavari,COIMBATORE,kudirai masi,forage crops,Well drained sandy loam and clayey loam soils ,6.5,7.5,45.0,55.0,78.88,34.24,26.67,300.0,350.0
2024,Feb,Navarai/Kodai,CHENGLEPUT,Knol-khol,minor vegetables,Sandy loam,5.5,7.0,50.0,65.0,648.99,32.39,13.04,900.0,1200.0
2024,Sep,Kuruvai/Sornavari,KANYAKUMARI,Butter bean,minor vegetables,Sandy loam,6.0,7.0,80.0,100.0,798.32,28.51,17.58,900.0,1200.0
2022,Mar,Navarai/Kodai,TIRUVARUR,redgram,pulses,deep loam soils,6.5,7.0,120.0,150.0,510.86,30.69,22.47,600.0,1400.0
2024,Jun,Kuruvai/Sornavari,THIRUPPUR,redgram,pulses,deep loam soils,6.5,7.0,120.0,150.0,789.02,29.06,18.42,600.0,1400.0
2022,Dec,Samba/Thaladi,THIRUCHIRAPALLI,tobacco,other crops,Well drained sandy loam and clayey loam soils ,7.5,8.5,90.0,100.0,540.53,33.23,25.47,800.0,1000.0
2024,Jul,Kuruvai/Sornavari,TANJORE,sugarcane,sugar crops,Clayey Loamy Soil/ Black Cotton Soil/ Red Loamy Soil/ Brown Loamy Soil,6.5,8.0,300.0,330.0,955.71,25.35,19.01,1500.0,2500.0
2025,Apr,Navarai/Kodai,CUDDALORE,bellary onion,minor vegetables,Sandy loam,5.8,6.5,150.0,150.0,570.72,25.39,12.27,900.0,1200.0
2023,Jun,Kuruvai/Sornavari,SIVAGANGAI,cowpea,pulses, well-drained sandy loams or sandy soils ,5.0,6.5,60.0,90.0,163.11,26.01,22.17,400.0,700.0
2022,Jul,Kuruvai/Sornavari,THALAVADI HILLS,castor,oil seeds,"Loams, silt loams, clay loams, or silty clay loams",5.0,8.5,120.0,160.0,226.1,26.51,25.36,500.0,500.0
2024,Oct,Samba/Thaladi,THIRUCHIRAPALLI,safflower,oil seeds,"Loams, silt loams, clay loams, or silty clay loams",5.4,8.2,120.0,125.0,344.18,30.49,24.05,550.0,725.0
2023,Oct,Samba/Thaladi,KARUR,Palak,minor vegetables,Sandy loam,6.5,7.0,37.0,45.0,689.95,28.59,14.86,900.0,1200.0
2025,Jul,Kuruvai/Sornavari,VILLUPURAM,bellary onion,minor vegetables,Sandy loam,5.8,6.5,150.0,150.0,751.84,25.02,16.77,900.0,1200.0
2022,Dec,Samba/Thaladi,KARUR,Turnip,minor vegetables,Loamy soil,5.5,6.8,42.0,56.0,484.72,19.49,13.67,900.0,1200.0
2023,Sep,Kuruvai/Sornavari,CUDDALORE,radish,Root&tuber,Well grained deep loamy moist and alluviual soil,5.5,6.8,21.0,21.0,283.79,24.65,11.88,1000.0,1000.0
2023,Jun,Kuruvai/Sornavari,KARUR,Knol-khol,minor vegetables,Sandy loam,5.5,7.0,50.0,65.0,623.21,33.77,14.65,900.0,1200.0
2022,Apr,Navarai/Kodai,MADURAI,amaranthus,greenleafy,Silt Loam to loamy,6.5,7.5,70.0,75.0,484.98,25.44,23.98,1000.0,1000.0
2025,Jun,Kuruvai/Sornavari,THIRUVANNAMALAI,Knol-khol,minor vegetables,Sandy loam,5.5,7.0,50.0,65.0,641.86,32.01,16.71,900.0,1200.0
2025,Sep,Kuruvai/Sornavari,THIRUVANNAMALAI,dioscorea,Root&tuber,well-drained soil,6.0,6.5,270.0,300.0,320.1,32.78,30.0,1000.0,2000.0
2025,May,Navarai/Kodai,THIRUVANNAMALAI,peas,vegetables,Sandy loam,6.5,7.5,60.0,70.0,408.83,27.32,14.9,900.0,1200.0
2021,Oct,Samba/Thaladi,THIRUCHIRAPALLI,Brussels sprout,minor vegetables,Sandy loam,6.5,6.8,12.0,12.0,607.67,25.48,18.92,900.0,1200.0
2024,Jul,Kuruvai/Sornavari,THE NILGRIS,Bread fruit,minor vegetables,Sandy loam,6.1,7.4,100.0,100.0,952.26,36.58,14.02,2030.0,2540.0
2025,Apr,Navarai/Kodai,RAMANATHANPURAM,vegetable cowpea,vegetables,Sandy loam,5.6,6.0,45.0,90.0,324.11,25.37,23.2,900.0,1200.0
2023,Mar,Navarai/Kodai,HILLY REGIONS OF SHEVROY,Winged Bean,minor vegetables,Sandy loam,7.0,12.0,42.0,42.0,410.33,25.93,23.89,900.0,1200.0
2023,Jan,Navarai/Kodai,THENI,Brussels sprout,minor vegetables,Sandy loam,6.5,6.8,12.0,12.0,343.42,26.16,15.94,900.0,1200.0
2021,Nov,Samba/Thaladi,CUDDALORE,velimasal,forage crops,Well drained sandy loam and clayey loam soils ,5.8,7.0,45.0,55.0,99.36,36.42,26.92,300.0,350.0
2025,May,Navarai/Kodai,THIRUNELVELI,pumpkin,vegetables,Loamy soil/ Lateritic soil,6.0,7.0,115.0,120.0,608.91,26.19,19.57,900.0,1200.0
2024,May,Navarai/Kodai,VIRUDHUNAGAR,bottle gourd,vegetables,Sandy loam,6.0,6.7,120.0,120.0,639.69,28.45,20.62,900.0,1200.0
2021,Aug,Kuruvai/Sornavari,MADURAI,sweet potato,Root&tuber,well-drained soil,5.7,6.7,90.0,120.0,424.72,27.06,22.16,1000.0,1000.0
2021,Mar,Navarai/Kodai,THIRUPPUR,fodder cholam,forage crops,Well drained sandy loam and clayey loam soils ,5.5,7.5,1095.0,1095.0,100.79,34.68,29.04,300.0,350.0
2021,Oct,Samba/Thaladi,THIRUVALLUR,Butter bean,minor vegetables,Sandy loam,6.0,7.0,80.0,100.0,542.2,27.12,21.8,900.0,1200.0
2021,Jul,Kuruvai/Sornavari,RAMANATHANPURAM,Celery,minor vegetables,Sandy loam,5.8,6.8,120.0,150.0,411.68,24.59,17.36,900.0,1200.0
2021,May,Navarai/Kodai,THIRUVALLUR,swordbean,pulses, well-drained sandy loams or sandy soils ,5.0,6.0,110.0,120.0,818.54,33.12,15.47,900.0,1500.0
2023,Apr,Navarai/Kodai,KANCHEEPURAM,Knol-khol,minor vegetables,Sandy loam,5.5,7.0,50.0,65.0,511.76,28.24,17.55,900.0,1200.0
2023,Jan,Navarai/Kodai,JAWAD HILLS,cumbu napier hybrid,forage crops,Well drained sandy loam and clayey loam soils ,5.0,8.6,45.0,55.0,389.5,25.82,19.61,800.0,1000.0
2022,Mar,Navarai/Kodai,SIVAGANGAI,carrot,Root&tuber,light or sandy loam soil,6.0,7.0,75.0,75.0,403.57,24.12,14.05,1000.0,1000.0
2022,May,Navarai/Kodai,THALAVADI HILLS,annual moringa,vegetables,Sandy loam,6.5,8.0,210.0,240.0,545.1,35.45,23.49,900.0,1200.0
2022,Apr,Navarai/Kodai,DINDIGUL,sugarcane,sugar crops,Clayey Loamy Soil/ Black Cotton Soil/ Red Loamy Soil/ Brown Loamy Soil,6.5,8.0,300.0,330.0,902.96,25.79,22.07,1500.0,2500.0
2023,Jan,Navarai/Kodai,VELLORE,fodder cumbu,forage crops,Well drained sandy loam and clayey loam soils ,4.0,7.5,45.0,120.0,182.07,34.42,25.45,500.0,480.0
2023,Jan,Navarai/Kodai,THIRUPPUR,Winged Bean,minor vegetables,Sandy loam,7.0,12.0,42.0,42.0,627.14,27.26,28.04,900.0,1200.0
2024,Mar,Navarai/Kodai,COIMBATORE,thinai,millets,"alluvial,loamy ",5.5,7.0,85.0,90.0,409.16,25.53,19.54,500.0,900.0
2025,Feb,Navarai/Kodai,PUDUKKOTTAI,cowpea,pulses, well-drained sandy loams or sandy soils ,5.0,6.5,60.0,90.0,388.48,28.45,19.98,400.0,700.0
2021,Nov,Samba/Thaladi,CAUVERY,sugarbeet,sugar crops,Well drained sandy loam and clayey loam soils ,6.0,8.0,150.0,180.0,182.89,26.24,15.17,600.0,800.0
2021,May,Navarai/Kodai,TANJORE,annual moringa,vegetables,Sandy loam,6.5,8.0,210.0,240.0,697.9,36.1,28.39,900.0,1200.0
2022,Jul,Kuruvai/Sornavari,THENI,samai,millets,Loamy Soil,8.5,9.0,80.0,100.0,375.19,40.38,25.46,480.0,750.0
2023,Apr,Navarai/Kodai,DINDIGUL,kudiraivali,millets,Loamy Soil,5.5,7.0,75.0,95.0,314.7,23.65,18.59,500.0,900.0
2022,Apr,Navarai/Kodai,THE NILGRIS,Palak,minor vegetables,Sandy loam,6.5,7.0,37.0,45.0,626.69,32.39,12.74,900.0,1200.0
2024,Oct,Samba/Thaladi,THENI,tinda,vegetables,Sandy loam,6.5,7.5,70.0,70.0,478.51,29.64,28.18,900.0,1200.0
2023,Feb,Navarai/Kodai,PUDUKKOTTAI,fieldlablab,pulses,Well drained loamy soil,6.2,7.0,105.0,105.0,205.14,25.22,18.96,650.0,1000.0
2021,Jun,Kuruvai/Sornavari,TIRUVARUR,bitter gourd,vegetables,Well drained loamy soil,6.5,7.0,55.0,60.0,577.5,30.76,27.11,900.0,1200.0
2025,Aug,Kuruvai/Sornavari,CHENGLEPUT,Pearl millet,millets,"clay, clay loam, or sandy loam soils",5.5,7.5,75.0,85.0,242.32,44.13,15.61,350.0,500.0
2023,Sep,Kuruvai/Sornavari,NAMAKAL,horsegram,pulses, light to heavy soils ,6.0,7.5,100.0,105.0,510.13,36.58,28.72,800.0,800.0
2021,Dec,Samba/Thaladi,THOOTHUKUDI,french bean,vegetables,Well drained loamy soil,5.5,6.0,40.0,50.0,519.93,25.86,13.13,900.0,1200.0
2023,May,Navarai/Kodai,THIRUVALLUR,onion,vegetables, Any Loamy,5.8,6.5,100.0,120.0,360.08,26.82,20.17,350.0,550.0
2023,Oct,Samba/Thaladi,THIRUCHIRAPALLI,soyabean,pulses,"Well-drained, Loamy Soil",6.0,7.0,90.0,100.0,275.29,33.23,17.57,450.0,700.0
2021,Aug,Kuruvai/Sornavari,CUDDALORE,annual moringa,vegetables,Sandy loam,6.5,8.0,210.0,240.0,755.26,32.52,27.48,900.0,1200.0
2023,Sep,Kuruvai/Sornavari,CUDDALORE,fodder cowpea,forage crops,Well drained sandy loam and clayey loam soils ,5.0,6.5,50.0,65.0,218.13,31.68,23.7,300.0,350.0
2025,Aug,Kuruvai/Sornavari,CHENGLEPUT,capsicum,vegetables,Loamy soil/ Lateritic soil,5.5,7.0,60.0,60.0,724.41,29.16,14.32,500.0,1200.0
2024,Sep,Kuruvai/Sornavari,VELLORE,fieldlablab,pulses,Well drained loamy soil,6.2,7.0,105.0,105.0,452.04,28.21,21.08,650.0,1000.0
2023,Jan,Navarai/Kodai,NAGAPATTINAM,cauliflower,colecrops,LoamySandy,6.5,6.8,55.0,100.0,228.23,30.02,10.0,380.0,500.0
2021,Feb,Navarai/Kodai,DINDIGUL,bhendi,vegetables,Loamy soil/ Lateritic soil,6.0,6.8,55.0,65.0,986.89,26.25,25.6,1200.0,2200.0
2022,Jan,Navarai/Kodai,SIVAGANGAI,rice,cereals,Alluvia or loamy and clayey soil,5.0,8.0,150.0,150.0,674.38,36.81,22.64,900.0,2500.0
2024,Feb,Navarai/Kodai,THIRUCHIRAPALLI,redgram,pulses,deep loam soils,6.5,7.0,120.0,150.0,887.57,30.39,18.36,600.0,1400.0
2022,Apr,Navarai/Kodai,THIRUNELVELI,sweet potato,Root&tuber,well-drained soil,5.7,6.7,90.0,120.0,621.76,25.44,23.14,1000.0,1000.0
2024,Jul,Kuruvai/Sornavari,THALAVADI HILLS,Cabbage,colecrops,LoamySandy,6.0,6.5,80.0,180.0,298.02,25.1,11.85,380.0,500.0
2025,Feb,Navarai/Kodai,THENI,bottle gourd,vegetables,Sandy loam,6.0,6.7,120.0,120.0,315.99,26.83,18.3,900.0,1200.0
2024,Jul,Kuruvai/Sornavari,THIRUCHIRAPALLI,kudiraivali,millets,Loamy Soil,5.5,7.0,75.0,95.0,139.7,23.85,18.27,500.0,900.0
2021,May,Navarai/Kodai,PUDUKKOTTAI,chinese potato,Root&tuber,well-drained soil,4.8,5.8,120.0,150.0,567.52,22.37,14.06,1000.0,1000.0
2025,Jan,Navarai/Kodai,CUDDALORE,jute,fibre crop,Sandy and Clay Loam,6.0,7.5,120.0,140.0,712.67,34.68,27.21,1000.0,1300.0
2025,Feb,Navarai/Kodai,KANYAKUMARI,capsicum,vegetables,Loamy soil/ Lateritic soil,5.5,7.0,60.0,60.0,468.72,28.15,15.97,500.0,1200.0
2025,Mar,Navarai/Kodai,THIRUCHIRAPALLI,lablab,vegetables,Well drained loamy soil,6.5,8.5,70.0,75.0,327.05,31.08,22.5,900.0,1200.0
2025,Dec,Samba/Thaladi,NAGAPATTINAM,groundnut,oil seeds,Well-drained sandy loam or sandy clay loam soil ,6.5,7.0,140.0,150.0,377.79,42.82,14.97,500.0,700.0
2022,Jul,Kuruvai/Sornavari,ARIYALUR,Celery,minor vegetables,Sandy loam,5.8,6.8,120.0,150.0,241.21,22.83,14.21,900.0,1200.0
2022,Sep,Kuruvai/Sornavari,CHENGLEPUT,dioscorea,Root&tuber,well-drained soil,6.0,6.5,270.0,300.0,595.81,31.05,30.0,1000.0,2000.0
2021,Feb,Navarai/Kodai,HILLY REGIONS OF SHEVROY,Chinese cabbage,minor vegetables,Sandy loam,5.5,7.0,50.0,80.0,765.63,24.7,17.05,900.0,1200.0
2024,Jan,Navarai/Kodai,THIRUVALLUR,bitter gourd,vegetables,Well drained loamy soil,6.5,7.0,55.0,60.0,282.43,30.26,23.99,900.0,1200.0
2021,Feb,Navarai/Kodai,THIRUNELVELI,cluster bean,vegetables,Sandy Loam,7.0,8.5,60.0,90.0,305.98,26.18,23.76,900.0,1200.0
2023,Mar,Navarai/Kodai,THIRUPPUR,dioscorea,Root&tuber,well-drained soil,6.0,6.5,270.0,300.0,509.47,31.09,30.0,1000.0,2000.0
2024,Oct,Samba/Thaladi,NAMAKAL,carrot,Root&tuber,light or sandy loam soil,6.0,7.0,75.0,75.0,352.68,24.77,19.25,1000.0,1000.0
2025,Dec,Samba/Thaladi,DHARMAPURI,carrot,Root&tuber,light or sandy loam soil,6.0,7.0,75.0,75.0,284.25,22.55,14.25,1000.0,1000.0
2022,Sep,Kuruvai/Sornavari,SALEM,brinjal,vegetables,Loamy soil/ Lateritic soil,6.0,7.5,100.0,150.0,476.56,31.92,16.06,900.0,1200.0
2025,Jun,Kuruvai/Sornavari,PERAMBALUR,kudiraivali,millets,Loamy Soil,5.5,7.0,75.0,95.0,512.96,22.0,19.05,500.0,900.0
2021,Oct,Samba/Thaladi,COIMBATORE,samai,millets,Loamy Soil,8.5,9.0,80.0,100.0,146.57,40.82,28.02,480.0,750.0
2023,May,Navarai/Kodai,VILLUPURAM,Lettuce,minor vegetables,Sandy loam,6.0,6.5,45.0,55.0,432.62,24.01,20.44,900.0,1200.0
2022,Dec,Samba/Thaladi,KRISHNAGIRI,dioscorea,Root&tuber,well-drained soil,6.0,6.5,270.0,300.0,1061.83,35.73,30.0,1000.0,2000.0
2023,Mar,Navarai/Kodai,THENI,Chinese cabbage,minor vegetables,Sandy loam,5.5,7.0,50.0,80.0,749.9,24.72,16.28,900.0,1200.0
2021,Feb,Navarai/Kodai,KANYAKUMARI,colocasia,Root&tuber,Well grained deep loamy moist and alluviual soil,5.5,7.0,150.0,180.0,317.81,36.85,21.3,1000.0,1000.0
2023,Nov,Samba/Thaladi,MADURAI,watermelon,vegetables,Sandy,6.0,7.5,70.0,85.0,295.31,26.25,27.72,900.0,1200.0
2023,Mar,Navarai/Kodai,THIRUPPUR,kudirai masi,forage crops,Well drained sandy loam and clayey loam soils ,6.5,7.5,45.0,55.0,208.83,32.99,29.22,300.0,350.0
2025,May,Navarai/Kodai,THE NILGRIS,Mint,minor vegetables,Loamy soil,6.5,7.0,100.0,120.0,324.07,25.14,18.01,1000.0,1100.0
2025,Nov,Samba/Thaladi,MADURAI,cowpea,pulses, well-drained sandy loams or sandy soils ,5.0,6.5,60.0,90.0,104.21,26.97,22.99,400.0,700.0
2021,Aug,Kuruvai/Sornavari,THALAVADI HILLS,redgram,pulses,deep loam soils,6.5,7.0,120.0,150.0,468.5,27.39,22.42,600.0,1400.0
2025,Mar,Navarai/Kodai,VELLORE,watermelon,vegetables,Sandy,6.0,7.5,70.0,85.0,601.39,26.94,25.26,900.0,1200.0
2022,Jul,Kuruvai/Sornavari,NAMAKAL,sweet potato,Root&tuber,well-drained soil,5.7,6.7,90.0,120.0,272.66,25.02,25.45,1000.0,1000.0
2024,Oct,Samba/Thaladi,VILLUPURAM,cotton,fibre crop," black soils, (ii) red soils and (iii) alluvial soils.",7.0,8.0,135.0,140.0,308.73,27.52,19.57,700.0,1300.0
2025,Oct,Samba/Thaladi,THIRUVALLUR,snake gourd,vegetables,Loamy soil/ Lateritic soil,6.0,6.7,90.0,90.0,449.68,27.83,18.31,900.0,1200.0
2024,Apr,Navarai/Kodai,CAUVERY,beetroot,Root&tuber,all types of friable soil,6.0,7.0,45.0,65.0,289.99,23.79,19.42,1000.0,1000.0
2022,May,Navarai/Kodai,SALEM,gardenlablab,pulses,wide range of soils,6.0,7.0,75.0,100.0,297.42,31.17,17.71,650.0,1000.0
2024,Oct,Samba/Thaladi,THIRUVALLUR,ribbed gourd,vegetables,Sandy Loam,6.5,7.5,125.0,125.0,365.77,35.44,25.07,900.0,1200.0
2025,Aug,Kuruvai/Sornavari,THIRUPPUR,kollukattai pullu,forage crops,Well drained sandy loam and clayey loam soils ,7.0,7.5,45.0,55.0,204.56,26.08,21.16,500.0,480.0
2021,Sep,Kuruvai/Sornavari,THALAVADI HILLS,niger,oil seeds,"Loams, silt loams, clay loams, or silty clay loams",5.2,7.3,80.0,80.0,569.61,25.0,12.82,1000.0,1300.0
2022,May,Navarai/Kodai,KRISHNAGIRI,paprika,vegetables,Sandy loam,5.8,6.5,160.0,180.0,386.08,33.66,27.33,700.0,1000.0
2024,Mar,Navarai/Kodai,MADURAI,tobacco,other crops,Well drained sandy loam and clayey loam soils ,7.5,8.5,90.0,100.0,534.95,32.11,24.6,800.0,1000.0
2021,Apr,Navarai/Kodai,NAGAPATTINAM,sweet potato,Root&tuber,well-drained soil,5.7,6.7,90.0,120.0,284.0,26.8,19.23,1000.0,1000.0
2023,Aug,Kuruvai/Sornavari,THIRUCHIRAPALLI,Basella,minor vegetables,Sandy loam,5.5,8.0,70.0,70.0,467.4,31.42,17.04,900.0,1200.0
2024,Feb,Navarai/Kodai,SALEM,tinda,vegetables,Sandy loam,6.5,7.5,70.0,70.0,511.47,28.02,26.04,900.0,1200.0
2021,Aug,Kuruvai/Sornavari,VIRUDHUNAGAR,Ceylon spinach,minor vegetables,Sandy loam,6.5,7.0,40.0,50.0,706.9,24.96,14.16,900.0,1200.0
2023,Oct,Samba/Thaladi,SIVAGANGAI,blackgram,pulses,sandy soils to heavy cotton soils,6.5,7.8,70.0,75.0,583.66,41.95,18.44,600.0,1000.0
2025,Jul,Kuruvai/Sornavari,MADURAI,tapoica,Root&tuber,Red lateritic loam,5.5,7.0,270.0,300.0,602.12,30.89,25.71,1000.0,1000.0
2022,Mar,Navarai/Kodai,KOLLI HILLS,brinjal,vegetables,Loamy soil/ Lateritic soil,6.0,7.5,100.0,150.0,682.46,30.07,22.34,900.0,1200.0
2022,Jan,Navarai/Kodai,KANYAKUMARI,chowchow,vegetables,Loamy soil/ Lateritic soil,5.5,6.5,150.0,150.0,330.03,24.65,20.4,1200.0,1500.0
2021,Sep,Kuruvai/Sornavari,VILLUPURAM,sorghum,millets,well-drained loamy soils,6.0,7.5,95.0,105.0,274.88,40.37,13.61,450.0,650.0
2024,Dec,Samba/Thaladi,CHENGLEPUT,Pearl millet,millets,"clay, clay loam, or sandy loam soils",5.5,7.5,75.0,85.0,297.15,42.34,12.08,350.0,500.0
2021,Apr,Navarai/Kodai,KARUR,chowchow,vegetables,Loamy soil/ Lateritic soil,5.5,6.5,150.0,150.0,752.07,24.02,17.7,1200.0,1500.0
2025,Dec,Samba/Thaladi,THIRUPPUR,Cabbage,colecrops,LoamySandy,6.0,6.5,80.0,180.0,209.77,27.76,11.69,380.0,500.0
2025,Feb,Navarai/Kodai,THIRUNELVELI,maize,millets,temperate podzols to the leached red soils of the tropics. ,5.5,7.0,105.0,110.0,430.22,26.48,19.24,500.0,800.0
2025,Nov,Samba/Thaladi,KOLLI HILLS,capsicum,vegetables,Loamy soil/ Lateritic soil,5.5,7.0,60.0,60.0,140.72,28.47,16.51,500.0,1200.0
2023,Jun,Kuruvai/Sornavari,DINDIGUL,snake gourd,vegetables,Loamy soil/ Lateritic soil,6.0,6.7,90.0,90.0,422.7,27.19,17.62,900.0,1200.0
2023,Jun,Kuruvai/Sornavari,THIRUVANNAMALAI,pumpkin,vegetables,Loamy soil/ Lateritic soil,6.0,7.0,115.0,120.0,448.13,25.31,17.14,900.0,1200.0
2023,Mar,Navarai/Kodai,SIVAGANGAI,castor,oil seeds,"Loams, silt loams, clay loams, or silty clay loams",5.0,8.5,120.0,160.0,199.18,25.3,24.36,500.0,500.0
2024,Jun,Kuruvai/Sornavari,SIVAGANGAI,Palak,minor vegetables,Sandy loam,6.5,7.0,37.0,45.0,675.95,32.09,14.19,900.0,1200.0
2022,Jul,Kuruvai/Sornavari,RAMANATHANPURAM,sunflower,oil seeds,"Loams, silt loams, clay loams, or silty clay loams",6.5,8.0,85.0,95.0,116.81,25.12,22.04,350.0,500.0
2023,Sep,Kuruvai/Sornavari,THIRUPPUR,kudirai masi,forage crops,Well drained sandy loam and clayey loam soils ,6.5,7.5,45.0,55.0,136.92,32.7,29.87,300.0,350.0
2024,Feb,Navarai/Kodai,THIRUCHIRAPALLI,tobacco,other crops,Well drained sandy loam and clayey loam soils ,7.5,8.5,90.0,100.0,574.15,28.4,29.94,800.0,1000.0
2023,Aug,Kuruvai/Sornavari,CUDDALORE,Knol-khol,minor vegetables,Sandy loam,5.5,7.0,50.0,65.0,606.74,33.81,14.55,900.0,1200.0
2023,Mar,Navarai/Kodai,KRISHNAGIRI,velimasal,forage crops,Well drained sandy loam and clayey loam soils ,5.8,7.0,45.0,55.0,124.78,36.75,23.8,300.0,350.0
2023,May,Navarai/Kodai,VILLUPURAM,chinese potato,Root&tuber,well-drained soil,4.8,5.8,120.0,150.0,379.74,23.21,14.19,1000.0,1000.0
2022,Oct,Samba/Thaladi,VILLUPURAM,bottle gourd,vegetables,Sandy loam,6.0,6.7,120.0,120.0,529.94,25.51,18.7,900.0,1200.0
2023,Jul,Kuruvai/Sornavari,THOOTHUKUDI,sorghum,millets,well-drained loamy soils,6.0,7.5,95.0,105.0,268.54,38.52,16.78,450.0,650.0
2021,Aug,Kuruvai/Sornavari,KOLLI HILLS,sweet sorghum,sugar crops,Well drained sandy loam and clayey loam soils ,6.0,8.5,115.0,125.0,231.18,30.99,26.59,500.0,600.0
2025,May,Navarai/Kodai,COIMBATORE,cotton,fibre crop," black soils, (ii) red soils and (iii) alluvial soils.",7.0,8.0,135.0,140.0,296.27,26.88,26.0,700.0,1300.0
2024,Nov,Samba/Thaladi,DINDIGUL,small onion,bulbvegetables,Sandy loam,6.0,7.0,70.0,90.0,392.7,26.45,16.35,650.0,750.0
2024,Nov,Samba/Thaladi,THIRUNELVELI,cotton,fibre crop," black soils, (ii) red soils and (iii) alluvial soils.",7.0,8.0,135.0,140.0,777.78,27.21,23.78,700.0,1300.0
2022,Feb,Navarai/Kodai,VELLORE,wheat,cereals,Well Drained,6.0,7.0,80.0,90.0,337.88,25.74,23.88,450.0,650.0
2025,Dec,Samba/Thaladi,DINDIGUL,tinda,vegetables,Sandy loam,6.5,7.5,70.0,70.0,568.21,26.45,25.38,900.0,1200.0
2022,Sep,Kuruvai/Sornavari,NAGAPATTINAM,Cabbage,colecrops,LoamySandy,6.0,6.5,80.0,180.0,280.22,25.78,10.33,380.0,500.0
2021,Jul,Kuruvai/Sornavari,THIRUCHIRAPALLI,chowchow,vegetables,Loamy soil/ Lateritic soil,5.5,6.5,150.0,150.0,808.36,24.32,18.85,1200.0,1500.0
2022,Jul,Kuruvai/Sornavari,CAUVERY,cluster bean,vegetables,Sandy Loam,7.0,8.5,60.0,90.0,450.48,26.92,20.1,900.0,1200.0
2025,Feb,Navarai/Kodai,ARIYALUR,sugarcane,sugar crops,Clayey Loamy Soil/ Black Cotton Soil/ Red Loamy Soil/ Brown Loamy Soil,6.5,8.0,300.0,330.0,783.08,26.93,22.52,1500.0,2500.0
2021,Aug,Kuruvai/Sornavari,THIRUNELVELI,Coccinia,minor vegetables,Sandy loam,6.0,6.5,90.0,90.0,703.93,29.64,23.21,900.0,1200.0
2024,Jun,Kuruvai/Sornavari,JAWAD HILLS,bhendi,vegetables,Loamy soil/ Lateritic soil,6.0,6.8,55.0,65.0,594.65,26.8,24.96,1200.0,2200.0
2025,Apr,Navarai/Kodai,SIVAGANGAI,Celery,minor vegetables,Sandy loam,5.8,6.8,120.0,150.0,367.74,23.13,14.32,900.0,1200.0
2024,Jul,Kuruvai/Sornavari,CUDDALORE,lablab,vegetables,Well drained loamy soil,6.5,8.5,70.0,75.0,684.56,35.66,21.83,900.0,1200.0
2021,Dec,Samba/Thaladi,THALAVADI HILLS,muskmelon,vegetables,Sandy Loam,6.5,7.5,70.0,100.0,481.47,36.82,27.09,900.0,1200.0
2025,Apr,Navarai/Kodai,KANYAKUMARI,Coccinia,minor vegetables,Sandy loam,6.0,6.5,90.0,90.0,723.92,29.97,22.97,900.0,1200.0
2022,Jun,Kuruvai/Sornavari,VIRUDHUNAGAR,vegetable cowpea,vegetables,Sandy loam,5.6,6.0,45.0,90.0,553.81,25.46,19.74,900.0,1200.0
2023,Aug,Kuruvai/Sornavari,THALAVADI HILLS,swordbean,pulses, well-drained sandy loams or sandy soils ,5.0,6.0,110.0,120.0,996.49,37.84,14.08,900.0,1500.0
2024,Dec,Samba/Thaladi,NAMAKAL,Rhubarb,minor vegetables,Sandy loam,6.0,6.8,56.0,70.0,694.83,25.74,10.0,900.0,1200.0
2021,Oct,Samba/Thaladi,THOOTHUKUDI,muskmelon,vegetables,Sandy Loam,6.5,7.5,70.0,100.0,417.91,36.42,28.19,900.0,1200.0
2024,Jan,Navarai/Kodai,THENI,carrot,Root&tuber,light or sandy loam soil,6.0,7.0,75.0,75.0,602.06,23.23,13.96,1000.0,1000.0
2022,Sep,Kuruvai/Sornavari,THIRUVANNAMALAI,sweet sorghum,sugar crops,Well drained sandy loam and clayey loam soils ,6.0,8.5,115.0,125.0,213.02,30.65,24.02,500.0,600.0
2024,Apr,Navarai/Kodai,NAGAPATTINAM,Rhubarb,minor vegetables,Sandy loam,6.0,6.8,56.0,70.0,482.08,25.2,10.0,900.0,1200.0
2025,Dec,Samba/Thaladi,CUDDALORE,sunflower,oil seeds,"Loams, silt loams, clay loams, or silty clay loams",6.5,8.0,85.0,95.0,175.93,26.71,21.27,350.0,500.0
2025,Aug,Kuruvai/Sornavari,THOOTHUKUDI,vegetable cowpea,vegetables,Sandy loam,5.6,6.0,45.0,90.0,768.47,29.32,18.98,900.0,1200.0
2023,Oct,Samba/Thaladi,KRISHNAGIRI,capsicum,vegetables,Loamy soil/ Lateritic soil,5.5,7.0,60.0,60.0,172.93,27.92,14.84,500.0,1200.0
2025,Jun,Kuruvai/Sornavari,DINDIGUL,wheat,cereals,Well Drained,6.0,7.0,80.0,90.0,180.75,25.6,22.88,450.0,650.0
2021,Jan,Navarai/Kodai,VILLUPURAM,Brussels sprout,minor vegetables,Sandy loam,6.5,6.8,12.0,12.0,342.85,26.01,15.26,900.0,1200.0
2023,Jun,Kuruvai/Sornavari,VELLORE,Lettuce,minor vegetables,Sandy loam,6.0,6.5,45.0,55.0,575.41,24.87,19.05,900.0,1200.0
2025,Nov,Samba/Thaladi,PUDUKKOTTAI,gingely,oil seeds,"Loams, silt loams, clay loams, or silty clay loams",5.5,8.0,85.0,90.0,262.45,32.57,25.74,350.0,400.0
2024,May,Navarai/Kodai,VELLORE,sweet potato,Root&tuber,well-drained soil,5.7,6.7,90.0,120.0,290.67,25.24,22.14,1000.0,1000.0
2021,Nov,Samba/Thaladi,PERAMBALUR,gherkins,vegetables,Sandy loam,5.8,7.0,90.0,90.0,717.25,31.66,16.06,900.0,1200.0
2024,Feb,Navarai/Kodai,VIRUDHUNAGAR,cotton,fibre crop," black soils, (ii) red soils and (iii) alluvial soils.",7.0,8.0,135.0,140.0,378.21,31.95,23.89,700.0,1300.0
2022,Apr,Navarai/Kodai,KARUR,peas,vegetables,Sandy loam,6.5,7.5,60.0,70.0,251.15,27.26,11.83,900.0,1200.0
2022,Mar,Navarai/Kodai,PUDUKKOTTAI,cumbu napier hybrid,forage crops,Well drained sandy loam and clayey loam soils ,5.0,8.6,45.0,55.0,591.52,25.97,20.26,800.0,1000.0
2023,Apr,Navarai/Kodai,THIRUCHIRAPALLI,thinai,millets,"alluvial,loamy ",5.5,7.0,85.0,90.0,580.08,29.47,19.42,500.0,900.0
2022,Jan,Navarai/Kodai,KOLLI HILLS,bottle gourd,vegetables,Sandy loam,6.0,6.7,120.0,120.0,509.42,27.64,19.83,900.0,1200.0
2023,Mar,Navarai/Kodai,CAUVERY,sugarbeet,sugar crops,Well drained sandy loam and clayey loam soils ,6.0,8.0,150.0,180.0,390.07,26.48,19.07,600.0,800.0
2021,May,Navarai/Kodai,VELLORE,curry leaf,greenleafy,Red sandy loam,5.2,5.5,90.0,85.0,580.69,33.66,26.2,1000.0,1000.0
2023,Jan,Navarai/Kodai,THIRUNELVELI,elephant foot yam,Root&tuber,Rich red loamy soil,5.5,7.0,240.0,240.0,839.6,35.05,26.85,1000.0,1500.0
2022,Aug,Kuruvai/Sornavari,TANJORE,peas,vegetables,Sandy loam,6.5,7.5,60.0,70.0,763.46,31.97,11.63,900.0,1200.0
2022,Dec,Samba/Thaladi,DINDIGUL,fodder maize,forage crops,Well drained sandy loam and clayey loam soils ,5.5,8.0,60.0,70.0,305.22,42.45,11.03,500.0,480.0
2023,Nov,Samba/Thaladi,VILLUPURAM,celery,greenleafy,Silt Loam to loamy,6.0,8.5,120.0,150.0,349.39,29.51,11.12,1000.0,1000.0
2022,Jan,Navarai/Kodai,HILLY REGIONS OF SHEVROY,Pearl millet,millets,"clay, clay loam, or sandy loam soils",5.5,7.5,75.0,85.0,329.5,40.7,15.84,350.0,500.0
2024,Jul,Kuruvai/Sornavari,KOLLI HILLS,amaranthus,greenleafy,Silt Loam to loamy,6.5,7.5,70.0,75.0,348.83,26.11,22.7,1000.0,1000.0
2025,Mar,Navarai/Kodai,SIVAGANGAI,ragi,millets,"red, black, sandy, loamy and shallow black soils.",5.0,8.2,100.0,120.0,504.0,26.81,13.86,700.0,1200.0
2022,Jul,Kuruvai/Sornavari,KRISHNAGIRI,paprika,vegetables,Sandy loam,5.8,6.5,160.0,180.0,613.47,29.66,25.77,700.0,1000.0
2021,Oct,Samba/Thaladi,KANYAKUMARI,Cabbage,colecrops,LoamySandy,6.0,6.5,80.0,180.0,126.78,25.13,11.49,380.0,500.0
2022,Oct,Samba/Thaladi,THIRUPPUR,fodder cholam,forage crops,Well drained sandy loam and clayey loam soils ,5.5,7.5,1095.0,1095.0,212.38,30.84,25.25,300.0,350.0
2024,Feb,Navarai/Kodai,DHARMAPURI,samai,millets,Loamy Soil,8.5,9.0,80.0,100.0,143.31,39.55,24.91,480.0,750.0
2021,Jun,Kuruvai/Sornavari,THALAVADI HILLS,gherkins,vegetables,Sandy loam,5.8,7.0,90.0,90.0,492.74,32.1,16.69,900.0,1200.0
2025,Dec,Samba/Thaladi,THENI,samai,millets,Loamy Soil,8.5,9.0,80.0,100.0,495.54,41.18,24.63,480.0,750.0
2023,Nov,Samba/Thaladi,VILLUPURAM,redgram,pulses,deep loam soils,6.5,7.0,120.0,150.0,347.64,28.49,20.83,600.0,1400.0
2022,Jul,Kuruvai/Sornavari,CUDDALORE,cowpea,pulses, well-drained sandy loams or sandy soils ,5.0,6.5,60.0,90.0,125.06,30.13,20.83,400.0,700.0
2025,Jan,Navarai/Kodai,THALAVADI HILLS,radish,Root&tuber,Well grained deep loamy moist and alluviual soil,5.5,6.8,21.0,21.0,615.57,23.68,12.35,1000.0,1000.0
2025,Nov,Samba/Thaladi,THOOTHUKUDI,Pearl millet,millets,"clay, clay loam, or sandy loam soils",5.5,7.5,75.0,85.0,271.35,42.32,14.36,350.0,500.0
2022,Dec,Samba/Thaladi,CUDDALORE,snake gourd,vegetables,Loamy soil/ Lateritic soil,6.0,6.7,90.0,90.0,670.37,27.35,19.17,900.0,1200.0
2023,Mar,Navarai/Kodai,ERODE,rice,cereals,Alluvia or loamy and clayey soil,5.0,8.0,150.0,150.0,936.89,38.93,23.4,900.0,2500.0
2021,Mar,Navarai/Kodai,VELLORE,ash gourd,vegetables,Sandy loam,6.0,6.7,120.0,120.0,268.09,32.36,25.63,900.0,1200.0
2021,Nov,Samba/Thaladi,PERAMBALUR,cumbu napier hybrid,forage crops,Well drained sandy loam and clayey loam soils ,5.0,8.6,45.0,55.0,497.29,26.79,24.88,800.0,1000.0
2025,Sep,Kuruvai/Sornavari,CHENGLEPUT,pumpkin,vegetables,Loamy soil/ Lateritic soil,6.0,7.0,115.0,120.0,338.15,28.01,17.46,900.0,1200.0
2024,Jun,Kuruvai/Sornavari,DHARMAPURI,vegetable cowpea,vegetables,Sandy loam,5.6,6.0,45.0,90.0,713.03,28.28,24.07,900.0,1200.0
2022,Jul,Kuruvai/Sornavari,PUDUKKOTTAI,cumbu napier hybrid,forage crops,Well drained sandy loam and clayey loam soils ,5.0,8.6,45.0,55.0,361.16,26.47,20.12,800.0,1000.0
2023,Apr,Navarai/Kodai,PERAMBALUR,groundnut,oil seeds,Well-drained sandy loam or sandy clay loam soil ,6.5,7.0,140.0,150.0,310.86,43.64,11.24,500.0,700.0
2022,Oct,Samba/Thaladi,THENI,groundnut,oil seeds,Well-drained sandy loam or sandy clay loam soil ,6.5,7.0,140.0,150.0,344.62,42.71,11.8,500.0,700.0
2025,Feb,Navarai/Kodai,VILLUPURAM,sorghum,millets,well-drained loamy soils,6.0,7.5,95.0,105.0,169.62,35.09,17.64,450.0,650.0
2025,Feb,Navarai/Kodai,VILLUPURAM,bhendi,vegetables,Loamy soil/ Lateritic soil,6.0,6.8,55.0,65.0,422.78,26.88,27.39,1200.0,2200.0
2021,Jan,Navarai/Kodai,COIMBATORE,ribbed gourd,vegetables,Sandy Loam,6.5,7.5,125.0,125.0,419.92,34.19,28.46,900.0,1200.0
2023,Oct,Samba/Thaladi,THALAVADI HILLS,beetroot,Root&tuber,all types of friable soil,6.0,7.0,45.0,65.0,333.83,23.8,22.99,1000.0,1000.0
2021,Jul,Kuruvai/Sornavari,ARIYALUR,onion,vegetables, Any Loamy,5.8,6.5,100.0,120.0,179.79,25.52,21.59,350.0,550.0
2022,Jun,Kuruvai/Sornavari,DHARMAPURI,lablab,vegetables,Well drained loamy soil,6.5,8.5,70.0,75.0,439.74,34.18,24.53,900.0,1200.0
2021,Nov,Samba/Thaladi,KARUR,Butter bean,minor vegetables,Sandy loam,6.0,7.0,80.0,100.0,280.61,26.74,19.11,900.0,1200.0
2023,Apr,Navarai/Kodai,SIVAGANGAI,celery,greenleafy,Silt Loam to loamy,6.0,8.5,120.0,150.0,559.46,31.3,14.02,1000.0,1000.0
2021,Oct,Samba/Thaladi,PERAMBALUR,ash gourd,vegetables,Sandy loam,6.0,6.7,120.0,120.0,366.75,32.72,23.93,900.0,1200.0
2024,Feb,Navarai/Kodai,PUDUKKOTTAI,lablab,vegetables,Well drained loamy soil,6.5,8.5,70.0,75.0,702.2,31.03,22.44,900.0,1200.0
2021,Nov,Samba/Thaladi,SALEM,ribbed gourd,vegetables,Sandy Loam,6.5,7.5,125.0,125.0,679.29,34.11,24.41,900.0,1200.0
2023,Mar,Navarai/Kodai,THOOTHUKUDI,Asparagus,minor vegetables,Sandy loam,6.0,6.7,730.0,730.0,349.85,30.5,14.58,900.0,1200.0
2025,Mar,Navarai/Kodai,SALEM,peas,vegetables,Sandy loam,6.5,7.5,60.0,70.0,603.05,26.24,10.8,900.0,1200.0
2025,Jul,Kuruvai/Sornavari,CAUVERY,castor,oil seeds,"Loams, silt loams, clay loams, or silty clay loams",5.0,8.5,120.0,160.0,270.71,26.86,24.47,500.0,500.0
2021,Aug,Kuruvai/Sornavari,THIRUCHIRAPALLI,kudiraivali,millets,Loamy Soil,5.5,7.0,75.0,95.0,380.08,23.58,22.14,500.0,900.0
2021,Mar,Navarai/Kodai,THE NILGRIS,Coccinia,minor vegetables,Sandy loam,6.0,6.5,90.0,90.0,596.69,29.76,21.21,900.0,1200.0
2025,Feb,Navarai/Kodai,THENI,elephant foot yam,Root&tuber,Rich red loamy soil,5.5,7.0,240.0,240.0,740.93,36.09,25.94,1000.0,1500.0
2025,Jul,Kuruvai/Sornavari,VILLUPURAM,tinda,vegetables,Sandy loam,6.5,7.5,70.0,70.0,373.33,31.61,24.21,900.0,1200.0
2025,Dec,Samba/Thaladi,HILLY REGIONS OF SHEVROY,sweet sorghum,sugar crops,Well drained sandy loam and clayey loam soils ,6.0,8.5,115.0,125.0,345.73,28.43,24.72,500.0,600.0
2024,Dec,Samba/Thaladi,NAGAPATTINAM,bitter gourd,vegetables,Well drained loamy soil,6.5,7.0,55.0,60.0,531.89,28.16,28.72,900.0,1200.0
2024,Sep,Kuruvai/Sornavari,THENI,sweet potato,Root&tuber,well-drained soil,5.7,6.7,90.0,120.0,354.44,27.84,25.1,1000.0,1000.0
2025,Sep,Kuruvai/Sornavari,THIRUNELVELI,small onion,bulbvegetables,Sandy loam,6.0,7.0,70.0,90.0,382.73,26.23,20.99,650.0,750.0
2021,Oct,Samba/Thaladi,HILLY REGIONS OF SHEVROY,Turnip,minor vegetables,Loamy soil,5.5,6.8,42.0,56.0,773.42,19.69,13.99,900.0,1200.0
2022,Jan,Navarai/Kodai,MADURAI,watermelon,vegetables,Sandy,6.0,7.5,70.0,85.0,282.31,27.88,26.42,900.0,1200.0
2023,Jun,Kuruvai/Sornavari,CHENGLEPUT,lablab,vegetables,Well drained loamy soil,6.5,8.5,70.0,75.0,341.27,35.73,26.39,900.0,1200.0
2022,Dec,Samba/Thaladi,KANYAKUMARI,sorghum,millets,well-drained loamy soils,6.0,7.5,95.0,105.0,414.03,39.37,13.82,450.0,650.0
2024,Apr,Navarai/Kodai,TIRUVARUR,ragi,millets,"red, black, sandy, loamy and shallow black soils.",5.0,8.2,100.0,120.0,770.41,27.63,14.54,700.0,1200.0
2021,Mar,Navarai/Kodai,RAMANATHANPURAM,elephant foot yam,Root&tuber,Rich red loamy soil,5.5,7.0,240.0,240.0,524.07,35.34,27.26,1000.0,1500.0
2025,Oct,Samba/Thaladi,DINDIGUL,cowpea,pulses, well-drained sandy loams or sandy soils ,5.0,6.5,60.0,90.0,439.94,25.39,21.44,400.0,700.0
2021,Oct,Samba/Thaladi,THIRUCHIRAPALLI,tapoica,Root&tuber,Red lateritic loam,5.5,7.0,270.0,300.0,297.79,28.1,29.42,1000.0,1000.0
2023,Aug,Kuruvai/Sornavari,VILLUPURAM,Lettuce,minor vegetables,Sandy loam,6.0,6.5,45.0,55.0,762.38,24.51,20.2,900.0,1200.0
2023,Apr,Navarai/Kodai,THIRUNELVELI,panivaragu,millets,sandy loam to clays of black cotton soils,5.5,7.0,70.0,75.0,99.56,44.32,13.84,330.0,350.0
2021,Aug,Kuruvai/Sornavari,THE NILGRIS,sugarcane,sugar crops,Clayey Loamy Soil/ Black Cotton Soil/ Red Loamy Soil/ Brown Loamy Soil,6.5,8.0,300.0,330.0,1312.06,26.49,22.51,1500.0,2500.0
2023,May,Navarai/Kodai,RAMANATHANPURAM,elephant foot yam,Root&tuber,Rich red loamy soil,5.5,7.0,240.0,240.0,760.13,32.8,24.47,1000.0,1500.0
2021,Sep,Kuruvai/Sornavari,CUDDALORE,ribbed gourd,vegetables,Sandy Loam,6.5,7.5,125.0,125.0,229.78,32.94,24.32,900.0,1200.0
2021,Mar,Navarai/Kodai,SIVAGANGAI,bhendi,vegetables,Loamy soil/ Lateritic soil,6.0,6.8,55.0,65.0,649.97,28.17,25.46,1200.0,2200.0
2025,Feb,Navarai/Kodai,HILLY REGIONS OF SHEVROY,castor,oil seeds,"Loams, silt loams, clay loams, or silty clay loams",5.0,8.5,120.0,160.0,180.22,26.98,26.92,500.0,500.0
2021,Mar,Navarai/Kodai,VILLUPURAM,Brussels sprout,minor vegetables,Sandy loam,6.5,6.8,12.0,12.0,719.25,26.02,19.45,900.0,1200.0
2023,May,Navarai/Kodai,COIMBATORE,annual moringa,vegetables,Sandy loam,6.5,8.0,210.0,240.0,637.8,33.87,26.76,900.0,1200.0
2022,Aug,Kuruvai/Sornavari,SALEM,chowchow,vegetables,Loamy soil/ Lateritic soil,5.5,6.5,150.0,150.0,896.63,24.64,16.43,1200.0,1500.0
2021,Jun,Kuruvai/Sornavari,RAMANATHANPURAM,Asparagus,minor vegetables,Sandy loam,6.0,6.7,730.0,730.0,613.42,27.98,15.39,900.0,1200.0
2022,Dec,Samba/Thaladi,THIRUPPUR,kudirai masi,forage crops,Well drained sandy loam and clayey loam soils ,6.5,7.5,45.0,55.0,193.47,35.49,27.54,300.0,350.0
2025,Sep,Kuruvai/Sornavari,JAWAD HILLS,Lettuce,minor vegetables,Sandy loam,6.0,6.5,45.0,55.0,644.6,24.29,21.34,900.0,1200.0
2024,Feb,Navarai/Kodai,KRISHNAGIRI,Phaseolus lunatus,minor vegetables,Sandy loam,6.0,6.8,90.0,90.0,859.69,27.48,20.09,900.0,2000.0
2024,Mar,Navarai/Kodai,NAGAPATTINAM,muyal masal,forage crops,Well drained sandy loam and clayey loam soils ,5.5,7.5,75.0,65.0,260.81,31.84,27.03,500.0,480.0
2023,Jan,Navarai/Kodai,VIRUDHUNAGAR,Bread fruit,minor vegetables,Sandy loam,6.1,7.4,100.0,100.0,867.06,39.39,17.06,2030.0,2540.0
2022,May,Navarai/Kodai,PUDUKKOTTAI,Butter bean,minor vegetables,Sandy loam,6.0,7.0,80.0,100.0,525.46,27.9,18.17,900.0,1200.0
2024,Nov,Samba/Thaladi,SIVAGANGAI,cluster bean,vegetables,Sandy Loam,7.0,8.5,60.0,90.0,579.72,25.45,20.32,900.0,1200.0
2022,Jun,Kuruvai/Sornavari,HILLY REGIONS OF SHEVROY,blackgram,pulses,sandy soils to heavy cotton soils,6.5,7.8,70.0,75.0,505.16,42.06,19.96,600.0,1000.0
2023,Aug,Kuruvai/Sornavari,VILLUPURAM,fodder cholam,forage crops,Well drained sandy loam and clayey loam soils ,5.5,7.5,1095.0,1095.0,188.48,34.75,24.23,300.0,350.0
2023,Sep,Kuruvai/Sornavari,VELLORE,chinese potato,Root&tuber,well-drained soil,4.8,5.8,120.0,150.0,282.49,23.94,18.2,1000.0,1000.0
2023,Jan,Navarai/Kodai,THENI,muyal masal,forage crops,Well drained sandy loam and clayey loam soils ,5.5,7.5,75.0,65.0,244.86,36.91,28.01,500.0,480.0
2021,Feb,Navarai/Kodai,ERODE,wheat,cereals,Well Drained,6.0,7.0,80.0,90.0,343.8,25.37,24.21,450.0,650.0
2021,May,Navarai/Kodai,CAUVERY,sugarbeet,sugar crops,Well drained sandy loam and clayey loam soils ,6.0,8.0,150.0,180.0,315.77,25.37,15.56,600.0,800.0
2021,Jan,Navarai/Kodai,DINDIGUL,chowchow,vegetables,Loamy soil/ Lateritic soil,5.5,6.5,150.0,150.0,556.21,24.19,20.52,1200.0,1500.0
2022,Nov,Samba/Thaladi,KRISHNAGIRI,beetroot,Root&tuber,all types of friable soil,6.0,7.0,45.0,65.0,468.3,23.19,22.36,1000.0,1000.0
2025,Mar,Navarai/Kodai,HILLY REGIONS OF SHEVROY,guinea grass,forage crops,Well drained sandy loam and clayey loam soils ,5.0,7.0,45.0,55.0,308.34,36.43,18.34,1000.0,480.0
2022,Jan,Navarai/Kodai,NAMAKAL,amaranthus,greenleafy,Silt Loam to loamy,6.5,7.5,70.0,75.0,540.07,31.45,21.76,1000.0,1000.0
2021,Nov,Samba/Thaladi,VELLORE,cowpea,pulses, well-drained sandy loams or sandy soils ,5.0,6.5,60.0,90.0,285.09,31.77,18.36,400.0,700.0
2022,May,Navarai/Kodai,DHARMAPURI,celery,greenleafy,Silt Loam to loamy,6.0,8.5,120.0,150.0,628.96,25.63,16.22,1000.0,1000.0
2022,Mar,Navarai/Kodai,TIRUVARUR,amaranthus,greenleafy,Silt Loam to loamy,6.5,7.5,70.0,75.0,488.1,25.07,23.59,1000.0,1000.0
2021,Jul,Kuruvai/Sornavari,RAMANATHANPURAM,Chekurmanis,minor vegetables,Sandy loam,5.5,7.5,90.0,120.0,521.49,34.56,27.66,900.0,1200.0
2021,Dec,Samba/Thaladi,DINDIGUL,Turnip,minor vegetables,Loamy soil,5.5,6.8,42.0,56.0,440.38,20.4,14.12,900.0,1200.0
2021,Jul,Kuruvai/Sornavari,DINDIGUL,small onion,bulbvegetables,Sandy loam,6.0,7.0,70.0,90.0,217.56,26.93,20.55,650.0,750.0
2021,Aug,Kuruvai/Sornavari,THALAVADI HILLS,gherkins,vegetables,Sandy loam,5.8,7.0,90.0,90.0,335.46,36.13,17.01,900.0,1200.0
2024,Apr,Navarai/Kodai,DINDIGUL,sunflower,oil seeds,"Loams, silt loams, clay loams, or silty clay loams",6.5,8.0,85.0,95.0,165.65,26.68,23.66,350.0,500.0
2024,Oct,Samba/Thaladi,CAUVERY,sugarbeet,sugar crops,Well drained sandy loam and clayey loam soils ,6.0,8.0,150.0,180.0,461.55,26.01,14.23,600.0,800.0
2025,Mar,Navarai/Kodai,THALAVADI HILLS,sweet potato,Root&tuber,well-drained soil,5.7,6.7,90.0,120.0,403.95,26.11,24.01,1000.0,1000.0
2023,Jul,Kuruvai/Sornavari,THOOTHUKUDI,Winged Bean,minor vegetables,Sandy loam,7.0,12.0,42.0,42.0,799.9,29.84,27.27,900.0,1200.0
2025,Jun,Kuruvai/Sornavari,NAGAPATTINAM,annual moringa,vegetables,Sandy loam,6.5,8.0,210.0,240.0,421.95,31.26,26.03,900.0,1200.0
2024,Apr,Navarai/Kodai,HILLY REGIONS OF SHEVROY,Coccinia,minor vegetables,Sandy loam,6.0,6.5,90.0,90.0,656.22,31.87,24.84,900.0,1200.0
2022,Feb,Navarai/Kodai,KANCHEEPURAM,greengram,pulses,well-drained sandy loams or sandy soils ,6.5,7.5,100.0,100.0,349.62,30.31,25.91,850.0,1000.0
2022,Dec,Samba/Thaladi,KRISHNAGIRI,Ceylon spinach,minor vegetables,Sandy loam,6.5,7.0,40.0,50.0,301.88,24.32,10.16,900.0,1200.0
2022,Jan,Navarai/Kodai,CAUVERY,broadbean,vegetables,Well drained loamy soil,5.5,6.0,80.0,100.0,395.41,24.15,10.64,900.0,1200.0
2023,Jul,Kuruvai/Sornavari,SALEM,elephant foot yam,Root&tuber,Rich red loamy soil,5.5,7.0,240.0,240.0,767.52,36.88,23.18,1000.0,1500.0
2021,Jan,Navarai/Kodai,CUDDALORE,groundnut,oil seeds,Well-drained sandy loam or sandy clay loam soil ,6.5,7.0,140.0,150.0,149.1,43.9,10.74,500.0,700.0
2021,Apr,Navarai/Kodai,COIMBATORE,Brussels sprout,minor vegetables,Sandy loam,6.5,6.8,12.0,12.0,753.42,25.07,14.77,900.0,1200.0
2022,Jun,Kuruvai/Sornavari,DINDIGUL,guinea grass,forage crops,Well drained sandy loam and clayey loam soils ,5.0,7.0,45.0,55.0,261.78,34.74,15.39,1000.0,480.0
2021,Aug,Kuruvai/Sornavari,ERODE,Cabbage,colecrops,LoamySandy,6.0,6.5,80.0,180.0,152.99,25.28,11.6,380.0,500.0
2024,Aug,Kuruvai/Sornavari,THOOTHUKUDI,safflower,oil seeds,"Loams, silt loams, clay loams, or silty clay loams",5.4,8.2,120.0,125.0,218.09,33.1,25.13,550.0,725.0
2024,Dec,Samba/Thaladi,ERODE,thinai,millets,"alluvial,loamy ",5.5,7.0,85.0,90.0,470.77,25.8,18.56,500.0,900.0
2021,Apr,Navarai/Kodai,CHENGLEPUT,amaranthus,greenleafy,Silt Loam to loamy,6.5,7.5,70.0,75.0,459.96,29.39,19.01,1000.0,1000.0
2022,Nov,Samba/Thaladi,THALAVADI HILLS,Ceylon spinach,minor vegetables,Sandy loam,6.5,7.0,40.0,50.0,335.02,24.61,12.69,900.0,1200.0
2021,Aug,Kuruvai/Sornavari,THIRUVALLUR,dioscorea,Root&tuber,well-drained soil,6.0,6.5,270.0,300.0,634.29,35.03,30.0,1000.0,2000.0
2023,May,Navarai/Kodai,DHARMAPURI,niger,oil seeds,"Loams, silt loams, clay loams, or silty clay loams",5.2,7.3,80.0,80.0,407.31,25.0,14.77,1000.0,1300.0
2022,Feb,Navarai/Kodai,SIVAGANGAI,tinda,vegetables,Sandy loam,6.5,7.5,70.0,70.0,372.53,26.66,25.49,900.0,1200.0
2024,Jan,Navarai/Kodai,DHARMAPURI,Butter bean,minor vegetables,Sandy loam,6.0,7.0,80.0,100.0,439.47,25.82,15.51,900.0,1200.0
2021,Sep,Kuruvai/Sornavari,COIMBATORE,peas,vegetables,Sandy loam,6.5,7.5,60.0,70.0,633.84,31.29,13.63,900.0,1200.0
2025,May,Navarai/Kodai,CAUVERY,sugarbeet,sugar crops,Well drained sandy loam and clayey loam soils ,6.0,8.0,150.0,180.0,384.47,26.02,14.03,600.0,800.0
2023,Sep,Kuruvai/Sornavari,SIVAGANGAI,Brussels sprout,minor vegetables,Sandy loam,6.5,6.8,12.0,12.0,536.26,25.28,13.32,900.0,1200.0
2022,Dec,Samba/Thaladi,VILLUPURAM,broadbean,vegetables,Well drained loamy soil,5.5,6.0,80.0,100.0,457.83,23.73,10.83,900.0,1200.0
2025,Dec,Samba/Thaladi,NAGAPATTINAM,fodder maize,forage crops,Well drained sandy loam and clayey loam soils ,5.5,8.0,60.0,70.0,293.38,41.3,12.56,500.0,480.0
2022,Dec,Samba/Thaladi,RAMANATHANPURAM,cowpea,pulses, well-drained sandy loams or sandy soils ,5.0,6.5,60.0,90.0,258.41,26.94,19.93,400.0,700.0
2022,Jun,Kuruvai/Sornavari,THOOTHUKUDI,gardenlablab,pulses,wide range of soils,6.0,7.0,75.0,100.0,473.22,31.54,22.72,650.0,1000.0
2024,Apr,Navarai/Kodai,KANYAKUMARI,castor,oil seeds,"Loams, silt loams, clay loams, or silty clay loams",5.0,8.5,120.0,160.0,193.49,25.9,24.71,500.0,500.0
2023,Feb,Navarai/Kodai,KANYAKUMARI,Butter bean,minor vegetables,Sandy loam,6.0,7.0,80.0,100.0,284.35,25.55,16.51,900.0,1200.0
2022,Jun,Kuruvai/Sornavari,PERAMBALUR,Brussels sprout,minor vegetables,Sandy loam,6.5,6.8,12.0,12.0,447.06,26.95,13.56,900.0,1200.0
2025,Jan,Navarai/Kodai,THALAVADI HILLS,Turnip,minor vegetables,Loamy soil,5.5,6.8,42.0,56.0,544.96,19.92,12.4,900.0,1200.0
2024,Aug,Kuruvai/Sornavari,CUDDALORE,gingely,oil seeds,"Loams, silt loams, clay loams, or silty clay loams",5.5,8.0,85.0,90.0,211.15,33.85,26.6,350.0,400.0
2024,Dec,Samba/Thaladi,THIRUNELVELI,curry leaf,greenleafy,Red sandy loam,5.2,5.5,90.0,85.0,257.33,36.11,27.96,1000.0,1000.0
2023,Feb,Navarai/Kodai,THALAVADI HILLS,niger,oil seeds,"Loams, silt loams, clay loams, or silty clay loams",5.2,7.3,80.0,80.0,679.62,25.0,11.17,1000.0,1300.0
2022,Sep,Kuruvai/Sornavari,VILLUPURAM,gherkins,vegetables,Sandy loam,5.8,7.0,90.0,90.0,259.29,30.86,19.12,900.0,1200.0
2024,Apr,Navarai/Kodai,THIRUCHIRAPALLI,sorghum,millets,well-drained loamy soils,6.0,7.5,95.0,105.0,409.45,40.16,19.54,450.0,650.0
2024,Mar,Navarai/Kodai,SALEM,fodder cumbu,forage crops,Well drained sandy loam and clayey loam soils ,4.0,7.5,45.0,120.0,187.5,31.72,26.14,500.0,480.0
2023,May,Navarai/Kodai,THOOTHUKUDI,groundnut,oil seeds,Well-drained sandy loam or sandy clay loam soil ,6.5,7.0,140.0,150.0,290.32,44.73,10.04,500.0,700.0
2023,Dec,Samba/Thaladi,THIRUPPUR,redgram,pulses,deep loam soils,6.5,7.0,120.0,150.0,606.79,31.29,21.67,600.0,1400.0
2024,Jul,Kuruvai/Sornavari,DHARMAPURI,varagu,millets,clay-based soil,5.5,6.5,120.0,120.0,535.67,26.79,26.22,500.0,900.0
2023,Oct,Samba/Thaladi,CHENGLEPUT,cucumber,vegetables,Loamy,6.5,7.5,120.0,120.0,438.39,33.88,25.07,1200.0,1500.0
2021,May,Navarai/Kodai,MADURAI,castor,oil seeds,"Loams, silt loams, clay loams, or silty clay loams",5.0,8.5,120.0,160.0,196.16,27.64,26.76,500.0,500.0
2024,Aug,Kuruvai/Sornavari,TIRUVARUR,rice,cereals,Alluvia or loamy and clayey soil,5.0,8.0,150.0,150.0,1194.0,41.9,19.69,900.0,2500.0
2021,Apr,Navarai/Kodai,KANYAKUMARI,cucumber,vegetables,Loamy,6.5,7.5,120.0,120.0,722.23,32.18,28.95,1200.0,1500.0
2023,Mar,Navarai/Kodai,KARUR,elephant foot yam,Root&tuber,Rich red loamy soil,5.5,7.0,240.0,240.0,267.93,30.14,24.6,1000.0,1500.0
2023,Feb,Navarai/Kodai,KRISHNAGIRI,capsicum,vegetables,Loamy soil/ Lateritic soil,5.5,7.0,60.0,60.0,544.77,31.03,14.22,500.0,1200.0
2024,Feb,Navarai/Kodai,THENI,cluster bean,vegetables,Sandy Loam,7.0,8.5,60.0,90.0,428.06,25.81,25.48,900.0,1200.0
2021,May,Navarai/Kodai,JAWAD HILLS,sugarcane,sugar crops,Clayey Loamy Soil/ Black Cotton Soil/ Red Loamy Soil/ Brown Loamy Soil,6.5,8.0,300.0,330.0,1536.98,26.03,24.73,1500.0,2500.0
2024,Oct,Samba/Thaladi,RAMANATHANPURAM,bhendi,vegetables,Loamy soil/ Lateritic soil,6.0,6.8,55.0,65.0,353.14,28.65,24.58,1200.0,2200.0
2025,Nov,Samba/Thaladi,CAUVERY,sugarbeet,sugar crops,Well drained sandy loam and clayey loam soils ,6.0,8.0,150.0,180.0,358.49,25.88,13.32,600.0,800.0
2023,Sep,Kuruvai/Sornavari,THIRUVANNAMALAI,cumbu napier hybrid,forage crops,Well drained sandy loam and clayey loam soils ,5.0,8.6,45.0,55.0,561.11,26.82,22.57,800.0,1000.0
2023,Mar,Navarai/Kodai,COIMBATORE,Ceylon spinach,minor vegetables,Sandy loam,6.5,7.0,40.0,50.0,347.43,24.82,14.25,900.0,1200.0
2022,Jan,Navarai/Kodai,DHARMAPURI,niger,oil seeds,"Loams, silt loams, clay loams, or silty clay loams",5.2,7.3,80.0,80.0,437.54,25.0,12.14,1000.0,1300.0
2025,Oct,Samba/Thaladi,CAUVERY,watermelon,vegetables,Sandy,6.0,7.5,70.0,85.0,305.04,25.92,27.94,900.0,1200.0
2021,Sep,Kuruvai/Sornavari,THIRUPPUR,ash gourd,vegetables,Sandy loam,6.0,6.7,120.0,120.0,592.28,27.27,28.71,900.0,1200.0
2025,Mar,Navarai/Kodai,THE NILGRIS,Phaseolus lunatus,minor vegetables,Sandy loam,6.0,6.8,90.0,90.0,725.29,27.51,20.73,900.0,2000.0
2023,Jan,Navarai/Kodai,TANJORE,swordbean,pulses, well-drained sandy loams or sandy soils ,5.0,6.0,110.0,120.0,650.4,32.18,15.86,900.0,1500.0
2021,Apr,Navarai/Kodai,SALEM,pumpkin,vegetables,Loamy soil/ Lateritic soil,6.0,7.0,115.0,120.0,685.7,25.17,19.18,900.0,1200.0
2024,Jul,Kuruvai/Sornavari,THENI,guinea grass,forage crops,Well drained sandy loam and clayey loam soils ,5.0,7.0,45.0,55.0,273.88,33.74,14.29,1000.0,480.0
2025,Apr,Navarai/Kodai,THIRUCHIRAPALLI,horsegram,pulses, light to heavy soils ,6.0,7.5,100.0,105.0,356.98,38.67,24.78,800.0,800.0
2025,Nov,Samba/Thaladi,THIRUVANNAMALAI,blackgram,pulses,sandy soils to heavy cotton soils,6.5,7.8,70.0,75.0,375.01,39.57,19.27,600.0,1000.0
2024,Jan,Navarai/Kodai,KRISHNAGIRI,Lettuce,minor vegetables,Sandy loam,6.0,6.5,45.0,55.0,290.13,24.99,20.43,900.0,1200.0
2021,Jan,Navarai/Kodai,DINDIGUL,small onion,bulbvegetables,Sandy loam,6.0,7.0,70.0,90.0,278.48,25.36,18.0,650.0,750.0
2021,Jun,Kuruvai/Sornavari,THIRUVANNAMALAI,safflower,oil seeds,"Loams, silt loams, clay loams, or silty clay loams",5.4,8.2,120.0,125.0,202.62,34.74,22.11,550.0,725.0
2024,Nov,Samba/Thaladi,THIRUNELVELI,dioscorea,Root&tuber,well-drained soil,6.0,6.5,270.0,300.0,955.31,34.09,30.0,1000.0,2000.0
2021,Nov,Samba/Thaladi,CHENGLEPUT,blackgram,pulses,sandy soils to heavy cotton soils,6.5,7.8,70.0,75.0,304.69,41.85,18.94,600.0,1000.0
2024,Dec,Samba/Thaladi,HILLY REGIONS OF SHEVROY,ragi,millets,"red, black, sandy, loamy and shallow black soils.",5.0,8.2,100.0,120.0,618.16,25.21,13.25,700.0,1200.0
2024,Jul,Kuruvai/Sornavari,THIRUCHIRAPALLI,small onion,bulbvegetables,Sandy loam,6.0,7.0,70.0,90.0,475.75,25.47,17.02,650.0,750.0
2021,Oct,Samba/Thaladi,THIRUVANNAMALAI,Palak,minor vegetables,Sandy loam,6.5,7.0,37.0,45.0,300.99,30.94,13.99,900.0,1200.0
2024,May,Navarai/Kodai,THIRUVANNAMALAI,bellary onion,minor vegetables,Sandy loam,5.8,6.5,150.0,150.0,498.96,25.6,15.4,900.0,1200.0
2024,Feb,Navarai/Kodai,THE NILGRIS,snake gourd,vegetables,Loamy soil/ Lateritic soil,6.0,6.7,90.0,90.0,325.98,28.88,19.52,900.0,1200.0
2025,Oct,Samba/Thaladi,THOOTHUKUDI,gardenlablab,pulses,wide range of soils,6.0,7.0,75.0,100.0,285.21,30.24,22.15,650.0,1000.0
2025,Nov,Samba/Thaladi,THIRUVANNAMALAI,swordbean,pulses, well-drained sandy loams or sandy soils ,5.0,6.0,110.0,120.0,456.0,31.42,12.08,900.0,1500.0
2023,Oct,Samba/Thaladi,THOOTHUKUDI,bellary onion,minor vegetables,Sandy loam,5.8,6.5,150.0,150.0,400.51,25.87,13.22,900.0,1200.0
2023,Dec,Samba/Thaladi,ERODE,wheat,cereals,Well Drained,6.0,7.0,80.0,90.0,273.92,25.37,23.38,450.0,650.0
2021,Apr,Navarai/Kodai,VILLUPURAM,muyal masal,forage crops,Well drained sandy loam and clayey loam soils ,5.5,7.5,75.0,65.0,191.43,35.54,24.81,500.0,480.0
2021,May,Navarai/Kodai,COIMBATORE,ash gourd,vegetables,Sandy loam,6.0,6.7,120.0,120.0,553.94,32.93,25.38,900.0,1200.0
2024,Nov,Samba/Thaladi,JAWAD HILLS,Celery,minor vegetables,Sandy loam,5.8,6.8,120.0,150.0,631.19,23.54,18.63,900.0,1200.0
2021,Mar,Navarai/Kodai,COIMBATORE,gardenlablab,pulses,wide range of soils,6.0,7.0,75.0,100.0,422.15,32.17,17.75,650.0,1000.0
2023,Dec,Samba/Thaladi,PERAMBALUR,castor,oil seeds,"Loams, silt loams, clay loams, or silty clay loams",5.0,8.5,120.0,160.0,226.35,25.72,25.56,500.0,500.0
2024,Sep,Kuruvai/Sornavari,ARIYALUR,bellary onion,minor vegetables,Sandy loam,5.8,6.5,150.0,150.0,705.43,25.12,12.08,900.0,1200.0
2023,Apr,Navarai/Kodai,NAGAPATTINAM,small onion,bulbvegetables,Sandy loam,6.0,7.0,70.0,90.0,428.5,25.9,20.27,650.0,750.0
2021,Jul,Kuruvai/Sornavari,KANCHEEPURAM,beetroot,Root&tuber,all types of friable soil,6.0,7.0,45.0,65.0,276.19,23.4,19.22,1000.0,1000.0
2025,Oct,Samba/Thaladi,PERAMBALUR,Winged Bean,minor vegetables,Sandy loam,7.0,12.0,42.0,42.0,561.52,25.9,23.74,900.0,1200.0
2022,Jul,Kuruvai/Sornavari,THIRUVANNAMALAI,dioscorea,Root&tuber,well-drained soil,6.0,6.5,270.0,300.0,1155.81,31.68,30.0,1000.0,2000.0
2024,Apr,Navarai/Kodai,THENI,fodder cowpea,forage crops,Well drained sandy loam and clayey loam soils ,5.0,6.5,50.0,65.0,169.45,25.03,22.42,300.0,350.0
2025,Nov,Samba/Thaladi,MADURAI,cluster bean,vegetables,Sandy Loam,7.0,8.5,60.0,90.0,454.66,26.98,23.16,900.0,1200.0
2025,Aug,Kuruvai/Sornavari,MADURAI,fodder maize,forage crops,Well drained sandy loam and clayey loam soils ,5.5,8.0,60.0,70.0,229.81,44.4,11.24,500.0,480.0
2025,May,Navarai/Kodai,DINDIGUL,amaranthus,greenleafy,Silt Loam to loamy,6.5,7.5,70.0,75.0,306.56,29.66,18.33,1000.0,1000.0
2022,Nov,Samba/Thaladi,MADURAI,ragi,millets,"red, black, sandy, loamy and shallow black soils.",5.0,8.2,100.0,120.0,175.64,28.28,11.52,700.0,1200.0
2022,May,Navarai/Kodai,CAUVERY,sugarcane,sugar crops,Clayey Loamy Soil/ Black Cotton Soil/ Red Loamy Soil/ Brown Loamy Soil,6.5,8.0,300.0,330.0,699.46,25.96,21.93,1500.0,2500.0
2023,Jun,Kuruvai/Sornavari,THIRUNELVELI,sugarcane,sugar crops,Clayey Loamy Soil/ Black Cotton Soil/ Red Loamy Soil/ Brown Loamy Soil,6.5,8.0,300.0,330.0,1431.54,26.21,22.22,1500.0,2500.0
2023,Mar,Navarai/Kodai,KARUR,Lettuce,minor vegetables,Sandy loam,6.0,6.5,45.0,55.0,388.58,24.44,16.63,900.0,1200.0
2025,Jun,Kuruvai/Sornavari,KRISHNAGIRI,carrot,Root&tuber,light or sandy loam soil,6.0,7.0,75.0,75.0,315.07,23.49,18.03,1000.0,1000.0
2025,Nov,Samba/Thaladi,NAMAKAL,annual moringa,vegetables,Sandy loam,6.5,8.0,210.0,240.0,340.21,34.23,25.12,900.0,1200.0
2023,Nov,Samba/Thaladi,CHENGLEPUT,ragi,millets,"red, black, sandy, loamy and shallow black soils.",5.0,8.2,100.0,120.0,175.77,25.74,12.77,700.0,1200.0
2022,Apr,Navarai/Kodai,THE NILGRIS,brinjal,vegetables,Loamy soil/ Lateritic soil,6.0,7.5,100.0,150.0,277.13,29.7,22.93,900.0,1200.0
2023,Sep,Kuruvai/Sornavari,THENI,ragi,millets,"red, black, sandy, loamy and shallow black soils.",5.0,8.2,100.0,120.0,656.83,28.47,14.66,700.0,1200.0
2025,Jun,Kuruvai/Sornavari,VELLORE,cowpea,pulses, well-drained sandy loams or sandy soils ,5.0,6.5,60.0,90.0,388.71,31.27,22.67,400.0,700.0
2022,May,Navarai/Kodai,PUDUKKOTTAI,Cabbage,colecrops,LoamySandy,6.0,6.5,80.0,180.0,189.05,28.55,11.39,380.0,500.0
2024,Jun,Kuruvai/Sornavari,MADURAI,small onion,bulbvegetables,Sandy loam,6.0,7.0,70.0,90.0,380.81,26.85,17.53,650.0,750.0
2021,Jun,Kuruvai/Sornavari,THIRUNELVELI,soundal,forage crops,Well drained sandy loam and clayey loam soils ,5.5,7.5,40.0,80.0,192.85,31.31,20.42,500.0,480.0
2021,Jul,Kuruvai/Sornavari,CUDDALORE,ribbed gourd,vegetables,Sandy Loam,6.5,7.5,125.0,125.0,615.81,35.04,27.3,900.0,1200.0
2022,Oct,Samba/Thaladi,PERAMBALUR,vegetable cowpea,vegetables,Sandy loam,5.6,6.0,45.0,90.0,352.88,27.49,19.69,900.0,1200.0
2021,Dec,Samba/Thaladi,THALAVADI HILLS,greengram,pulses,well-drained sandy loams or sandy soils ,6.5,7.5,100.0,100.0,240.04,35.07,26.77,850.0,1000.0
2024,Aug,Kuruvai/Sornavari,DHARMAPURI,fodder maize,forage crops,Well drained sandy loam and clayey loam soils ,5.5,8.0,60.0,70.0,208.86,41.87,10.55,500.0,480.0
2025,Apr,Navarai/Kodai,DHARMAPURI,Pearl millet,millets,"clay, clay loam, or sandy loam soils",5.5,7.5,75.0,85.0,235.2,44.91,16.19,350.0,500.0
2021,May,Navarai/Kodai,SIVAGANGAI,sorghum,millets,well-drained loamy soils,6.0,7.5,95.0,105.0,375.86,38.44,18.06,450.0,650.0
2024,Jan,Navarai/Kodai,SALEM,celery,greenleafy,Silt Loam to loamy,6.0,8.5,120.0,150.0,465.52,28.63,10.94,1000.0,1000.0
2025,Nov,Samba/Thaladi,ERODE,dioscorea,Root&tuber,well-drained soil,6.0,6.5,270.0,300.0,499.23,31.44,30.0,1000.0,2000.0
2025,Jun,Kuruvai/Sornavari,MADURAI,guinea grass,forage crops,Well drained sandy loam and clayey loam soils ,5.0,7.0,45.0,55.0,303.45,36.17,16.62,1000.0,480.0
2025,Jun,Kuruvai/Sornavari,KRISHNAGIRI,thinai,millets,"alluvial,loamy ",5.5,7.0,85.0,90.0,140.97,25.39,21.41,500.0,900.0
2025,Apr,Navarai/Kodai,DINDIGUL,cotton,fibre crop," black soils, (ii) red soils and (iii) alluvial soils.",7.0,8.0,135.0,140.0,461.44,30.78,25.08,700.0,1300.0
2025,Nov,Samba/Thaladi,COIMBATORE,soundal,forage crops,Well drained sandy loam and clayey loam soils ,5.5,7.5,40.0,80.0,287.21,33.2,21.62,500.0,480.0
2024,Dec,Samba/Thaladi,THIRUPPUR,elephant foot yam,Root&tuber,Rich red loamy soil,5.5,7.0,240.0,240.0,260.56,30.57,27.68,1000.0,1500.0
2022,Jun,Kuruvai/Sornavari,THE NILGRIS,ash gourd,vegetables,Sandy loam,6.0,6.7,120.0,120.0,414.33,32.46,25.96,900.0,1200.0
2021,Sep,Kuruvai/Sornavari,KANCHEEPURAM,velimasal,forage crops,Well drained sandy loam and clayey loam soils ,5.8,7.0,45.0,55.0,164.55,34.87,25.93,300.0,350.0
2024,May,Navarai/Kodai,ERODE,cucumber,vegetables,Loamy,6.5,7.5,120.0,120.0,425.52,31.63,28.64,1200.0,1500.0
2025,Oct,Samba/Thaladi,KARUR,kudiraivali,millets,Loamy Soil,5.5,7.0,75.0,95.0,406.68,22.28,18.93,500.0,900.0
2025,Aug,Kuruvai/Sornavari,THALAVADI HILLS,swordbean,pulses, well-drained sandy loams or sandy soils ,5.0,6.0,110.0,120.0,556.82,34.76,11.29,900.0,1500.0
2024,Mar,Navarai/Kodai,THIRUCHIRAPALLI,chillies,vegetables,Loamy soil/ Lateritic soil,6.0,6.8,120.0,120.0,296.61,31.31,21.89,500.0,500.0
2023,Nov,Samba/Thaladi,THIRUVALLUR,chillies,vegetables,Loamy soil/ Lateritic soil,6.0,6.8,120.0,120.0,271.9,26.62,21.33,500.0,500.0
2022,May,Navarai/Kodai,PUDUKKOTTAI,chillies,vegetables,Loamy soil/ Lateritic soil,6.0,6.8,120.0,120.0,188.29,29.2,25.98,500.0,500.0
2021,Dec,Samba/Thaladi,VILLUPURAM,peas,vegetables,Sandy loam,6.5,7.5,60.0,70.0,373.38,27.08,12.8,900.0,1200.0
2024,Jan,Navarai/Kodai,THOOTHUKUDI,ribbed gourd,vegetables,Sandy Loam,6.5,7.5,125.0,125.0,522.63,33.1,26.89,900.0,1200.0
2025,Nov,Samba/Thaladi,KANCHEEPURAM,gardenlablab,pulses,wide range of soils,6.0,7.0,75.0,100.0,557.65,34.41,22.01,650.0,1000.0
2022,Dec,Samba/Thaladi,KANYAKUMARI,Winged Bean,minor vegetables,Sandy loam,7.0,12.0,42.0,42.0,342.15,25.62,24.6,900.0,1200.0
2021,Sep,Kuruvai/Sornavari,THENI,samai,millets,Loamy Soil,8.5,9.0,80.0,100.0,354.52,37.57,26.06,480.0,750.0
2025,Aug,Kuruvai/Sornavari,THIRUVALLUR,Phaseolus lunatus,minor vegetables,Sandy loam,6.0,6.8,90.0,90.0,289.83,27.86,16.17,900.0,2000.0
2024,Jan,Navarai/Kodai,VILLUPURAM,chinese potato,Root&tuber,well-drained soil,4.8,5.8,120.0,150.0,260.43,22.83,19.37,1000.0,1000.0
2021,Mar,Navarai/Kodai,VILLUPURAM,celery,greenleafy,Silt Loam to loamy,6.0,8.5,120.0,150.0,343.39,26.83,10.88,1000.0,1000.0
2025,Sep,Kuruvai/Sornavari,COIMBATORE,gingely,oil seeds,"Loams, silt loams, clay loams, or silty clay loams",5.5,8.0,85.0,90.0,130.28,30.88,25.03,350.0,400.0
2021,Feb,Navarai/Kodai,RAMANATHANPURAM,Chekurmanis,minor vegetables,Sandy loam,5.5,7.5,90.0,120.0,394.98,35.8,26.79,900.0,1200.0
2022,Nov,Samba/Thaladi,COIMBATORE,swordbean,pulses, well-drained sandy loams or sandy soils ,5.0,6.0,110.0,120.0,463.04,35.37,14.47,900.0,1500.0
2025,Nov,Samba/Thaladi,VELLORE,Winged Bean,minor vegetables,Sandy loam,7.0,12.0,42.0,42.0,662.75,26.16,27.15,900.0,1200.0
2025,Feb,Navarai/Kodai,KANYAKUMARI,fodder cumbu,forage crops,Well drained sandy loam and clayey loam soils ,4.0,7.5,45.0,120.0,218.01,35.01,27.69,500.0,480.0
2022,Feb,Navarai/Kodai,COIMBATORE,elephant foot yam,Root&tuber,Rich red loamy soil,5.5,7.0,240.0,240.0,676.8,33.08,29.89,1000.0,1500.0
2022,Apr,Navarai/Kodai,THENI,bitter gourd,vegetables,Well drained loamy soil,6.5,7.0,55.0,60.0,565.68,29.18,25.01,900.0,1200.0
2024,Aug,Kuruvai/Sornavari,ERODE,Phaseolus lunatus,minor vegetables,Sandy loam,6.0,6.8,90.0,90.0,487.47,25.39,20.83,900.0,2000.0
2025,Jul,Kuruvai/Sornavari,COIMBATORE,celery,greenleafy,Silt Loam to loamy,6.0,8.5,120.0,150.0,394.09,29.1,16.54,1000.0,1000.0
2022,Aug,Kuruvai/Sornavari,THENI,tinda,vegetables,Sandy loam,6.5,7.5,70.0,70.0,406.17,29.03,27.16,900.0,1200.0
2021,Mar,Navarai/Kodai,CUDDALORE,Butter bean,minor vegetables,Sandy loam,6.0,7.0,80.0,100.0,455.42,25.16,17.41,900.0,1200.0
2023,Oct,Samba/Thaladi,HILLY REGIONS OF SHEVROY,Coccinia,minor vegetables,Sandy loam,6.0,6.5,90.0,90.0,767.87,31.75,23.74,900.0,1200.0
2025,Oct,Samba/Thaladi,CAUVERY,chinese potato,Root&tuber,well-drained soil,4.8,5.8,120.0,150.0,554.8,22.14,14.96,1000.0,1000.0
2023,Oct,Samba/Thaladi,COIMBATORE,kudirai masi,forage crops,Well drained sandy loam and clayey loam soils ,6.5,7.5,45.0,55.0,120.53,30.85,25.98,300.0,350.0
2022,Dec,Samba/Thaladi,COIMBATORE,soundal,forage crops,Well drained sandy loam and clayey loam soils ,5.5,7.5,40.0,80.0,268.76,33.45,19.44,500.0,480.0
2024,Nov,Samba/Thaladi,VELLORE,onion,vegetables, Any Loamy,5.8,6.5,100.0,120.0,314.75,25.36,21.59,350.0,550.0
2022,May,Navarai/Kodai,KRISHNAGIRI,redgram,pulses,deep loam soils,6.5,7.0,120.0,150.0,707.84,25.83,16.0,600.0,1400.0
2022,Aug,Kuruvai/Sornavari,KANYAKUMARI,radish,Root&tuber,Well grained deep loamy moist and alluviual soil,5.5,6.8,21.0,21.0,653.85,22.08,10.21,1000.0,1000.0
2021,Apr,Navarai/Kodai,THE NILGRIS,kollukattai pullu,forage crops,Well drained sandy loam and clayey loam soils ,7.0,7.5,45.0,55.0,290.9,27.49,23.83,500.0,480.0
2021,Jul,Kuruvai/Sornavari,PERAMBALUR,guinea grass,forage crops,Well drained sandy loam and clayey loam soils ,5.0,7.0,45.0,55.0,319.37,34.57,15.38,1000.0,480.0
2025,Jan,Navarai/Kodai,ARIYALUR,Chakravathi keerai,minor vegetables,Sandy loam,4.5,8.3,100.0,100.0,705.7,25.12,14.86,900.0,1200.0
2021,Jul,Kuruvai/Sornavari,CUDDALORE,watermelon,vegetables,Sandy,6.0,7.5,70.0,85.0,559.24,28.46,25.01,900.0,1200.0
2024,Nov,Samba/Thaladi,KANCHEEPURAM,Asparagus,minor vegetables,Sandy loam,6.0,6.7,730.0,730.0,566.17,30.13,13.44,900.0,1200.0
2021,Jul,Kuruvai/Sornavari,VELLORE,capsicum,vegetables,Loamy soil/ Lateritic soil,5.5,7.0,60.0,60.0,259.56,28.27,14.59,500.0,1200.0
2023,Sep,Kuruvai/Sornavari,NAGAPATTINAM,cotton,fibre crop," black soils, (ii) red soils and (iii) alluvial soils.",7.0,8.0,135.0,140.0,758.55,26.79,21.55,700.0,1300.0
2023,Nov,Samba/Thaladi,ERODE,Lettuce,minor vegetables,Sandy loam,6.0,6.5,45.0,55.0,734.85,24.29,17.69,900.0,1200.0
2023,Jul,Kuruvai/Sornavari,MADURAI,swordbean,pulses, well-drained sandy loams or sandy soils ,5.0,6.0,110.0,120.0,456.16,32.74,16.59,900.0,1500.0
2023,Jul,Kuruvai/Sornavari,KANCHEEPURAM,gingely,oil seeds,"Loams, silt loams, clay loams, or silty clay loams",5.5,8.0,85.0,90.0,262.63,32.84,24.18,350.0,400.0
2025,Jan,Navarai/Kodai,THIRUVALLUR,sugarcane,sugar crops,Clayey Loamy Soil/ Black Cotton Soil/ Red Loamy Soil/ Brown Loamy Soil,6.5,8.0,300.0,330.0,553.62,26.25,23.12,1500.0,2500.0
2025,May,Navarai/Kodai,PERAMBALUR,dioscorea,Root&tuber,well-drained soil,6.0,6.5,270.0,300.0,291.88,31.33,30.0,1000.0,2000.0
2023,Oct,Samba/Thaladi,PUDUKKOTTAI,bitter gourd,vegetables,Well drained loamy soil,6.5,7.0,55.0,60.0,343.02,29.66,26.83,900.0,1200.0
2022,Jan,Navarai/Kodai,THIRUCHIRAPALLI,tobacco,other crops,Well drained sandy loam and clayey loam soils ,7.5,8.5,90.0,100.0,605.51,30.42,28.27,800.0,1000.0
2022,May,Navarai/Kodai,ARIYALUR,cluster bean,vegetables,Sandy Loam,7.0,8.5,60.0,90.0,761.32,25.61,22.92,900.0,1200.0
2024,Jun,Kuruvai/Sornavari,RAMANATHANPURAM,paprika,vegetables,Sandy loam,5.8,6.5,160.0,180.0,295.0,27.04,22.3,700.0,1000.0
2025,Dec,Samba/Thaladi,JAWAD HILLS,muyal masal,forage crops,Well drained sandy loam and clayey loam soils ,5.5,7.5,75.0,65.0,167.4,34.5,24.93,500.0,480.0
2022,Jan,Navarai/Kodai,KARUR,sorghum,millets,well-drained loamy soils,6.0,7.5,95.0,105.0,263.8,40.32,17.17,450.0,650.0
2021,Jun,Kuruvai/Sornavari,SALEM,muyal masal,forage crops,Well drained sandy loam and clayey loam soils ,5.5,7.5,75.0,65.0,176.65,31.15,25.46,500.0,480.0
2024,Nov,Samba/Thaladi,JAWAD HILLS,redgram,pulses,deep loam soils,6.5,7.0,120.0,150.0,605.69,28.34,20.21,600.0,1400.0
2022,May,Navarai/Kodai,PERAMBALUR,chowchow,vegetables,Loamy soil/ Lateritic soil,5.5,6.5,150.0,150.0,418.63,24.04,22.21,1200.0,1500.0
2021,May,Navarai/Kodai,THOOTHUKUDI,small onion,bulbvegetables,Sandy loam,6.0,7.0,70.0,90.0,302.27,26.39,16.8,650.0,750.0
2024,Dec,Samba/Thaladi,KANYAKUMARI,muskmelon,vegetables,Sandy Loam,6.5,7.5,70.0,100.0,395.61,32.12,28.48,900.0,1200.0
2021,Mar,Navarai/Kodai,NAMAKAL,capsicum,vegetables,Loamy soil/ Lateritic soil,5.5,7.0,60.0,60.0,632.92,25.12,14.35,500.0,1200.0
2021,May,Navarai/Kodai,KOLLI HILLS,ragi,millets,"red, black, sandy, loamy and shallow black soils.",5.0,8.2,100.0,120.0,213.45,28.58,15.95,700.0,1200.0
2022,Jun,Kuruvai/Sornavari,JAWAD HILLS,sweet sorghum,sugar crops,Well drained sandy loam and clayey loam soils ,6.0,8.5,115.0,125.0,154.23,25.03,29.62,500.0,600.0
2025,Dec,Samba/Thaladi,ARIYALUR,radish,Root&tuber,Well grained deep loamy moist and alluviual soil,5.5,6.8,21.0,21.0,641.43,24.4,14.35,1000.0,1000.0
2023,Sep,Kuruvai/Sornavari,TANJORE,groundnut,oil seeds,Well-drained sandy loam or sandy clay loam soil ,6.5,7.0,140.0,150.0,329.79,44.19,11.81,500.0,700.0
2021,Nov,Samba/Thaladi,DINDIGUL,wheat,cereals,Well Drained,6.0,7.0,80.0,90.0,412.85,25.17,22.9,450.0,650.0
2022,Jan,Navarai/Kodai,KRISHNAGIRI,french bean,vegetables,Well drained loamy soil,5.5,6.0,40.0,50.0,303.42,28.55,10.25,900.0,1200.0
2024,Oct,Samba/Thaladi,KRISHNAGIRI,groundnut,oil seeds,Well-drained sandy loam or sandy clay loam soil ,6.5,7.0,140.0,150.0,328.78,42.66,10.68,500.0,700.0
2024,Aug,Kuruvai/Sornavari,ARIYALUR,paprika,vegetables,Sandy loam,5.8,6.5,160.0,180.0,601.59,31.08,28.55,700.0,1000.0
2022,Sep,Kuruvai/Sornavari,THOOTHUKUDI,bottle gourd,vegetables,Sandy loam,6.0,6.7,120.0,120.0,495.69,26.11,19.33,900.0,1200.0
2024,Oct,Samba/Thaladi,PUDUKKOTTAI,Coccinia,minor vegetables,Sandy loam,6.0,6.5,90.0,90.0,785.12,33.72,22.81,900.0,1200.0
2023,Aug,Kuruvai/Sornavari,DINDIGUL,gherkins,vegetables,Sandy loam,5.8,7.0,90.0,90.0,370.5,36.68,14.61,900.0,1200.0
2022,Sep,Kuruvai/Sornavari,MADURAI,sunflower,oil seeds,"Loams, silt loams, clay loams, or silty clay loams",6.5,8.0,85.0,95.0,152.01,25.88,23.91,350.0,500.0
2025,Apr,Navarai/Kodai,ERODE,cowpea,pulses, well-drained sandy loams or sandy soils ,5.0,6.5,60.0,90.0,437.61,25.48,20.6,400.0,700.0
2022,Jun,Kuruvai/Sornavari,KARUR,watermelon,vegetables,Sandy,6.0,7.5,70.0,85.0,270.3,27.92,23.49,900.0,1200.0
2022,May,Navarai/Kodai,THALAVADI HILLS,niger,oil seeds,"Loams, silt loams, clay loams, or silty clay loams",5.2,7.3,80.0,80.0,432.86,25.0,14.49,1000.0,1300.0
2021,Nov,Samba/Thaladi,THIRUNELVELI,guinea grass,forage crops,Well drained sandy loam and clayey loam soils ,5.0,7.0,45.0,55.0,297.85,37.82,16.97,1000.0,480.0
2023,Dec,Samba/Thaladi,NAMAKAL,annual moringa,vegetables,Sandy loam,6.5,8.0,210.0,240.0,396.07,33.9,26.96,900.0,1200.0
2025,Nov,Samba/Thaladi,THIRUVANNAMALAI,sorghum,millets,well-drained loamy soils,6.0,7.5,95.0,105.0,390.66,41.85,18.88,450.0,650.0
2023,Sep,Kuruvai/Sornavari,ERODE,wheat,cereals,Well Drained,6.0,7.0,80.0,90.0,357.41,25.18,19.12,450.0,650.0
2025,Apr,Navarai/Kodai,NAMAKAL,chowchow,vegetables,Loamy soil/ Lateritic soil,5.5,6.5,150.0,150.0,623.77,24.52,16.3,1200.0,1500.0
2025,Oct,Samba/Thaladi,THALAVADI HILLS,cumbu napier hybrid,forage crops,Well drained sandy loam and clayey loam soils ,5.0,8.6,45.0,55.0,291.82,25.48,22.71,800.0,1000.0
2021,May,Navarai/Kodai,TANJORE,Lettuce,minor vegetables,Sandy loam,6.0,6.5,45.0,55.0,431.52,24.6,22.42,900.0,1200.0
2023,Jun,Kuruvai/Sornavari,THIRUNELVELI,Chekurmanis,minor vegetables,Sandy loam,5.5,7.5,90.0,120.0,304.44,32.59,24.48,900.0,1200.0
2022,Oct,Samba/Thaladi,MADURAI,cucumber,vegetables,Loamy,6.5,7.5,120.0,120.0,753.9,32.19,26.99,1200.0,1500.0
2024,Aug,Kuruvai/Sornavari,THE NILGRIS,Mint,minor vegetables,Loamy soil,6.5,7.0,100.0,120.0,276.07,25.95,22.71,1000.0,1100.0
2024,Nov,Samba/Thaladi,ERODE,fodder cowpea,forage crops,Well drained sandy loam and clayey loam soils ,5.0,6.5,50.0,65.0,140.63,27.37,18.89,300.0,350.0
2023,Oct,Samba/Thaladi,KANCHEEPURAM,chowchow,vegetables,Loamy soil/ Lateritic soil,5.5,6.5,150.0,150.0,564.85,24.82,16.44,1200.0,1500.0
2024,Jun,Kuruvai/Sornavari,THOOTHUKUDI,bengalgram,pulses,medium to heavy black soil,5.5,7.0,90.0,120.0,555.74,25.58,19.78,650.0,1000.0
2021,Aug,Kuruvai/Sornavari,COIMBATORE,kudirai masi,forage crops,Well drained sandy loam and clayey loam soils ,6.5,7.5,45.0,55.0,139.56,36.49,27.12,300.0,350.0
2021,Jan,Navarai/Kodai,PUDUKKOTTAI,Knol-khol,minor vegetables,Sandy loam,5.5,7.0,50.0,65.0,566.22,27.72,16.93,900.0,1200.0
2023,Oct,Samba/Thaladi,KOLLI HILLS,french bean,vegetables,Well drained loamy soil,5.5,6.0,40.0,50.0,701.86,27.32,13.47,900.0,1200.0
2022,Jan,Navarai/Kodai,THENI,kollukattai pullu,forage crops,Well drained sandy loam and clayey loam soils ,7.0,7.5,45.0,55.0,270.73,29.68,18.5,500.0,480.0
2021,May,Navarai/Kodai,DINDIGUL,safflower,oil seeds,"Loams, silt loams, clay loams, or silty clay loams",5.4,8.2,120.0,125.0,374.04,31.56,23.82,550.0,725.0
2025,Oct,Samba/Thaladi,JAWAD HILLS,fieldlablab,pulses,Well drained loamy soil,6.2,7.0,105.0,105.0,443.21,27.57,16.61,650.0,1000.0
2021,Jul,Kuruvai/Sornavari,THIRUPPUR,elephant foot yam,Root&tuber,Rich red loamy soil,5.5,7.0,240.0,240.0,481.98,36.27,25.39,1000.0,1500.0
2021,Jun,Kuruvai/Sornavari,THIRUNELVELI,Knol-khol,minor vegetables,Sandy loam,5.5,7.0,50.0,65.0,294.23,32.58,15.99,900.0,1200.0
2021,Aug,Kuruvai/Sornavari,ARIYALUR,cauliflower,colecrops,LoamySandy,6.5,6.8,55.0,100.0,322.72,28.41,10.0,380.0,500.0
2023,Sep,Kuruvai/Sornavari,CUDDALORE,safflower,oil seeds,"Loams, silt loams, clay loams, or silty clay loams",5.4,8.2,120.0,125.0,390.61,33.12,24.96,550.0,725.0
2021,Feb,Navarai/Kodai,KARUR,gherkins,vegetables,Sandy loam,5.8,7.0,90.0,90.0,236.06,32.94,18.83,900.0,1200.0
2023,Mar,Navarai/Kodai,THIRUVANNAMALAI,Rhubarb,minor vegetables,Sandy loam,6.0,6.8,56.0,70.0,485.55,25.57,10.0,900.0,1200.0
2022,Jun,Kuruvai/Sornavari,SIVAGANGAI,Chinese cabbage,minor vegetables,Sandy loam,5.5,7.0,50.0,80.0,300.69,24.87,19.61,900.0,1200.0
2025,Apr,Navarai/Kodai,THENI,panivaragu,millets,sandy loam to clays of black cotton soils,5.5,7.0,70.0,75.0,110.44,41.48,13.97,330.0,350.0
2023,Feb,Navarai/Kodai,PUDUKKOTTAI,gingely,oil seeds,"Loams, silt loams, clay loams, or silty clay loams",5.5,8.0,85.0,90.0,199.52,32.43,28.56,350.0,400.0
2022,Mar,Navarai/Kodai,TANJORE,fodder cholam,forage crops,Well drained sandy loam and clayey loam soils ,5.5,7.5,1095.0,1095.0,153.02,30.55,23.74,300.0,350.0
2025,Aug,Kuruvai/Sornavari,THE NILGRIS,brinjal,vegetables,Loamy soil/ Lateritic soil,6.0,7.5,100.0,150.0,719.03,27.19,17.25,900.0,1200.0
2024,Oct,Samba/Thaladi,DINDIGUL,Mint,minor vegetables,Loamy soil,6.5,7.0,100.0,120.0,472.18,25.44,22.97,1000.0,1100.0
2022,Sep,Kuruvai/Sornavari,THIRUVALLUR,elephant foot yam,Root&tuber,Rich red loamy soil,5.5,7.0,240.0,240.0,798.0,33.25,24.15,1000.0,1500.0
2022,Jan,Navarai/Kodai,KANYAKUMARI,fodder cumbu,forage crops,Well drained sandy loam and clayey loam soils ,4.0,7.5,45.0,120.0,188.3,35.24,28.49,500.0,480.0
2022,Nov,Samba/Thaladi,KOLLI HILLS,muskmelon,vegetables,Sandy Loam,6.5,7.5,70.0,100.0,641.65,30.15,29.66,900.0,1200.0
2024,Jul,Kuruvai/Sornavari,KARUR,Knol-khol,minor vegetables,Sandy loam,5.5,7.0,50.0,65.0,670.13,30.79,19.68,900.0,1200.0
2022,Nov,Samba/Thaladi,PERAMBALUR,jute,fibre crop,Sandy and Clay Loam,6.0,7.5,120.0,140.0,275.33,37.31,24.84,1000.0,1300.0
2025,Jun,Kuruvai/Sornavari,COIMBATORE,kudirai masi,forage crops,Well drained sandy loam and clayey loam soils ,6.5,7.5,45.0,55.0,180.55,33.65,24.09,300.0,350.0
2022,Mar,Navarai/Kodai,KANCHEEPURAM,horsegram,pulses, light to heavy soils ,6.0,7.5,100.0,105.0,308.12,39.99,27.88,800.0,800.0
2021,Dec,Samba/Thaladi,THENI,Celery,minor vegetables,Sandy loam,5.8,6.8,120.0,150.0,746.73,22.48,14.78,900.0,1200.0
2021,Dec,Samba/Thaladi,VILLUPURAM,Knol-khol,minor vegetables,Sandy loam,5.5,7.0,50.0,65.0,790.95,30.06,14.65,900.0,1200.0
2025,Oct,Samba/Thaladi,TANJORE,Cabbage,colecrops,LoamySandy,6.0,6.5,80.0,180.0,248.69,27.37,11.51,380.0,500.0
2025,Apr,Navarai/Kodai,CUDDALORE,kollukattai pullu,forage crops,Well drained sandy loam and clayey loam soils ,7.0,7.5,45.0,55.0,153.28,28.77,20.17,500.0,480.0
2023,Aug,Kuruvai/Sornavari,THIRUVALLUR,fieldlablab,pulses,Well drained loamy soil,6.2,7.0,105.0,105.0,382.01,25.9,18.43,650.0,1000.0
2024,Sep,Kuruvai/Sornavari,CUDDALORE,Chekurmanis,minor vegetables,Sandy loam,5.5,7.5,90.0,120.0,767.15,35.48,29.01,900.0,1200.0
2024,Jan,Navarai/Kodai,KANCHEEPURAM,Winged Bean,minor vegetables,Sandy loam,7.0,12.0,42.0,42.0,276.13,28.52,29.77,900.0,1200.0
2025,Nov,Samba/Thaladi,THIRUCHIRAPALLI,french bean,vegetables,Well drained loamy soil,5.5,6.0,40.0,50.0,768.08,27.66,11.86,900.0,1200.0
2023,Oct,Samba/Thaladi,NAMAKAL,kudiraivali,millets,Loamy Soil,5.5,7.0,75.0,95.0,301.31,24.04,22.08,500.0,900.0
2022,Feb,Navarai/Kodai,VILLUPURAM,cauliflower,colecrops,LoamySandy,6.5,6.8,55.0,100.0,173.52,29.68,10.0,380.0,500.0
2022,Jul,Kuruvai/Sornavari,THIRUNELVELI,thinai,millets,"alluvial,loamy ",5.5,7.0,85.0,90.0,469.84,25.99,18.92,500.0,900.0
2024,Feb,Navarai/Kodai,ERODE,fieldlablab,pulses,Well drained loamy soil,6.2,7.0,105.0,105.0,579.25,26.54,16.14,650.0,1000.0
2025,Aug,Kuruvai/Sornavari,THOOTHUKUDI,panivaragu,millets,sandy loam to clays of black cotton soils,5.5,7.0,70.0,75.0,144.5,41.06,13.05,330.0,350.0
2023,Aug,Kuruvai/Sornavari,THIRUCHIRAPALLI,tobacco,other crops,Well drained sandy loam and clayey loam soils ,7.5,8.5,90.0,100.0,281.47,28.38,29.46,800.0,1000.0
2025,Aug,Kuruvai/Sornavari,KARUR,Basella,minor vegetables,Sandy loam,5.5,8.0,70.0,70.0,336.39,30.48,14.64,900.0,1200.0
2021,Jan,Navarai/Kodai,KARUR,greengram,pulses,well-drained sandy loams or sandy soils ,6.5,7.5,100.0,100.0,506.1,30.01,25.1,850.0,1000.0
2023,Apr,Navarai/Kodai,THIRUVALLUR,guinea grass,forage crops,Well drained sandy loam and clayey loam soils ,5.0,7.0,45.0,55.0,252.43,36.33,19.31,1000.0,480.0
2022,Nov,Samba/Thaladi,ERODE,ash gourd,vegetables,Sandy loam,6.0,6.7,120.0,120.0,720.87,30.72,24.83,900.0,1200.0
2024,Feb,Navarai/Kodai,THIRUCHIRAPALLI,greengram,pulses,well-drained sandy loams or sandy soils ,6.5,7.5,100.0,100.0,442.29,36.43,23.71,850.0,1000.0
2025,Apr,Navarai/Kodai,THIRUPPUR,fodder cumbu,forage crops,Well drained sandy loam and clayey loam soils ,4.0,7.5,45.0,120.0,250.35,32.5,24.94,500.0,480.0
2022,Apr,Navarai/Kodai,ERODE,cumbu napier hybrid,forage crops,Well drained sandy loam and clayey loam soils ,5.0,8.6,45.0,55.0,306.6,26.68,22.58,800.0,1000.0
2022,Oct,Samba/Thaladi,THENI,horsegram,pulses, light to heavy soils ,6.0,7.5,100.0,105.0,430.14,40.58,28.07,800.0,800.0
2021,Nov,Samba/Thaladi,THIRUNELVELI,Asparagus,minor vegetables,Sandy loam,6.0,6.7,730.0,730.0,485.61,31.34,17.25,900.0,1200.0
2025,Oct,Samba/Thaladi,TANJORE,ribbed gourd,vegetables,Sandy Loam,6.5,7.5,125.0,125.0,395.77,32.62,24.89,900.0,1200.0
2023,Nov,Samba/Thaladi,JAWAD HILLS,ash gourd,vegetables,Sandy loam,6.0,6.7,120.0,120.0,536.91,29.65,24.32,900.0,1200.0
2025,Feb,Navarai/Kodai,THENI,Ceylon spinach,minor vegetables,Sandy loam,6.5,7.0,40.0,50.0,397.68,24.29,11.1,900.0,1200.0
2025,Sep,Kuruvai/Sornavari,NAMAKAL,varagu,millets,clay-based soil,5.5,6.5,120.0,120.0,518.91,28.64,27.68,500.0,900.0
2025,Dec,Samba/Thaladi,ARIYALUR,Brussels sprout,minor vegetables,Sandy loam,6.5,6.8,12.0,12.0,267.51,26.05,17.71,900.0,1200.0
2025,Jan,Navarai/Kodai,KARUR,curry leaf,greenleafy,Red sandy loam,5.2,5.5,90.0,85.0,618.4,35.02,25.99,1000.0,1000.0
2025,Jul,Kuruvai/Sornavari,KANYAKUMARI,beetroot,Root&tuber,all types of friable soil,6.0,7.0,45.0,65.0,576.09,23.44,17.23,1000.0,1000.0
2025,Jan,Navarai/Kodai,JAWAD HILLS,horsegram,pulses, light to heavy soils ,6.0,7.5,100.0,105.0,388.08,37.99,25.31,800.0,800.0
2022,Nov,Samba/Thaladi,KANYAKUMARI,fodder cholam,forage crops,Well drained sandy loam and clayey loam soils ,5.5,7.5,1095.0,1095.0,186.29,33.72,26.38,300.0,350.0
2023,Apr,Navarai/Kodai,VIRUDHUNAGAR,cotton,fibre crop," black soils, (ii) red soils and (iii) alluvial soils.",7.0,8.0,135.0,140.0,785.62,29.71,25.94,700.0,1300.0
2023,Feb,Navarai/Kodai,NAGAPATTINAM,Cabbage,colecrops,LoamySandy,6.0,6.5,80.0,180.0,327.81,25.74,11.87,380.0,500.0
2022,Nov,Samba/Thaladi,CHENGLEPUT,bitter gourd,vegetables,Well drained loamy soil,6.5,7.0,55.0,60.0,776.84,26.49,27.82,900.0,1200.0
2023,Dec,Samba/Thaladi,VILLUPURAM,velimasal,forage crops,Well drained sandy loam and clayey loam soils ,5.8,7.0,45.0,55.0,133.98,34.52,27.81,300.0,350.0
2022,Apr,Navarai/Kodai,SIVAGANGAI,Ceylon spinach,minor vegetables,Sandy loam,6.5,7.0,40.0,50.0,266.46,24.78,12.12,900.0,1200.0
2025,May,Navarai/Kodai,SALEM,kudiraivali,millets,Loamy Soil,5.5,7.0,75.0,95.0,400.72,23.33,20.43,500.0,900.0
2022,May,Navarai/Kodai,KANYAKUMARI,cauliflower,colecrops,LoamySandy,6.5,6.8,55.0,100.0,274.46,26.24,10.0,380.0,500.0
2022,Sep,Kuruvai/Sornavari,THIRUVANNAMALAI,jute,fibre crop,Sandy and Clay Loam,6.0,7.5,120.0,140.0,864.72,36.86,27.89,1000.0,1300.0
2025,Jan,Navarai/Kodai,KOLLI HILLS,amaranthus,greenleafy,Silt Loam to loamy,6.5,7.5,70.0,75.0,310.41,25.29,24.86,1000.0,1000.0
2021,Sep,Kuruvai/Sornavari,THE NILGRIS,small onion,bulbvegetables,Sandy loam,6.0,7.0,70.0,90.0,441.12,26.16,14.18,650.0,750.0
2021,Jan,Navarai/Kodai,JAWAD HILLS,Lettuce,minor vegetables,Sandy loam,6.0,6.5,45.0,55.0,229.02,24.25,22.88,900.0,1200.0
2025,Jul,Kuruvai/Sornavari,NAMAKAL,onion,vegetables, Any Loamy,5.8,6.5,100.0,120.0,244.64,25.35,24.05,350.0,550.0
2021,Sep,Kuruvai/Sornavari,THIRUNELVELI,brinjal,vegetables,Loamy soil/ Lateritic soil,6.0,7.5,100.0,150.0,266.33,25.33,22.71,900.0,1200.0
2022,Jun,Kuruvai/Sornavari,COIMBATORE,velimasal,forage crops,Well drained sandy loam and clayey loam soils ,5.8,7.0,45.0,55.0,174.24,35.29,27.25,300.0,350.0
2022,Apr,Navarai/Kodai,KANYAKUMARI,chillies,vegetables,Loamy soil/ Lateritic soil,6.0,6.8,120.0,120.0,176.35,29.39,23.25,500.0,500.0
2022,Oct,Samba/Thaladi,ARIYALUR,celery,greenleafy,Silt Loam to loamy,6.0,8.5,120.0,150.0,429.91,27.6,14.69,1000.0,1000.0
2024,Aug,Kuruvai/Sornavari,VILLUPURAM,chillies,vegetables,Loamy soil/ Lateritic soil,6.0,6.8,120.0,120.0,165.35,25.64,24.32,500.0,500.0
2024,Jan,Navarai/Kodai,KOLLI HILLS,tomato,vegetables,Sandy loam,6.5,7.5,90.0,140.0,436.35,26.77,20.68,600.0,800.0
2022,Apr,Navarai/Kodai,THIRUVANNAMALAI,wheat,cereals,Well Drained,6.0,7.0,80.0,90.0,114.16,25.61,19.57,450.0,650.0
2023,Apr,Navarai/Kodai,KANYAKUMARI,radish,Root&tuber,Well grained deep loamy moist and alluviual soil,5.5,6.8,21.0,21.0,462.92,23.98,10.6,1000.0,1000.0
2023,Sep,Kuruvai/Sornavari,RAMANATHANPURAM,lablab,vegetables,Well drained loamy soil,6.5,8.5,70.0,75.0,293.84,31.24,23.82,900.0,1200.0
2024,Nov,Samba/Thaladi,ARIYALUR,Butter bean,minor vegetables,Sandy loam,6.0,7.0,80.0,100.0,461.51,28.83,20.17,900.0,1200.0
2023,Apr,Navarai/Kodai,THIRUCHIRAPALLI,Bread fruit,minor vegetables,Sandy loam,6.1,7.4,100.0,100.0,891.17,36.76,19.83,2030.0,2540.0
2023,Oct,Samba/Thaladi,TANJORE,Chinese cabbage,minor vegetables,Sandy loam,5.5,7.0,50.0,80.0,357.36,24.77,14.84,900.0,1200.0
2024,Nov,Samba/Thaladi,CAUVERY,annual moringa,vegetables,Sandy loam,6.5,8.0,210.0,240.0,257.32,33.76,27.97,900.0,1200.0
2022,Sep,Kuruvai/Sornavari,CUDDALORE,muskmelon,vegetables,Sandy Loam,6.5,7.5,70.0,100.0,390.03,33.87,24.48,900.0,1200.0
2023,Dec,Samba/Thaladi,KOLLI HILLS,tinda,vegetables,Sandy loam,6.5,7.5,70.0,70.0,531.84,25.51,24.58,900.0,1200.0
2022,Sep,Kuruvai/Sornavari,MADURAI,chillies,vegetables,Loamy soil/ Lateritic soil,6.0,6.8,120.0,120.0,293.32,25.47,22.77,500.0,500.0
2025,Jan,Navarai/Kodai,KANCHEEPURAM,wheat,cereals,Well Drained,6.0,7.0,80.0,90.0,349.89,25.24,23.76,450.0,650.0
2025,Mar,Navarai/Kodai,MADURAI,bengalgram,pulses,medium to heavy black soil,5.5,7.0,90.0,120.0,242.31,31.27,23.56,650.0,1000.0
2021,Oct,Samba/Thaladi,CUDDALORE,horsegram,pulses, light to heavy soils ,6.0,7.5,100.0,105.0,347.97,40.47,25.79,800.0,800.0
2024,Dec,Samba/Thaladi,DINDIGUL,fodder cowpea,forage crops,Well drained sandy loam and clayey loam soils ,5.0,6.5,50.0,65.0,186.46,29.87,22.89,300.0,350.0
2025,Jan,Navarai/Kodai,THIRUVANNAMALAI,cowpea,pulses, well-drained sandy loams or sandy soils ,5.0,6.5,60.0,90.0,395.2,31.66,23.87,400.0,700.0
2022,Dec,Samba/Thaladi,CUDDALORE,capsicum,vegetables,Loamy soil/ Lateritic soil,5.5,7.0,60.0,60.0,451.84,26.57,16.11,500.0,1200.0
2023,Jan,Navarai/Kodai,JAWAD HILLS,annual moringa,vegetables,Sandy loam,6.5,8.0,210.0,240.0,453.83,30.33,24.11,900.0,1200.0
2024,Jan,Navarai/Kodai,COIMBATORE,wheat,cereals,Well Drained,6.0,7.0,80.0,90.0,310.09,25.54,23.79,450.0,650.0
2022,Aug,Kuruvai/Sornavari,VILLUPURAM,ash gourd,vegetables,Sandy loam,6.0,6.7,120.0,120.0,320.34,30.04,24.92,900.0,1200.0
2025,Mar,Navarai/Kodai,RAMANATHANPURAM,Basella,minor vegetables,Sandy loam,5.5,8.0,70.0,70.0,689.1,28.91,16.18,900.0,1200.0
2025,Feb,Navarai/Kodai,KANCHEEPURAM,sweet potato,Root&tuber,well-drained soil,5.7,6.7,90.0,120.0,400.67,26.33,19.32,1000.0,1000.0
2021,Jun,Kuruvai/Sornavari,SIVAGANGAI,gingely,oil seeds,"Loams, silt loams, clay loams, or silty clay loams",5.5,8.0,85.0,90.0,171.6,33.59,25.04,350.0,400.0
2021,Jan,Navarai/Kodai,HILLY REGIONS OF SHEVROY,swordbean,pulses, well-drained sandy loams or sandy soils ,5.0,6.0,110.0,120.0,925.0,31.96,10.01,900.0,1500.0
2024,Oct,Samba/Thaladi,JAWAD HILLS,fodder cumbu,forage crops,Well drained sandy loam and clayey loam soils ,4.0,7.5,45.0,120.0,210.47,33.15,25.33,500.0,480.0
2022,Oct,Samba/Thaladi,COIMBATORE,kudiraivali,millets,Loamy Soil,5.5,7.0,75.0,95.0,481.18,23.79,20.25,500.0,900.0
2022,Jul,Kuruvai/Sornavari,NAMAKAL,Palak,minor vegetables,Sandy loam,6.5,7.0,37.0,45.0,498.73,33.92,10.77,900.0,1200.0
2023,Mar,Navarai/Kodai,KARUR,varagu,millets,clay-based soil,5.5,6.5,120.0,120.0,466.69,27.24,26.69,500.0,900.0
2024,Feb,Navarai/Kodai,THIRUNELVELI,sweet sorghum,sugar crops,Well drained sandy loam and clayey loam soils ,6.0,8.5,115.0,125.0,224.6,25.89,29.06,500.0,600.0
2022,Mar,Navarai/Kodai,KARUR,sunflower,oil seeds,"Loams, silt loams, clay loams, or silty clay loams",6.5,8.0,85.0,95.0,206.73,26.11,23.18,350.0,500.0
2021,Mar,Navarai/Kodai,VILLUPURAM,fodder cowpea,forage crops,Well drained sandy loam and clayey loam soils ,5.0,6.5,50.0,65.0,193.39,30.22,23.56,300.0,350.0
2024,Apr,Navarai/Kodai,COIMBATORE,tobacco,other crops,Well drained sandy loam and clayey loam soils ,7.5,8.5,90.0,100.0,546.61,28.54,29.17,800.0,1000.0
2024,Feb,Navarai/Kodai,SIVAGANGAI,dioscorea,Root&tuber,well-drained soil,6.0,6.5,270.0,300.0,467.36,30.19,30.0,1000.0,2000.0
2021,Jan,Navarai/Kodai,TIRUVARUR,muskmelon,vegetables,Sandy Loam,6.5,7.5,70.0,100.0,545.82,31.73,24.0,900.0,1200.0
2021,Jun,Kuruvai/Sornavari,THOOTHUKUDI,vegetable cowpea,vegetables,Sandy loam,5.6,6.0,45.0,90.0,462.6,26.4,23.76,900.0,1200.0
2023,Feb,Navarai/Kodai,TIRUVARUR,greengram,pulses,well-drained sandy loams or sandy soils ,6.5,7.5,100.0,100.0,420.61,32.17,24.62,850.0,1000.0
2022,Apr,Navarai/Kodai,COIMBATORE,sorghum,millets,well-drained loamy soils,6.0,7.5,95.0,105.0,350.28,36.27,13.47,450.0,650.0
2021,Apr,Navarai/Kodai,THIRUVALLUR,radish,Root&tuber,Well grained deep loamy moist and alluviual soil,5.5,6.8,21.0,21.0,448.59,24.08,14.02,1000.0,1000.0
2024,Oct,Samba/Thaladi,ERODE,beetroot,Root&tuber,all types of friable soil,6.0,7.0,45.0,65.0,252.47,23.98,19.96,1000.0,1000.0
2022,Sep,Kuruvai/Sornavari,KOLLI HILLS,peas,vegetables,Sandy loam,6.5,7.5,60.0,70.0,329.83,30.58,10.47,900.0,1200.0
2022,Nov,Samba/Thaladi,KRISHNAGIRI,cowpea,pulses, well-drained sandy loams or sandy soils ,5.0,6.5,60.0,90.0,320.4,30.47,23.5,400.0,700.0
2023,Mar,Navarai/Kodai,NAMAKAL,watermelon,vegetables,Sandy,6.0,7.5,70.0,85.0,352.95,26.12,23.84,900.0,1200.0
2025,Dec,Samba/Thaladi,NAGAPATTINAM,bellary onion,minor vegetables,Sandy loam,5.8,6.5,150.0,150.0,442.14,25.69,15.98,900.0,1200.0
2025,Oct,Samba/Thaladi,THENI,amaranthus,greenleafy,Silt Loam to loamy,6.5,7.5,70.0,75.0,416.81,30.85,20.52,1000.0,1000.0
2024,Sep,Kuruvai/Sornavari,THOOTHUKUDI,kudiraivali,millets,Loamy Soil,5.5,7.0,75.0,95.0,521.85,23.54,18.91,500.0,900.0
2024,Sep,Kuruvai/Sornavari,KANCHEEPURAM,Celery,minor vegetables,Sandy loam,5.8,6.8,120.0,150.0,250.3,24.68,18.78,900.0,1200.0
2023,Jun,Kuruvai/Sornavari,MADURAI,tapoica,Root&tuber,Red lateritic loam,5.5,7.0,270.0,300.0,558.94,27.21,27.94,1000.0,1000.0
2024,Mar,Navarai/Kodai,COIMBATORE,cucumber,vegetables,Loamy,6.5,7.5,120.0,120.0,816.28,36.27,27.56,1200.0,1500.0
2024,Jul,Kuruvai/Sornavari,THALAVADI HILLS,beetroot,Root&tuber,all types of friable soil,6.0,7.0,45.0,65.0,644.63,24.0,22.84,1000.0,1000.0
2021,Jan,Navarai/Kodai,ERODE,maize,millets,temperate podzols to the leached red soils of the tropics. ,5.5,7.0,105.0,110.0,456.89,26.5,18.59,500.0,800.0
2024,Feb,Navarai/Kodai,JAWAD HILLS,sugarcane,sugar crops,Clayey Loamy Soil/ Black Cotton Soil/ Red Loamy Soil/ Brown Loamy Soil,6.5,8.0,300.0,330.0,1102.42,26.38,20.13,1500.0,2500.0
2025,May,Navarai/Kodai,VIRUDHUNAGAR,Winged Bean,minor vegetables,Sandy loam,7.0,12.0,42.0,42.0,780.2,31.92,25.45,900.0,1200.0
2022,Jul,Kuruvai/Sornavari,KARUR,small onion,bulbvegetables,Sandy loam,6.0,7.0,70.0,90.0,240.08,25.36,19.36,650.0,750.0
2023,Dec,Samba/Thaladi,MADURAI,tobacco,other crops,Well drained sandy loam and clayey loam soils ,7.5,8.5,90.0,100.0,301.37,30.94,29.79,800.0,1000.0
2025,Jun,Kuruvai/Sornavari,TANJORE,gherkins,vegetables,Sandy loam,5.8,7.0,90.0,90.0,225.82,33.15,14.69,900.0,1200.0
2022,Mar,Navarai/Kodai,ERODE,maize,millets,temperate podzols to the leached red soils of the tropics. ,5.5,7.0,105.0,110.0,283.54,25.68,20.53,500.0,800.0
2023,Jan,Navarai/Kodai,KANCHEEPURAM,cluster bean,vegetables,Sandy Loam,7.0,8.5,60.0,90.0,793.15,26.07,23.37,900.0,1200.0
2023,May,Navarai/Kodai,KANYAKUMARI,ribbed gourd,vegetables,Sandy Loam,6.5,7.5,125.0,125.0,561.65,30.9,25.67,900.0,1200.0
2022,Sep,Kuruvai/Sornavari,PERAMBALUR,muyal masal,forage crops,Well drained sandy loam and clayey loam soils ,5.5,7.5,75.0,65.0,172.83,35.62,28.66,500.0,480.0
2021,Mar,Navarai/Kodai,COIMBATORE,wheat,cereals,Well Drained,6.0,7.0,80.0,90.0,316.66,25.54,22.56,450.0,650.0
2022,Jun,Kuruvai/Sornavari,THIRUVANNAMALAI,Phaseolus lunatus,minor vegetables,Sandy loam,6.0,6.8,90.0,90.0,338.19,26.18,16.6,900.0,2000.0
2023,Apr,Navarai/Kodai,RAMANATHANPURAM,chillies,vegetables,Loamy soil/ Lateritic soil,6.0,6.8,120.0,120.0,242.22,27.31,21.63,500.0,500.0
2025,Apr,Navarai/Kodai,CAUVERY,tomato,vegetables,Sandy loam,6.5,7.5,90.0,140.0,332.32,25.15,17.59,600.0,800.0
2022,Aug,Kuruvai/Sornavari,KOLLI HILLS,blackgram,pulses,sandy soils to heavy cotton soils,6.5,7.8,70.0,75.0,643.48,43.63,18.51,600.0,1000.0
2025,Feb,Navarai/Kodai,SIVAGANGAI,peas,vegetables,Sandy loam,6.5,7.5,60.0,70.0,410.63,31.44,11.47,900.0,1200.0
2021,Aug,Kuruvai/Sornavari,KANYAKUMARI,broadbean,vegetables,Well drained loamy soil,5.5,6.0,80.0,100.0,681.91,24.07,13.3,900.0,1200.0
2021,Dec,Samba/Thaladi,KRISHNAGIRI,swordbean,pulses, well-drained sandy loams or sandy soils ,5.0,6.0,110.0,120.0,516.92,32.28,16.69,900.0,1500.0
2022,Jan,Navarai/Kodai,KANYAKUMARI,brinjal,vegetables,Loamy soil/ Lateritic soil,6.0,7.5,100.0,150.0,543.84,29.85,22.58,900.0,1200.0
2023,Jul,Kuruvai/Sornavari,TIRUVARUR,carrot,Root&tuber,light or sandy loam soil,6.0,7.0,75.0,75.0,251.44,23.82,14.26,1000.0,1000.0
2023,Apr,Navarai/Kodai,DHARMAPURI,varagu,millets,clay-based soil,5.5,6.5,120.0,120.0,587.39,25.84,25.65,500.0,900.0
2022,Feb,Navarai/Kodai,CAUVERY,sugarbeet,sugar crops,Well drained sandy loam and clayey loam soils ,6.0,8.0,150.0,180.0,240.71,26.67,13.31,600.0,800.0
2025,Feb,Navarai/Kodai,NAMAKAL,Lettuce,minor vegetables,Sandy loam,6.0,6.5,45.0,55.0,365.73,24.8,22.73,900.0,1200.0
2024,Feb,Navarai/Kodai,CUDDALORE,jute,fibre crop,Sandy and Clay Loam,6.0,7.5,120.0,140.0,732.76,37.78,22.37,1000.0,1300.0
2022,Jan,Navarai/Kodai,TANJORE,gingely,oil seeds,"Loams, silt loams, clay loams, or silty clay loams",5.5,8.0,85.0,90.0,94.55,31.97,24.29,350.0,400.0
2024,Feb,Navarai/Kodai,PERAMBALUR,tapoica,Root&tuber,Red lateritic loam,5.5,7.0,270.0,300.0,530.95,26.64,29.85,1000.0,1000.0
2021,Nov,Samba/Thaladi,ERODE,bellary onion,minor vegetables,Sandy loam,5.8,6.5,150.0,150.0,604.54,25.04,14.08,900.0,1200.0
2021,Oct,Samba/Thaladi,SALEM,thinai,millets,"alluvial,loamy ",5.5,7.0,85.0,90.0,590.49,29.79,20.05,500.0,900.0
2023,Jul,Kuruvai/Sornavari,KARUR,snake gourd,vegetables,Loamy soil/ Lateritic soil,6.0,6.7,90.0,90.0,481.79,26.51,16.01,900.0,1200.0
2023,Jul,Kuruvai/Sornavari,PERAMBALUR,blackgram,pulses,sandy soils to heavy cotton soils,6.5,7.8,70.0,75.0,605.7,39.81,19.11,600.0,1000.0
2021,May,Navarai/Kodai,THIRUVALLUR,Knol-khol,minor vegetables,Sandy loam,5.5,7.0,50.0,65.0,765.74,32.77,19.24,900.0,1200.0
2021,Mar,Navarai/Kodai,MADURAI,kudiraivali,millets,Loamy Soil,5.5,7.0,75.0,95.0,349.63,24.21,19.9,500.0,900.0
2021,Feb,Navarai/Kodai,JAWAD HILLS,broadbean,vegetables,Well drained loamy soil,5.5,6.0,80.0,100.0,753.27,24.3,14.02,900.0,1200.0
2023,Aug,Kuruvai/Sornavari,THOOTHUKUDI,dioscorea,Root&tuber,well-drained soil,6.0,6.5,270.0,300.0,1267.86,31.77,30.0,1000.0,2000.0
2023,Oct,Samba/Thaladi,MADURAI,amaranthus,greenleafy,Silt Loam to loamy,6.5,7.5,70.0,75.0,655.61,30.34,19.07,1000.0,1000.0
2021,Oct,Samba/Thaladi,THE NILGRIS,colocasia,Root&tuber,Well grained deep loamy moist and alluviual soil,5.5,7.0,150.0,180.0,507.99,31.21,19.46,1000.0,1000.0
2024,Dec,Samba/Thaladi,VIRUDHUNAGAR,soyabean,pulses,"Well-drained, Loamy Soil",6.0,7.0,90.0,100.0,365.52,27.43,13.22,450.0,700.0
2023,Nov,Samba/Thaladi,SIVAGANGAI,Pearl millet,millets,"clay, clay loam, or sandy loam soils",5.5,7.5,75.0,85.0,164.41,42.78,13.31,350.0,500.0
2024,Mar,Navarai/Kodai,KANCHEEPURAM,celery,greenleafy,Silt Loam to loamy,6.0,8.5,120.0,150.0,381.06,29.91,15.36,1000.0,1000.0
2024,Jun,Kuruvai/Sornavari,PERAMBALUR,sunflower,oil seeds,"Loams, silt loams, clay loams, or silty clay loams",6.5,8.0,85.0,95.0,182.88,26.08,24.39,350.0,500.0
2021,Aug,Kuruvai/Sornavari,CUDDALORE,tapoica,Root&tuber,Red lateritic loam,5.5,7.0,270.0,300.0,504.09,26.01,23.13,1000.0,1000.0
2023,Mar,Navarai/Kodai,CUDDALORE,safflower,oil seeds,"Loams, silt loams, clay loams, or silty clay loams",5.4,8.2,120.0,125.0,194.12,36.84,26.75,550.0,725.0
2021,Mar,Navarai/Kodai,HILLY REGIONS OF SHEVROY,carrot,Root&tuber,light or sandy loam soil,6.0,7.0,75.0,75.0,577.83,22.84,16.07,1000.0,1000.0
2024,Dec,Samba/Thaladi,PERAMBALUR,amaranthus,greenleafy,Silt Loam to loamy,6.5,7.5,70.0,75.0,466.25,26.6,19.34,1000.0,1000.0
2025,May,Navarai/Kodai,THE NILGRIS,bottle gourd,vegetables,Sandy loam,6.0,6.7,120.0,120.0,324.16,28.35,20.29,900.0,1200.0
2025,Apr,Navarai/Kodai,KARUR,soundal,forage crops,Well drained sandy loam and clayey loam soils ,5.5,7.5,40.0,80.0,268.11,33.35,18.12,500.0,480.0
2022,Jun,Kuruvai/Sornavari,CHENGLEPUT,bottle gourd,vegetables,Sandy loam,6.0,6.7,120.0,120.0,731.84,28.79,21.02,900.0,1200.0
2024,Sep,Kuruvai/Sornavari,SIVAGANGAI,Knol-khol,minor vegetables,Sandy loam,5.5,7.0,50.0,65.0,408.01,27.31,15.88,900.0,1200.0
2021,Oct,Samba/Thaladi,PUDUKKOTTAI,Chinese cabbage,minor vegetables,Sandy loam,5.5,7.0,50.0,80.0,489.33,24.44,15.7,900.0,1200.0
2024,Oct,Samba/Thaladi,KANYAKUMARI,fieldlablab,pulses,Well drained loamy soil,6.2,7.0,105.0,105.0,320.75,30.44,22.04,650.0,1000.0
2024,Jun,Kuruvai/Sornavari,COIMBATORE,Lettuce,minor vegetables,Sandy loam,6.0,6.5,45.0,55.0,741.86,24.28,21.81,900.0,1200.0
2022,Mar,Navarai/Kodai,KANYAKUMARI,Palak,minor vegetables,Sandy loam,6.5,7.0,37.0,45.0,710.21,28.8,12.85,900.0,1200.0
2023,Feb,Navarai/Kodai,RAMANATHANPURAM,cucumber,vegetables,Loamy,6.5,7.5,120.0,120.0,372.31,34.45,26.5,1200.0,1500.0
2021,Sep,Kuruvai/Sornavari,COIMBATORE,wheat,cereals,Well Drained,6.0,7.0,80.0,90.0,427.02,25.55,23.01,450.0,650.0
2024,Jul,Kuruvai/Sornavari,VELLORE,sweet potato,Root&tuber,well-drained soil,5.7,6.7,90.0,120.0,555.33,27.53,24.97,1000.0,1000.0
2023,Jan,Navarai/Kodai,COIMBATORE,colocasia,Root&tuber,Well grained deep loamy moist and alluviual soil,5.5,7.0,150.0,180.0,287.94,34.87,19.27,1000.0,1000.0
2024,Mar,Navarai/Kodai,MADURAI,castor,oil seeds,"Loams, silt loams, clay loams, or silty clay loams",5.0,8.5,120.0,160.0,185.49,27.07,26.14,500.0,500.0
2021,Nov,Samba/Thaladi,TIRUVARUR,tomato,vegetables,Sandy loam,6.5,7.5,90.0,140.0,152.67,28.52,16.1,600.0,800.0
2023,Sep,Kuruvai/Sornavari,CUDDALORE,Knol-khol,minor vegetables,Sandy loam,5.5,7.0,50.0,65.0,731.76,33.58,19.69,900.0,1200.0
2025,Oct,Samba/Thaladi,VILLUPURAM,Butter bean,minor vegetables,Sandy loam,6.0,7.0,80.0,100.0,250.81,25.1,17.85,900.0,1200.0
2021,Apr,Navarai/Kodai,THE NILGRIS,safflower,oil seeds,"Loams, silt loams, clay loams, or silty clay loams",5.4,8.2,120.0,125.0,208.61,31.38,26.63,550.0,725.0
2024,Jan,Navarai/Kodai,COIMBATORE,kudirai masi,forage crops,Well drained sandy loam and clayey loam soils ,6.5,7.5,45.0,55.0,171.54,30.87,23.71,300.0,350.0
2023,Jul,Kuruvai/Sornavari,NAGAPATTINAM,maize,millets,temperate podzols to the leached red soils of the tropics. ,5.5,7.0,105.0,110.0,433.35,25.54,16.2,500.0,800.0
2022,Oct,Samba/Thaladi,VIRUDHUNAGAR,chowchow,vegetables,Loamy soil/ Lateritic soil,5.5,6.5,150.0,150.0,922.37,24.41,17.5,1200.0,1500.0
2024,Nov,Samba/Thaladi,THIRUNELVELI,fodder maize,forage crops,Well drained sandy loam and clayey loam soils ,5.5,8.0,60.0,70.0,251.21,43.27,11.16,500.0,480.0
2022,Jan,Navarai/Kodai,COIMBATORE,Rhubarb,minor vegetables,Sandy loam,6.0,6.8,56.0,70.0,415.62,25.76,10.0,900.0,1200.0
2025,Sep,Kuruvai/Sornavari,KRISHNAGIRI,muyal masal,forage crops,Well drained sandy loam and clayey loam soils ,5.5,7.5,75.0,65.0,181.2,30.62,27.26,500.0,480.0
2025,Sep,Kuruvai/Sornavari,KRISHNAGIRI,kollukattai pullu,forage crops,Well drained sandy loam and clayey loam soils ,7.0,7.5,45.0,55.0,155.19,25.56,21.42,500.0,480.0
2022,Aug,Kuruvai/Sornavari,NAMAKAL,gardenlablab,pulses,wide range of soils,6.0,7.0,75.0,100.0,265.18,32.88,21.28,650.0,1000.0
2021,Feb,Navarai/Kodai,ARIYALUR,brinjal,vegetables,Loamy soil/ Lateritic soil,6.0,7.5,100.0,150.0,411.29,30.43,18.02,900.0,1200.0
2024,Jul,Kuruvai/Sornavari,MADURAI,chowchow,vegetables,Loamy soil/ Lateritic soil,5.5,6.5,150.0,150.0,828.17,24.47,20.76,1200.0,1500.0
2024,Apr,Navarai/Kodai,DHARMAPURI,soundal,forage crops,Well drained sandy loam and clayey loam soils ,5.5,7.5,40.0,80.0,156.18,34.89,20.72,500.0,480.0
2021,Jul,Kuruvai/Sornavari,THIRUNELVELI,panivaragu,millets,sandy loam to clays of black cotton soils,5.5,7.0,70.0,75.0,96.87,42.9,13.31,330.0,350.0
2025,May,Navarai/Kodai,ERODE,gingely,oil seeds,"Loams, silt loams, clay loams, or silty clay loams",5.5,8.0,85.0,90.0,158.35,36.91,24.95,350.0,400.0
2022,Jun,Kuruvai/Sornavari,COIMBATORE,colocasia,Root&tuber,Well grained deep loamy moist and alluviual soil,5.5,7.0,150.0,180.0,411.33,35.23,24.09,1000.0,1000.0
2024,Apr,Navarai/Kodai,VELLORE,sugarcane,sugar crops,Clayey Loamy Soil/ Black Cotton Soil/ Red Loamy Soil/ Brown Loamy Soil,6.5,8.0,300.0,330.0,1200.76,28.06,24.53,1500.0,2500.0
2025,Mar,Navarai/Kodai,THE NILGRIS,gherkins,vegetables,Sandy loam,5.8,7.0,90.0,90.0,285.04,31.55,17.72,900.0,1200.0
2024,Jun,Kuruvai/Sornavari,PUDUKKOTTAI,brinjal,vegetables,Loamy soil/ Lateritic soil,6.0,7.5,100.0,150.0,352.82,31.25,20.44,900.0,1200.0
2022,Jul,Kuruvai/Sornavari,NAGAPATTINAM,sweet sorghum,sugar crops,Well drained sandy loam and clayey loam soils ,6.0,8.5,115.0,125.0,251.66,26.05,27.06,500.0,600.0
2023,Jun,Kuruvai/Sornavari,RAMANATHANPURAM,vegetable cowpea,vegetables,Sandy loam,5.6,6.0,45.0,90.0,659.48,26.75,24.22,900.0,1200.0
2021,Feb,Navarai/Kodai,RAMANATHANPURAM,gardenlablab,pulses,wide range of soils,6.0,7.0,75.0,100.0,568.78,35.79,19.12,650.0,1000.0
2025,Feb,Navarai/Kodai,VILLUPURAM,soyabean,pulses,"Well-drained, Loamy Soil",6.0,7.0,90.0,100.0,399.43,33.23,17.18,450.0,700.0
2025,Aug,Kuruvai/Sornavari,THALAVADI HILLS,maize,millets,temperate podzols to the leached red soils of the tropics. ,5.5,7.0,105.0,110.0,328.53,27.72,21.52,500.0,800.0
2022,Jul,Kuruvai/Sornavari,TIRUVARUR,watermelon,vegetables,Sandy,6.0,7.5,70.0,85.0,335.83,26.0,23.64,900.0,1200.0
2025,Jun,Kuruvai/Sornavari,SIVAGANGAI,fodder maize,forage crops,Well drained sandy loam and clayey loam soils ,5.5,8.0,60.0,70.0,318.46,44.02,10.13,500.0,480.0
2021,Feb,Navarai/Kodai,PERAMBALUR,Palak,minor vegetables,Sandy loam,6.5,7.0,37.0,45.0,605.47,30.03,13.97,900.0,1200.0
2023,Jun,Kuruvai/Sornavari,NAGAPATTINAM,ribbed gourd,vegetables,Sandy Loam,6.5,7.5,125.0,125.0,534.47,30.03,24.82,900.0,1200.0
2023,Sep,Kuruvai/Sornavari,DHARMAPURI,brinjal,vegetables,Loamy soil/ Lateritic soil,6.0,7.5,100.0,150.0,790.27,29.17,22.8,900.0,1200.0
2021,Nov,Samba/Thaladi,TANJORE,horsegram,pulses, light to heavy soils ,6.0,7.5,100.0,105.0,481.56,40.83,26.78,800.0,800.0
2025,Dec,Samba/Thaladi,SALEM,broadbean,vegetables,Well drained loamy soil,5.5,6.0,80.0,100.0,289.82,23.11,12.56,900.0,1200.0
2021,Jan,Navarai/Kodai,CHENGLEPUT,ragi,millets,"red, black, sandy, loamy and shallow black soils.",5.0,8.2,100.0,120.0,202.74,26.09,12.86,700.0,1200.0
2023,Sep,Kuruvai/Sornavari,THALAVADI HILLS,niger,oil seeds,"Loams, silt loams, clay loams, or silty clay loams",5.2,7.3,80.0,80.0,495.41,25.0,12.93,1000.0,1300.0
2024,Aug,Kuruvai/Sornavari,KARUR,Pearl millet,millets,"clay, clay loam, or sandy loam soils",5.5,7.5,75.0,85.0,283.87,42.64,16.57,350.0,500.0
2021,May,Navarai/Kodai,THALAVADI HILLS,muskmelon,vegetables,Sandy Loam,6.5,7.5,70.0,100.0,674.07,32.0,29.42,900.0,1200.0
2025,Jul,Kuruvai/Sornavari,THENI,curry leaf,greenleafy,Red sandy loam,5.2,5.5,90.0,85.0,662.13,33.01,29.61,1000.0,1000.0
2021,Oct,Samba/Thaladi,THIRUVANNAMALAI,cauliflower,colecrops,LoamySandy,6.5,6.8,55.0,100.0,189.09,31.94,10.0,380.0,500.0
2022,Feb,Navarai/Kodai,VILLUPURAM,sweet sorghum,sugar crops,Well drained sandy loam and clayey loam soils ,6.0,8.5,115.0,125.0,217.48,27.99,28.4,500.0,600.0
2021,Dec,Samba/Thaladi,PERAMBALUR,groundnut,oil seeds,Well-drained sandy loam or sandy clay loam soil ,6.5,7.0,140.0,150.0,196.72,42.56,15.7,500.0,700.0
2022,Oct,Samba/Thaladi,CUDDALORE,guinea grass,forage crops,Well drained sandy loam and clayey loam soils ,5.0,7.0,45.0,55.0,250.37,33.71,13.34,1000.0,480.0
2023,Nov,Samba/Thaladi,KOLLI HILLS,lablab,vegetables,Well drained loamy soil,6.5,8.5,70.0,75.0,281.13,33.78,26.02,900.0,1200.0
2024,Jan,Navarai/Kodai,THE NILGRIS,bhendi,vegetables,Loamy soil/ Lateritic soil,6.0,6.8,55.0,65.0,1402.72,27.91,27.59,1200.0,2200.0
2023,May,Navarai/Kodai,THENI,fodder cumbu,forage crops,Well drained sandy loam and clayey loam soils ,4.0,7.5,45.0,120.0,247.94,36.53,26.42,500.0,480.0
2025,Aug,Kuruvai/Sornavari,THIRUVANNAMALAI,bellary onion,minor vegetables,Sandy loam,5.8,6.5,150.0,150.0,476.06,25.28,14.46,900.0,1200.0
2021,Aug,Kuruvai/Sornavari,THIRUNELVELI,chowchow,vegetables,Loamy soil/ Lateritic soil,5.5,6.5,150.0,150.0,739.8,24.78,20.29,1200.0,1500.0
2024,Feb,Navarai/Kodai,KARUR,Chekurmanis,minor vegetables,Sandy loam,5.5,7.5,90.0,120.0,467.65,30.68,27.75,900.0,1200.0
2025,Nov,Samba/Thaladi,DINDIGUL,Basella,minor vegetables,Sandy loam,5.5,8.0,70.0,70.0,285.64,32.64,16.74,900.0,1200.0
2024,Apr,Navarai/Kodai,COIMBATORE,wheat,cereals,Well Drained,6.0,7.0,80.0,90.0,313.32,25.81,24.74,450.0,650.0
2022,May,Navarai/Kodai,VIRUDHUNAGAR,Lettuce,minor vegetables,Sandy loam,6.0,6.5,45.0,55.0,243.45,24.56,20.18,900.0,1200.0
2023,Jan,Navarai/Kodai,VILLUPURAM,greengram,pulses,well-drained sandy loams or sandy soils ,6.5,7.5,100.0,100.0,429.09,35.3,24.13,850.0,1000.0
2021,Sep,Kuruvai/Sornavari,THALAVADI HILLS,Coccinia,minor vegetables,Sandy loam,6.0,6.5,90.0,90.0,668.07,28.22,20.89,900.0,1200.0
2021,Jan,Navarai/Kodai,KARUR,thinai,millets,"alluvial,loamy ",5.5,7.0,85.0,90.0,479.45,25.29,18.27,500.0,900.0
2024,Jun,Kuruvai/Sornavari,SIVAGANGAI,celery,greenleafy,Silt Loam to loamy,6.0,8.5,120.0,150.0,617.15,29.93,12.51,1000.0,1000.0
2025,Dec,Samba/Thaladi,CHENGLEPUT,Palak,minor vegetables,Sandy loam,6.5,7.0,37.0,45.0,301.18,27.2,11.34,900.0,1200.0
2022,Aug,Kuruvai/Sornavari,THALAVADI HILLS,Butter bean,minor vegetables,Sandy loam,6.0,7.0,80.0,100.0,456.9,26.25,16.8,900.0,1200.0
2022,Jun,Kuruvai/Sornavari,ARIYALUR,soyabean,pulses,"Well-drained, Loamy Soil",6.0,7.0,90.0,100.0,273.39,29.31,17.12,450.0,700.0
2025,Oct,Samba/Thaladi,ERODE,gingely,oil seeds,"Loams, silt loams, clay loams, or silty clay loams",5.5,8.0,85.0,90.0,88.82,35.32,28.06,350.0,400.0
2024,May,Navarai/Kodai,COIMBATORE,cauliflower,colecrops,LoamySandy,6.5,6.8,55.0,100.0,279.57,30.99,10.0,380.0,500.0
2024,Jul,Kuruvai/Sornavari,MADURAI,panivaragu,millets,sandy loam to clays of black cotton soils,5.5,7.0,70.0,75.0,205.13,43.04,13.82,330.0,350.0
2025,Feb,Navarai/Kodai,VILLUPURAM,fieldlablab,pulses,Well drained loamy soil,6.2,7.0,105.0,105.0,514.68,30.6,16.86,650.0,1000.0
2023,Apr,Navarai/Kodai,THOOTHUKUDI,fodder maize,forage crops,Well drained sandy loam and clayey loam soils ,5.5,8.0,60.0,70.0,317.34,40.19,10.37,500.0,480.0
2022,Jan,Navarai/Kodai,THIRUVANNAMALAI,radish,Root&tuber,Well grained deep loamy moist and alluviual soil,5.5,6.8,21.0,21.0,432.99,21.26,13.31,1000.0,1000.0
2021,Sep,Kuruvai/Sornavari,CUDDALORE,blackgram,pulses,sandy soils to heavy cotton soils,6.5,7.8,70.0,75.0,628.63,40.57,22.39,600.0,1000.0
2024,Mar,Navarai/Kodai,KRISHNAGIRI,sorghum,millets,well-drained loamy soils,6.0,7.5,95.0,105.0,134.61,40.4,15.62,450.0,650.0
2024,Jul,Kuruvai/Sornavari,THE NILGRIS,fodder cholam,forage crops,Well drained sandy loam and clayey loam soils ,5.5,7.5,1095.0,1095.0,85.39,34.8,24.75,300.0,350.0
2021,Jul,Kuruvai/Sornavari,KRISHNAGIRI,Asparagus,minor vegetables,Sandy loam,6.0,6.7,730.0,730.0,438.64,27.04,15.29,900.0,1200.0
2021,Sep,Kuruvai/Sornavari,THIRUPPUR,tinda,vegetables,Sandy loam,6.5,7.5,70.0,70.0,680.8,28.21,28.27,900.0,1200.0
2022,Jul,Kuruvai/Sornavari,TIRUVARUR,ribbed gourd,vegetables,Sandy Loam,6.5,7.5,125.0,125.0,691.41,33.76,24.48,900.0,1200.0
2021,Jan,Navarai/Kodai,THIRUPPUR,chinese potato,Root&tuber,well-drained soil,4.8,5.8,120.0,150.0,349.47,22.02,15.12,1000.0,1000.0
2022,Oct,Samba/Thaladi,RAMANATHANPURAM,Mint,minor vegetables,Loamy soil,6.5,7.0,100.0,120.0,254.37,25.93,23.9,1000.0,1100.0
2022,Jun,Kuruvai/Sornavari,KARUR,peas,vegetables,Sandy loam,6.5,7.5,60.0,70.0,315.82,26.24,13.31,900.0,1200.0
2024,Oct,Samba/Thaladi,THALAVADI HILLS,cumbu napier hybrid,forage crops,Well drained sandy loam and clayey loam soils ,5.0,8.6,45.0,55.0,482.04,25.09,23.61,800.0,1000.0
2025,Oct,Samba/Thaladi,VILLUPURAM,greengram,pulses,well-drained sandy loams or sandy soils ,6.5,7.5,100.0,100.0,644.97,35.46,27.09,850.0,1000.0
2021,Dec,Samba/Thaladi,THALAVADI HILLS,pumpkin,vegetables,Loamy soil/ Lateritic soil,6.0,7.0,115.0,120.0,561.15,27.83,19.36,900.0,1200.0
2022,Jan,Navarai/Kodai,THIRUPPUR,celery,greenleafy,Silt Loam to loamy,6.0,8.5,120.0,150.0,381.28,26.12,16.83,1000.0,1000.0
2022,Jul,Kuruvai/Sornavari,THE NILGRIS,gherkins,vegetables,Sandy loam,5.8,7.0,90.0,90.0,769.06,36.82,13.27,900.0,1200.0
2025,Apr,Navarai/Kodai,THALAVADI HILLS,niger,oil seeds,"Loams, silt loams, clay loams, or silty clay loams",5.2,7.3,80.0,80.0,631.28,25.0,15.05,1000.0,1300.0
2024,Mar,Navarai/Kodai,THIRUPPUR,colocasia,Root&tuber,Well grained deep loamy moist and alluviual soil,5.5,7.0,150.0,180.0,554.39,35.09,24.39,1000.0,1000.0
2022,Jul,Kuruvai/Sornavari,DHARMAPURI,kudirai masi,forage crops,Well drained sandy loam and clayey loam soils ,6.5,7.5,45.0,55.0,88.77,34.1,25.21,300.0,350.0
2023,Apr,Navarai/Kodai,CUDDALORE,amaranthus,greenleafy,Silt Loam to loamy,6.5,7.5,70.0,75.0,283.11,30.58,23.26,1000.0,1000.0
2022,Dec,Samba/Thaladi,RAMANATHANPURAM,tapoica,Root&tuber,Red lateritic loam,5.5,7.0,270.0,300.0,312.04,26.83,23.25,1000.0,1000.0
2024,Apr,Navarai/Kodai,KANYAKUMARI,Asparagus,minor vegetables,Sandy loam,6.0,6.7,730.0,730.0,381.19,25.87,16.52,900.0,1200.0
2024,Feb,Navarai/Kodai,VELLORE,thinai,millets,"alluvial,loamy ",5.5,7.0,85.0,90.0,474.37,27.24,18.86,500.0,900.0
2021,Feb,Navarai/Kodai,NAMAKAL,Brussels sprout,minor vegetables,Sandy loam,6.5,6.8,12.0,12.0,277.4,25.44,17.74,900.0,1200.0
2024,Jun,Kuruvai/Sornavari,SIVAGANGAI,Coccinia,minor vegetables,Sandy loam,6.0,6.5,90.0,90.0,764.34,31.12,19.92,900.0,1200.0
2024,Aug,Kuruvai/Sornavari,VIRUDHUNAGAR,carrot,Root&tuber,light or sandy loam soil,6.0,7.0,75.0,75.0,568.68,23.05,19.69,1000.0,1000.0
2021,Dec,Samba/Thaladi,CAUVERY,broadbean,vegetables,Well drained loamy soil,5.5,6.0,80.0,100.0,604.72,23.78,13.54,900.0,1200.0
2023,Jun,Kuruvai/Sornavari,THIRUNELVELI,Mint,minor vegetables,Loamy soil,6.5,7.0,100.0,120.0,603.45,25.01,21.29,1000.0,1100.0
2023,May,Navarai/Kodai,NAMAKAL,varagu,millets,clay-based soil,5.5,6.5,120.0,120.0,462.37,28.28,26.79,500.0,900.0
2021,Jan,Navarai/Kodai,MADURAI,panivaragu,millets,sandy loam to clays of black cotton soils,5.5,7.0,70.0,75.0,146.11,44.37,14.5,330.0,350.0
2025,Jul,Kuruvai/Sornavari,KOLLI HILLS,Butter bean,minor vegetables,Sandy loam,6.0,7.0,80.0,100.0,732.22,28.05,19.01,900.0,1200.0
2024,Apr,Navarai/Kodai,SIVAGANGAI,greengram,pulses,well-drained sandy loams or sandy soils ,6.5,7.5,100.0,100.0,644.17,36.07,24.98,850.0,1000.0
2025,Jan,Navarai/Kodai,TIRUVARUR,Lettuce,minor vegetables,Sandy loam,6.0,6.5,45.0,55.0,348.8,24.14,20.44,900.0,1200.0
2024,Jun,Kuruvai/Sornavari,TANJORE,Knol-khol,minor vegetables,Sandy loam,5.5,7.0,50.0,65.0,486.34,29.99,19.31,900.0,1200.0
2022,Jul,Kuruvai/Sornavari,CUDDALORE,broadbean,vegetables,Well drained loamy soil,5.5,6.0,80.0,100.0,530.55,24.08,12.14,900.0,1200.0
2023,Nov,Samba/Thaladi,KANYAKUMARI,sorghum,millets,well-drained loamy soils,6.0,7.5,95.0,105.0,309.8,37.97,15.02,450.0,650.0
2022,Jan,Navarai/Kodai,THIRUNELVELI,ribbed gourd,vegetables,Sandy Loam,6.5,7.5,125.0,125.0,732.38,34.29,29.9,900.0,1200.0
2023,May,Navarai/Kodai,ERODE,Butter bean,minor vegetables,Sandy loam,6.0,7.0,80.0,100.0,344.62,28.62,18.34,900.0,1200.0
2023,Nov,Samba/Thaladi,RAMANATHANPURAM,kollukattai pullu,forage crops,Well drained sandy loam and clayey loam soils ,7.0,7.5,45.0,55.0,220.08,29.63,18.75,500.0,480.0
2022,Jun,Kuruvai/Sornavari,CUDDALORE,bitter gourd,vegetables,Well drained loamy soil,6.5,7.0,55.0,60.0,340.18,31.88,25.63,900.0,1200.0
2021,Jun,Kuruvai/Sornavari,TANJORE,greengram,pulses,well-drained sandy loams or sandy soils ,6.5,7.5,100.0,100.0,662.22,34.7,27.08,850.0,1000.0
2025,Sep,Kuruvai/Sornavari,VIRUDHUNAGAR,Brussels sprout,minor vegetables,Sandy loam,6.5,6.8,12.0,12.0,368.01,25.28,16.41,900.0,1200.0
2025,Feb,Navarai/Kodai,KANYAKUMARI,rice,cereals,Alluvia or loamy and clayey soil,5.0,8.0,150.0,150.0,782.54,36.22,22.84,900.0,2500.0
2021,Jun,Kuruvai/Sornavari,THE NILGRIS,celery,greenleafy,Silt Loam to loamy,6.0,8.5,120.0,150.0,466.39,26.85,10.47,1000.0,1000.0
2024,Dec,Samba/Thaladi,MADURAI,gardenlablab,pulses,wide range of soils,6.0,7.0,75.0,100.0,464.88,34.12,17.3,650.0,1000.0
2024,Dec,Samba/Thaladi,TANJORE,Phaseolus lunatus,minor vegetables,Sandy loam,6.0,6.8,90.0,90.0,1235.33,25.8,17.29,900.0,2000.0
2024,Jan,Navarai/Kodai,SALEM,Chakravathi keerai,minor vegetables,Sandy loam,4.5,8.3,100.0,100.0,790.83,25.55,15.05,900.0,1200.0
2024,Jan,Navarai/Kodai,THIRUCHIRAPALLI,thinai,millets,"alluvial,loamy ",5.5,7.0,85.0,90.0,499.59,29.71,22.95,500.0,900.0
2024,Nov,Samba/Thaladi,JAWAD HILLS,watermelon,vegetables,Sandy,6.0,7.5,70.0,85.0,610.09,28.54,27.07,900.0,1200.0
2022,Aug,Kuruvai/Sornavari,CUDDALORE,maize,millets,temperate podzols to the leached red soils of the tropics. ,5.5,7.0,105.0,110.0,455.98,25.11,18.64,500.0,800.0
2021,Jul,Kuruvai/Sornavari,VILLUPURAM,fodder cowpea,forage crops,Well drained sandy loam and clayey loam soils ,5.0,6.5,50.0,65.0,219.22,25.84,21.16,300.0,350.0
2022,May,Navarai/Kodai,VELLORE,onion,vegetables, Any Loamy,5.8,6.5,100.0,120.0,102.57,26.91,24.45,350.0,550.0
2023,Dec,Samba/Thaladi,HILLY REGIONS OF SHEVROY,chillies,vegetables,Loamy soil/ Lateritic soil,6.0,6.8,120.0,120.0,189.59,28.81,23.74,500.0,500.0
2024,Aug,Kuruvai/Sornavari,ERODE,samai,millets,Loamy Soil,8.5,9.0,80.0,100.0,442.25,36.22,27.93,480.0,750.0
2025,Sep,Kuruvai/Sornavari,ARIYALUR,beetroot,Root&tuber,all types of friable soil,6.0,7.0,45.0,65.0,448.08,24.42,17.44,1000.0,1000.0
2023,Feb,Navarai/Kodai,MADURAI,Lettuce,minor vegetables,Sandy loam,6.0,6.5,45.0,55.0,599.7,24.64,21.43,900.0,1200.0
2025,Jul,Kuruvai/Sornavari,DINDIGUL,varagu,millets,clay-based soil,5.5,6.5,120.0,120.0,397.34,26.07,28.52,500.0,900.0
2023,Jul,Kuruvai/Sornavari,THIRUVANNAMALAI,samai,millets,Loamy Soil,8.5,9.0,80.0,100.0,447.57,40.76,24.8,480.0,750.0
2021,Sep,Kuruvai/Sornavari,ARIYALUR,capsicum,vegetables,Loamy soil/ Lateritic soil,5.5,7.0,60.0,60.0,676.83,28.37,13.31,500.0,1200.0
2021,Feb,Navarai/Kodai,KARUR,Cabbage,colecrops,LoamySandy,6.0,6.5,80.0,180.0,156.74,26.69,11.3,380.0,500.0
2022,Jan,Navarai/Kodai,KOLLI HILLS,ragi,millets,"red, black, sandy, loamy and shallow black soils.",5.0,8.2,100.0,120.0,354.4,27.03,10.04,700.0,1200.0
2021,Nov,Samba/Thaladi,JAWAD HILLS,capsicum,vegetables,Loamy soil/ Lateritic soil,5.5,7.0,60.0,60.0,656.81,29.57,17.28,500.0,1200.0
2025,Feb,Navarai/Kodai,NAGAPATTINAM,cucumber,vegetables,Loamy,6.5,7.5,120.0,120.0,888.25,36.18,24.29,1200.0,1500.0
2023,Aug,Kuruvai/Sornavari,ERODE,samai,millets,Loamy Soil,8.5,9.0,80.0,100.0,461.34,39.24,24.84,480.0,750.0
2024,Sep,Kuruvai/Sornavari,ARIYALUR,small onion,bulbvegetables,Sandy loam,6.0,7.0,70.0,90.0,392.73,25.08,16.46,650.0,750.0
2025,Mar,Navarai/Kodai,THIRUNELVELI,gardenlablab,pulses,wide range of soils,6.0,7.0,75.0,100.0,563.94,35.75,20.62,650.0,1000.0
2021,Mar,Navarai/Kodai,SALEM,snake gourd,vegetables,Loamy soil/ Lateritic soil,6.0,6.7,90.0,90.0,557.75,28.81,21.55,900.0,1200.0
2021,Jan,Navarai/Kodai,THALAVADI HILLS,curry leaf,greenleafy,Red sandy loam,5.2,5.5,90.0,85.0,306.35,36.85,26.76,1000.0,1000.0
2021,Sep,Kuruvai/Sornavari,TIRUVARUR,colocasia,Root&tuber,Well grained deep loamy moist and alluviual soil,5.5,7.0,150.0,180.0,253.14,35.96,20.06,1000.0,1000.0
2022,Feb,Navarai/Kodai,CHENGLEPUT,Knol-khol,minor vegetables,Sandy loam,5.5,7.0,50.0,65.0,497.38,29.35,17.89,900.0,1200.0
2024,Apr,Navarai/Kodai,ERODE,bengalgram,pulses,medium to heavy black soil,5.5,7.0,90.0,120.0,602.65,29.07,18.74,650.0,1000.0
2023,Jun,Kuruvai/Sornavari,NAMAKAL,panivaragu,millets,sandy loam to clays of black cotton soils,5.5,7.0,70.0,75.0,135.08,43.33,12.89,330.0,350.0
2024,Jan,Navarai/Kodai,JAWAD HILLS,niger,oil seeds,"Loams, silt loams, clay loams, or silty clay loams",5.2,7.3,80.0,80.0,336.14,25.0,11.08,1000.0,1300.0
2022,Sep,Kuruvai/Sornavari,DHARMAPURI,kollukattai pullu,forage crops,Well drained sandy loam and clayey loam soils ,7.0,7.5,45.0,55.0,135.87,25.67,18.16,500.0,480.0
2023,May,Navarai/Kodai,THALAVADI HILLS,Chakravathi keerai,minor vegetables,Sandy loam,4.5,8.3,100.0,100.0,674.68,25.85,13.33,900.0,1200.0
2023,Sep,Kuruvai/Sornavari,ARIYALUR,Basella,minor vegetables,Sandy loam,5.5,8.0,70.0,70.0,237.84,33.62,19.05,900.0,1200.0
2025,Apr,Navarai/Kodai,KARUR,Brussels sprout,minor vegetables,Sandy loam,6.5,6.8,12.0,12.0,426.9,25.78,19.8,900.0,1200.0
2022,Oct,Samba/Thaladi,PERAMBALUR,Brussels sprout,minor vegetables,Sandy loam,6.5,6.8,12.0,12.0,301.16,25.58,18.39,900.0,1200.0
2025,Aug,Kuruvai/Sornavari,JAWAD HILLS,lablab,vegetables,Well drained loamy soil,6.5,8.5,70.0,75.0,742.72,32.28,25.5,900.0,1200.0
2021,Oct,Samba/Thaladi,KRISHNAGIRI,pumpkin,vegetables,Loamy soil/ Lateritic soil,6.0,7.0,115.0,120.0,549.5,28.16,18.85,900.0,1200.0
2025,Feb,Navarai/Kodai,NAMAKAL,Phaseolus lunatus,minor vegetables,Sandy loam,6.0,6.8,90.0,90.0,688.95,27.75,14.41,900.0,2000.0
2023,Oct,Samba/Thaladi,SIVAGANGAI,groundnut,oil seeds,Well-drained sandy loam or sandy clay loam soil ,6.5,7.0,140.0,150.0,240.76,43.12,14.56,500.0,700.0
2023,Jun,Kuruvai/Sornavari,MADURAI,Celery,minor vegetables,Sandy loam,5.8,6.8,120.0,150.0,228.46,24.51,18.52,900.0,1200.0
2023,May,Navarai/Kodai,THIRUVANNAMALAI,Ceylon spinach,minor vegetables,Sandy loam,6.5,7.0,40.0,50.0,789.3,24.64,11.84,900.0,1200.0
2024,Dec,Samba/Thaladi,CAUVERY,sugarbeet,sugar crops,Well drained sandy loam and clayey loam soils ,6.0,8.0,150.0,180.0,291.46,26.86,19.63,600.0,800.0
2021,Apr,Navarai/Kodai,RAMANATHANPURAM,beetroot,Root&tuber,all types of friable soil,6.0,7.0,45.0,65.0,379.46,23.77,22.66,1000.0,1000.0
2024,Mar,Navarai/Kodai,THALAVADI HILLS,beetroot,Root&tuber,all types of friable soil,6.0,7.0,45.0,65.0,372.14,23.7,22.04,1000.0,1000.0
2021,Sep,Kuruvai/Sornavari,NAMAKAL,panivaragu,millets,sandy loam to clays of black cotton soils,5.5,7.0,70.0,75.0,172.81,40.05,12.94,330.0,350.0
2022,Jun,Kuruvai/Sornavari,VILLUPURAM,fodder cholam,forage crops,Well drained sandy loam and clayey loam soils ,5.5,7.5,1095.0,1095.0,86.4,32.61,27.69,300.0,350.0
2021,Dec,Samba/Thaladi,THIRUPPUR,soyabean,pulses,"Well-drained, Loamy Soil",6.0,7.0,90.0,100.0,248.89,28.71,17.19,450.0,700.0
2024,Dec,Samba/Thaladi,THIRUCHIRAPALLI,cluster bean,vegetables,Sandy Loam,7.0,8.5,60.0,90.0,391.92,25.14,22.9,900.0,1200.0
2024,Sep,Kuruvai/Sornavari,VIRUDHUNAGAR,ash gourd,vegetables,Sandy loam,6.0,6.7,120.0,120.0,283.75,29.04,22.58,900.0,1200.0
2022,Jul,Kuruvai/Sornavari,THIRUVANNAMALAI,Turnip,minor vegetables,Loamy soil,5.5,6.8,42.0,56.0,414.54,22.62,10.99,900.0,1200.0
2021,Dec,Samba/Thaladi,PERAMBALUR,sorghum,millets,well-drained loamy soils,6.0,7.5,95.0,105.0,157.04,39.79,13.62,450.0,650.0
2024,Oct,Samba/Thaladi,HILLY REGIONS OF SHEVROY,annual moringa,vegetables,Sandy loam,6.5,8.0,210.0,240.0,614.08,31.92,29.93,900.0,1200.0
2022,Jun,Kuruvai/Sornavari,VILLUPURAM,Chekurmanis,minor vegetables,Sandy loam,5.5,7.5,90.0,120.0,481.31,31.51,29.16,900.0,1200.0
2025,Jul,Kuruvai/Sornavari,THENI,maize,millets,temperate podzols to the leached red soils of the tropics. ,5.5,7.0,105.0,110.0,265.03,27.14,17.63,500.0,800.0
2021,Nov,Samba/Thaladi,VIRUDHUNAGAR,curry leaf,greenleafy,Red sandy loam,5.2,5.5,90.0,85.0,502.46,34.83,28.65,1000.0,1000.0
2025,Mar,Navarai/Kodai,PUDUKKOTTAI,vegetable cowpea,vegetables,Sandy loam,5.6,6.0,45.0,90.0,587.41,30.36,21.18,900.0,1200.0
2022,Oct,Samba/Thaladi,CUDDALORE,peas,vegetables,Sandy loam,6.5,7.5,60.0,70.0,412.32,31.12,11.71,900.0,1200.0
2021,Apr,Navarai/Kodai,KANYAKUMARI,Chekurmanis,minor vegetables,Sandy loam,5.5,7.5,90.0,120.0,250.86,30.41,27.18,900.0,1200.0
2022,Sep,Kuruvai/Sornavari,TIRUVARUR,Phaseolus lunatus,minor vegetables,Sandy loam,6.0,6.8,90.0,90.0,942.51,25.96,18.22,900.0,2000.0
2021,Nov,Samba/Thaladi,MADURAI,Rhubarb,minor vegetables,Sandy loam,6.0,6.8,56.0,70.0,507.51,25.43,10.0,900.0,1200.0
2023,May,Navarai/Kodai,ERODE,pumpkin,vegetables,Loamy soil/ Lateritic soil,6.0,7.0,115.0,120.0,652.44,27.37,19.63,900.0,1200.0
2023,Jul,Kuruvai/Sornavari,THIRUVALLUR,Cabbage,colecrops,LoamySandy,6.0,6.5,80.0,180.0,170.68,26.25,10.96,380.0,500.0
2023,Jan,Navarai/Kodai,VILLUPURAM,soyabean,pulses,"Well-drained, Loamy Soil",6.0,7.0,90.0,100.0,307.24,27.29,19.77,450.0,700.0
2021,Aug,Kuruvai/Sornavari,CAUVERY,capsicum,vegetables,Loamy soil/ Lateritic soil,5.5,7.0,60.0,60.0,137.52,27.19,15.66,500.0,1200.0
2022,Nov,Samba/Thaladi,SIVAGANGAI,celery,greenleafy,Silt Loam to loamy,6.0,8.5,120.0,150.0,575.95,29.7,13.44,1000.0,1000.0
2022,Jun,Kuruvai/Sornavari,THENI,cauliflower,colecrops,LoamySandy,6.5,6.8,55.0,100.0,205.57,27.66,10.0,380.0,500.0
2024,Jun,Kuruvai/Sornavari,THENI,cotton,fibre crop," black soils, (ii) red soils and (iii) alluvial soils.",7.0,8.0,135.0,140.0,537.61,30.66,21.53,700.0,1300.0
2023,May,Navarai/Kodai,THENI,thinai,millets,"alluvial,loamy ",5.5,7.0,85.0,90.0,348.4,29.54,23.89,500.0,900.0
2024,Nov,Samba/Thaladi,THIRUVALLUR,maize,millets,temperate podzols to the leached red soils of the tropics. ,5.5,7.0,105.0,110.0,126.06,25.63,18.64,500.0,800.0
2021,Oct,Samba/Thaladi,TANJORE,tobacco,other crops,Well drained sandy loam and clayey loam soils ,7.5,8.5,90.0,100.0,558.59,33.57,27.25,800.0,1000.0
2025,Sep,Kuruvai/Sornavari,THIRUCHIRAPALLI,carrot,Root&tuber,light or sandy loam soil,6.0,7.0,75.0,75.0,278.52,22.91,14.57,1000.0,1000.0
2024,Oct,Samba/Thaladi,KANCHEEPURAM,muskmelon,vegetables,Sandy Loam,6.5,7.5,70.0,100.0,621.1,33.94,29.82,900.0,1200.0
2023,Oct,Samba/Thaladi,KRISHNAGIRI,annual moringa,vegetables,Sandy loam,6.5,8.0,210.0,240.0,676.54,33.35,23.73,900.0,1200.0
2024,Aug,Kuruvai/Sornavari,DHARMAPURI,wheat,cereals,Well Drained,6.0,7.0,80.0,90.0,334.8,25.26,22.47,450.0,650.0
2021,Dec,Samba/Thaladi,RAMANATHANPURAM,Ceylon spinach,minor vegetables,Sandy loam,6.5,7.0,40.0,50.0,738.16,24.44,14.8,900.0,1200.0
2024,Sep,Kuruvai/Sornavari,RAMANATHANPURAM,curry leaf,greenleafy,Red sandy loam,5.2,5.5,90.0,85.0,437.12,35.93,29.47,1000.0,1000.0
2021,Apr,Navarai/Kodai,CAUVERY,Asparagus,minor vegetables,Sandy loam,6.0,6.7,730.0,730.0,790.51,25.37,17.05,900.0,1200.0
2022,Jan,Navarai/Kodai,THOOTHUKUDI,sugarcane,sugar crops,Clayey Loamy Soil/ Black Cotton Soil/ Red Loamy Soil/ Brown Loamy Soil,6.5,8.0,300.0,330.0,956.0,27.35,19.6,1500.0,2500.0
2024,Jun,Kuruvai/Sornavari,JAWAD HILLS,Ceylon spinach,minor vegetables,Sandy loam,6.5,7.0,40.0,50.0,579.81,24.79,13.22,900.0,1200.0
2023,Mar,Navarai/Kodai,HILLY REGIONS OF SHEVROY,capsicum,vegetables,Loamy soil/ Lateritic soil,5.5,7.0,60.0,60.0,192.97,27.8,19.9,500.0,1200.0
2024,Mar,Navarai/Kodai,TANJORE,cotton,fibre crop," black soils, (ii) red soils and (iii) alluvial soils.",7.0,8.0,135.0,140.0,716.52,30.07,21.18,700.0,1300.0
2023,Sep,Kuruvai/Sornavari,VELLORE,maize,millets,temperate podzols to the leached red soils of the tropics. ,5.5,7.0,105.0,110.0,285.17,26.4,20.13,500.0,800.0
2023,May,Navarai/Kodai,THIRUCHIRAPALLI,Palak,minor vegetables,Sandy loam,6.5,7.0,37.0,45.0,316.96,32.46,13.93,900.0,1200.0
2022,Dec,Samba/Thaladi,THOOTHUKUDI,castor,oil seeds,"Loams, silt loams, clay loams, or silty clay loams",5.0,8.5,120.0,160.0,238.8,25.4,23.83,500.0,500.0
2022,Oct,Samba/Thaladi,NAMAKAL,ash gourd,vegetables,Sandy loam,6.0,6.7,120.0,120.0,444.41,31.41,22.61,900.0,1200.0
2022,Jan,Navarai/Kodai,DINDIGUL,beetroot,Root&tuber,all types of friable soil,6.0,7.0,45.0,65.0,467.6,24.19,22.73,1000.0,1000.0
2025,Aug,Kuruvai/Sornavari,THIRUNELVELI,sweet potato,Root&tuber,well-drained soil,5.7,6.7,90.0,120.0,516.5,26.49,22.23,1000.0,1000.0
2021,Jun,Kuruvai/Sornavari,RAMANATHANPURAM,colocasia,Root&tuber,Well grained deep loamy moist and alluviual soil,5.5,7.0,150.0,180.0,460.87,30.43,18.76,1000.0,1000.0
2025,Feb,Navarai/Kodai,ERODE,guinea grass,forage crops,Well drained sandy loam and clayey loam soils ,5.0,7.0,45.0,55.0,308.1,36.28,17.53,1000.0,480.0
2022,Jun,Kuruvai/Sornavari,COIMBATORE,brinjal,vegetables,Loamy soil/ Lateritic soil,6.0,7.5,100.0,150.0,377.48,29.35,16.9,900.0,1200.0
2025,May,Navarai/Kodai,VILLUPURAM,cluster bean,vegetables,Sandy Loam,7.0,8.5,60.0,90.0,503.8,25.42,22.38,900.0,1200.0
2022,Nov,Samba/Thaladi,ERODE,sweet sorghum,sugar crops,Well drained sandy loam and clayey loam soils ,6.0,8.5,115.0,125.0,139.4,29.5,25.58,500.0,600.0
2025,Apr,Navarai/Kodai,THIRUPPUR,amaranthus,greenleafy,Silt Loam to loamy,6.5,7.5,70.0,75.0,544.73,26.64,21.84,1000.0,1000.0
2025,Oct,Samba/Thaladi,THIRUPPUR,ash gourd,vegetables,Sandy loam,6.0,6.7,120.0,120.0,274.16,30.55,28.33,900.0,1200.0
2021,Oct,Samba/Thaladi,THIRUNELVELI,ragi,millets,"red, black, sandy, loamy and shallow black soils.",5.0,8.2,100.0,120.0,725.54,28.01,10.95,700.0,1200.0
2024,Jul,Kuruvai/Sornavari,MADURAI,curry leaf,greenleafy,Red sandy loam,5.2,5.5,90.0,85.0,445.47,36.49,28.66,1000.0,1000.0
2022,Nov,Samba/Thaladi,CUDDALORE,onion,vegetables, Any Loamy,5.8,6.5,100.0,120.0,273.92,25.33,24.69,350.0,550.0
2021,Feb,Navarai/Kodai,THIRUVANNAMALAI,Lettuce,minor vegetables,Sandy loam,6.0,6.5,45.0,55.0,715.03,24.47,16.53,900.0,1200.0
2022,Apr,Navarai/Kodai,THIRUCHIRAPALLI,thinai,millets,"alluvial,loamy ",5.5,7.0,85.0,90.0,483.64,30.51,19.77,500.0,900.0
2023,Feb,Navarai/Kodai,RAMANATHANPURAM,sorghum,millets,well-drained loamy soils,6.0,7.5,95.0,105.0,399.29,39.34,16.73,450.0,650.0
2025,Jul,Kuruvai/Sornavari,CUDDALORE,gingely,oil seeds,"Loams, silt loams, clay loams, or silty clay loams",5.5,8.0,85.0,90.0,108.82,36.56,27.74,350.0,400.0
2025,Aug,Kuruvai/Sornavari,KARUR,redgram,pulses,deep loam soils,6.5,7.0,120.0,150.0,367.04,30.8,21.48,600.0,1400.0
2023,May,Navarai/Kodai,TANJORE,gardenlablab,pulses,wide range of soils,6.0,7.0,75.0,100.0,306.44,31.42,16.89,650.0,1000.0
2021,Jun,Kuruvai/Sornavari,TIRUVARUR,ragi,millets,"red, black, sandy, loamy and shallow black soils.",5.0,8.2,100.0,120.0,532.07,27.06,15.44,700.0,1200.0
2025,Feb,Navarai/Kodai,HILLY REGIONS OF SHEVROY,sweet sorghum,sugar crops,Well drained sandy loam and clayey loam soils ,6.0,8.5,115.0,125.0,370.9,31.32,24.44,500.0,600.0
2024,Apr,Navarai/Kodai,KRISHNAGIRI,capsicum,vegetables,Loamy soil/ Lateritic soil,5.5,7.0,60.0,60.0,692.36,27.39,16.8,500.0,1200.0
2021,Sep,Kuruvai/Sornavari,KRISHNAGIRI,fodder cumbu,forage crops,Well drained sandy loam and clayey loam soils ,4.0,7.5,45.0,120.0,149.39,33.8,28.83,500.0,480.0
2021,Jun,Kuruvai/Sornavari,THENI,paprika,vegetables,Sandy loam,5.8,6.5,160.0,180.0,238.18,31.45,28.56,700.0,1000.0
2023,Nov,Samba/Thaladi,CHENGLEPUT,safflower,oil seeds,"Loams, silt loams, clay loams, or silty clay loams",5.4,8.2,120.0,125.0,419.72,36.97,23.32,550.0,725.0
2021,Apr,Navarai/Kodai,TIRUVARUR,gardenlablab,pulses,wide range of soils,6.0,7.0,75.0,100.0,201.14,31.78,21.2,650.0,1000.0
2021,Aug,Kuruvai/Sornavari,DINDIGUL,fodder cumbu,forage crops,Well drained sandy loam and clayey loam soils ,4.0,7.5,45.0,120.0,310.77,33.53,29.07,500.0,480.0
2022,Nov,Samba/Thaladi,MADURAI,Rhubarb,minor vegetables,Sandy loam,6.0,6.8,56.0,70.0,340.91,25.21,10.0,900.0,1200.0
2022,Jun,Kuruvai/Sornavari,JAWAD HILLS,annual moringa,vegetables,Sandy loam,6.5,8.0,210.0,240.0,793.1,31.01,29.24,900.0,1200.0
2022,Aug,Kuruvai/Sornavari,KOLLI HILLS,Coccinia,minor vegetables,Sandy loam,6.0,6.5,90.0,90.0,260.31,33.0,23.71,900.0,1200.0
2023,Mar,Navarai/Kodai,NAGAPATTINAM,Turnip,minor vegetables,Loamy soil,5.5,6.8,42.0,56.0,469.98,18.8,10.4,900.0,1200.0
2024,Mar,Navarai/Kodai,THIRUPPUR,safflower,oil seeds,"Loams, silt loams, clay loams, or silty clay loams",5.4,8.2,120.0,125.0,248.17,31.48,25.15,550.0,725.0
2023,Aug,Kuruvai/Sornavari,DHARMAPURI,sorghum,millets,well-drained loamy soils,6.0,7.5,95.0,105.0,318.2,40.06,18.04,450.0,650.0
2024,Feb,Navarai/Kodai,HILLY REGIONS OF SHEVROY,fodder cholam,forage crops,Well drained sandy loam and clayey loam soils ,5.5,7.5,1095.0,1095.0,198.17,34.79,26.51,300.0,350.0
2023,Sep,Kuruvai/Sornavari,NAGAPATTINAM,broadbean,vegetables,Well drained loamy soil,5.5,6.0,80.0,100.0,794.12,23.95,11.87,900.0,1200.0
2021,Dec,Samba/Thaladi,VILLUPURAM,watermelon,vegetables,Sandy,6.0,7.5,70.0,85.0,794.52,28.79,28.68,900.0,1200.0
2023,Jan,Navarai/Kodai,TANJORE,capsicum,vegetables,Loamy soil/ Lateritic soil,5.5,7.0,60.0,60.0,636.7,29.94,15.92,500.0,1200.0
2023,Jun,Kuruvai/Sornavari,SIVAGANGAI,sunflower,oil seeds,"Loams, silt loams, clay loams, or silty clay loams",6.5,8.0,85.0,95.0,218.49,26.81,23.2,350.0,500.0
2024,May,Navarai/Kodai,NAGAPATTINAM,Winged Bean,minor vegetables,Sandy loam,7.0,12.0,42.0,42.0,291.85,29.14,29.26,900.0,1200.0
2021,Nov,Samba/Thaladi,CHENGLEPUT,amaranthus,greenleafy,Silt Loam to loamy,6.5,7.5,70.0,75.0,567.52,28.74,20.65,1000.0,1000.0
2022,Sep,Kuruvai/Sornavari,NAGAPATTINAM,blackgram,pulses,sandy soils to heavy cotton soils,6.5,7.8,70.0,75.0,585.07,41.77,18.79,600.0,1000.0
2021,Jan,Navarai/Kodai,SALEM,sorghum,millets,well-drained loamy soils,6.0,7.5,95.0,105.0,203.97,36.12,14.31,450.0,650.0
2025,Dec,Samba/Thaladi,NAGAPATTINAM,Lettuce,minor vegetables,Sandy loam,6.0,6.5,45.0,55.0,611.31,24.18,16.89,900.0,1200.0
2021,Jul,Kuruvai/Sornavari,KANCHEEPURAM,lablab,vegetables,Well drained loamy soil,6.5,8.5,70.0,75.0,744.42,35.36,25.21,900.0,1200.0
2021,Jan,Navarai/Kodai,KOLLI HILLS,Phaseolus lunatus,minor vegetables,Sandy loam,6.0,6.8,90.0,90.0,705.6,28.14,18.57,900.0,2000.0
2024,Mar,Navarai/Kodai,THIRUVANNAMALAI,Pearl millet,millets,"clay, clay loam, or sandy loam soils",5.5,7.5,75.0,85.0,205.76,41.82,13.92,350.0,500.0
2025,Feb,Navarai/Kodai,KRISHNAGIRI,Pearl millet,millets,"clay, clay loam, or sandy loam soils",5.5,7.5,75.0,85.0,254.58,42.14,12.69,350.0,500.0
2021,Jan,Navarai/Kodai,KANYAKUMARI,Rhubarb,minor vegetables,Sandy loam,6.0,6.8,56.0,70.0,487.33,25.07,10.0,900.0,1200.0
2023,Oct,Samba/Thaladi,SIVAGANGAI,bengalgram,pulses,medium to heavy black soil,5.5,7.0,90.0,120.0,510.91,31.36,20.2,650.0,1000.0
2022,May,Navarai/Kodai,KARUR,kollukattai pullu,forage crops,Well drained sandy loam and clayey loam soils ,7.0,7.5,45.0,55.0,250.35,31.61,18.99,500.0,480.0
2025,Feb,Navarai/Kodai,THIRUPPUR,Basella,minor vegetables,Sandy loam,5.5,8.0,70.0,70.0,451.38,28.97,17.5,900.0,1200.0
2021,Aug,Kuruvai/Sornavari,KANCHEEPURAM,colocasia,Root&tuber,Well grained deep loamy moist and alluviual soil,5.5,7.0,150.0,180.0,397.88,34.59,23.54,1000.0,1000.0
2024,Aug,Kuruvai/Sornavari,CUDDALORE,sweet potato,Root&tuber,well-drained soil,5.7,6.7,90.0,120.0,482.92,25.8,23.57,1000.0,1000.0
2021,Jun,Kuruvai/Sornavari,TIRUVARUR,small onion,bulbvegetables,Sandy loam,6.0,7.0,70.0,90.0,348.6,25.52,19.15,650.0,750.0
2023,Jul,Kuruvai/Sornavari,MADURAI,Pearl millet,millets,"clay, clay loam, or sandy loam soils",5.5,7.5,75.0,85.0,285.78,44.36,15.13,350.0,500.0
2021,Jun,Kuruvai/Sornavari,MADURAI,fodder cowpea,forage crops,Well drained sandy loam and clayey loam soils ,5.0,6.5,50.0,65.0,186.18,25.5,21.42,300.0,350.0
2024,Aug,Kuruvai/Sornavari,HILLY REGIONS OF SHEVROY,bellary onion,minor vegetables,Sandy loam,5.8,6.5,150.0,150.0,403.9,25.0,11.33,900.0,1200.0
2025,Aug,Kuruvai/Sornavari,NAMAKAL,muyal masal,forage crops,Well drained sandy loam and clayey loam soils ,5.5,7.5,75.0,65.0,231.36,36.65,29.86,500.0,480.0
2023,Mar,Navarai/Kodai,DHARMAPURI,curry leaf,greenleafy,Red sandy loam,5.2,5.5,90.0,85.0,433.22,32.84,28.58,1000.0,1000.0
2025,Apr,Navarai/Kodai,THIRUVANNAMALAI,wheat,cereals,Well Drained,6.0,7.0,80.0,90.0,419.47,25.85,21.48,450.0,650.0
2021,Dec,Samba/Thaladi,VIRUDHUNAGAR,gingely,oil seeds,"Loams, silt loams, clay loams, or silty clay loams",5.5,8.0,85.0,90.0,104.82,36.89,23.35,350.0,400.0
2024,May,Navarai/Kodai,THIRUVANNAMALAI,sorghum,millets,well-drained loamy soils,6.0,7.5,95.0,105.0,165.6,35.86,14.65,450.0,650.0
2022,Sep,Kuruvai/Sornavari,HILLY REGIONS OF SHEVROY,tinda,vegetables,Sandy loam,6.5,7.5,70.0,70.0,381.34,31.83,29.57,900.0,1200.0
2022,Dec,Samba/Thaladi,DINDIGUL,wheat,cereals,Well Drained,6.0,7.0,80.0,90.0,425.59,25.64,24.08,450.0,650.0
2023,Apr,Navarai/Kodai,RAMANATHANPURAM,chowchow,vegetables,Loamy soil/ Lateritic soil,5.5,6.5,150.0,150.0,453.33,24.13,21.22,1200.0,1500.0
2025,Mar,Navarai/Kodai,VILLUPURAM,tinda,vegetables,Sandy loam,6.5,7.5,70.0,70.0,680.68,29.87,28.4,900.0,1200.0
2024,Jun,Kuruvai/Sornavari,DINDIGUL,samai,millets,Loamy Soil,8.5,9.0,80.0,100.0,354.86,36.24,28.15,480.0,750.0
2022,Feb,Navarai/Kodai,THENI,Celery,minor vegetables,Sandy loam,5.8,6.8,120.0,150.0,784.9,22.68,14.92,900.0,1200.0
2021,Dec,Samba/Thaladi,VILLUPURAM,varagu,millets,clay-based soil,5.5,6.5,120.0,120.0,339.34,28.48,24.67,500.0,900.0
2021,Dec,Samba/Thaladi,THOOTHUKUDI,muyal masal,forage crops,Well drained sandy loam and clayey loam soils ,5.5,7.5,75.0,65.0,200.37,33.09,28.02,500.0,480.0
2021,Dec,Samba/Thaladi,VIRUDHUNAGAR,gherkins,vegetables,Sandy loam,5.8,7.0,90.0,90.0,726.16,34.63,17.82,900.0,1200.0
2023,Jun,Kuruvai/Sornavari,ERODE,Chakravathi keerai,minor vegetables,Sandy loam,4.5,8.3,100.0,100.0,483.6,25.29,16.45,900.0,1200.0
2021,Jun,Kuruvai/Sornavari,DINDIGUL,Phaseolus lunatus,minor vegetables,Sandy loam,6.0,6.8,90.0,90.0,964.17,26.85,16.11,900.0,2000.0
2021,Feb,Navarai/Kodai,KANYAKUMARI,celery,greenleafy,Silt Loam to loamy,6.0,8.5,120.0,150.0,279.59,31.72,11.77,1000.0,1000.0
2023,Feb,Navarai/Kodai,HILLY REGIONS OF SHEVROY,paprika,vegetables,Sandy loam,5.8,6.5,160.0,180.0,312.47,29.3,26.57,700.0,1000.0
2025,Feb,Navarai/Kodai,THIRUPPUR,kudirai masi,forage crops,Well drained sandy loam and clayey loam soils ,6.5,7.5,45.0,55.0,78.66,32.49,25.26,300.0,350.0
2024,Nov,Samba/Thaladi,VILLUPURAM,cumbu napier hybrid,forage crops,Well drained sandy loam and clayey loam soils ,5.0,8.6,45.0,55.0,433.16,26.48,23.39,800.0,1000.0
2023,Mar,Navarai/Kodai,RAMANATHANPURAM,snake gourd,vegetables,Loamy soil/ Lateritic soil,6.0,6.7,90.0,90.0,686.87,28.69,16.51,900.0,1200.0
2023,Oct,Samba/Thaladi,COIMBATORE,bhendi,vegetables,Loamy soil/ Lateritic soil,6.0,6.8,55.0,65.0,837.05,28.63,25.39,1200.0,2200.0
2025,Mar,Navarai/Kodai,DINDIGUL,kudiraivali,millets,Loamy Soil,5.5,7.0,75.0,95.0,217.45,24.09,19.82,500.0,900.0
2025,Jan,Navarai/Kodai,VILLUPURAM,blackgram,pulses,sandy soils to heavy cotton soils,6.5,7.8,70.0,75.0,214.96,39.76,24.52,600.0,1000.0
2024,Apr,Navarai/Kodai,THOOTHUKUDI,Brussels sprout,minor vegetables,Sandy loam,6.5,6.8,12.0,12.0,335.72,25.97,18.19,900.0,1200.0
2021,Nov,Samba/Thaladi,KANCHEEPURAM,pumpkin,vegetables,Loamy soil/ Lateritic soil,6.0,7.0,115.0,120.0,748.6,28.17,21.31,900.0,1200.0
2021,Oct,Samba/Thaladi,TANJORE,Coccinia,minor vegetables,Sandy loam,6.0,6.5,90.0,90.0,750.82,33.3,19.11,900.0,1200.0
2021,Dec,Samba/Thaladi,KANYAKUMARI,annual moringa,vegetables,Sandy loam,6.5,8.0,210.0,240.0,708.02,35.74,25.63,900.0,1200.0
2024,Sep,Kuruvai/Sornavari,KANCHEEPURAM,gingely,oil seeds,"Loams, silt loams, clay loams, or silty clay loams",5.5,8.0,85.0,90.0,145.01,36.77,26.1,350.0,400.0
2022,May,Navarai/Kodai,DHARMAPURI,swordbean,pulses, well-drained sandy loams or sandy soils ,5.0,6.0,110.0,120.0,612.95,35.78,12.32,900.0,1500.0
2021,Feb,Navarai/Kodai,CHENGLEPUT,Coccinia,minor vegetables,Sandy loam,6.0,6.5,90.0,90.0,584.35,29.58,18.64,900.0,1200.0
2021,May,Navarai/Kodai,SALEM,fodder cholam,forage crops,Well drained sandy loam and clayey loam soils ,5.5,7.5,1095.0,1095.0,115.22,34.4,25.76,300.0,350.0
2022,Apr,Navarai/Kodai,THALAVADI HILLS,paprika,vegetables,Sandy loam,5.8,6.5,160.0,180.0,351.6,27.12,27.7,700.0,1000.0
2024,Sep,Kuruvai/Sornavari,VILLUPURAM,Chinese cabbage,minor vegetables,Sandy loam,5.5,7.0,50.0,80.0,381.4,24.8,18.58,900.0,1200.0
2022,Mar,Navarai/Kodai,THALAVADI HILLS,ragi,millets,"red, black, sandy, loamy and shallow black soils.",5.0,8.2,100.0,120.0,352.09,28.27,10.77,700.0,1200.0
2023,Aug,Kuruvai/Sornavari,JAWAD HILLS,annual moringa,vegetables,Sandy loam,6.5,8.0,210.0,240.0,468.12,32.14,24.04,900.0,1200.0
2024,Dec,Samba/Thaladi,KANCHEEPURAM,gingely,oil seeds,"Loams, silt loams, clay loams, or silty clay loams",5.5,8.0,85.0,90.0,144.96,32.21,26.44,350.0,400.0
2025,May,Navarai/Kodai,NAMAKAL,Lettuce,minor vegetables,Sandy loam,6.0,6.5,45.0,55.0,343.7,24.71,16.63,900.0,1200.0
2024,Aug,Kuruvai/Sornavari,MADURAI,gherkins,vegetables,Sandy loam,5.8,7.0,90.0,90.0,794.34,32.09,18.22,900.0,1200.0
2023,Nov,Samba/Thaladi,VELLORE,pumpkin,vegetables,Loamy soil/ Lateritic soil,6.0,7.0,115.0,120.0,414.32,28.38,21.91,900.0,1200.0
2025,Jun,Kuruvai/Sornavari,NAMAKAL,Chinese cabbage,minor vegetables,Sandy loam,5.5,7.0,50.0,80.0,578.79,24.06,16.82,900.0,1200.0
2025,Jun,Kuruvai/Sornavari,PERAMBALUR,Asparagus,minor vegetables,Sandy loam,6.0,6.7,730.0,730.0,568.76,29.92,13.95,900.0,1200.0
2023,Jul,Kuruvai/Sornavari,KOLLI HILLS,gherkins,vegetables,Sandy loam,5.8,7.0,90.0,90.0,457.68,34.21,16.89,900.0,1200.0
2021,Jul,Kuruvai/Sornavari,MADURAI,chinese potato,Root&tuber,well-drained soil,4.8,5.8,120.0,150.0,612.75,23.86,17.13,1000.0,1000.0
2025,May,Navarai/Kodai,HILLY REGIONS OF SHEVROY,watermelon,vegetables,Sandy,6.0,7.5,70.0,85.0,664.53,25.82,26.78,900.0,1200.0
2025,Dec,Samba/Thaladi,NAGAPATTINAM,Winged Bean,minor vegetables,Sandy loam,7.0,12.0,42.0,42.0,685.55,26.61,26.45,900.0,1200.0
2021,Jun,Kuruvai/Sornavari,DINDIGUL,Cabbage,colecrops,LoamySandy,6.0,6.5,80.0,180.0,179.1,27.39,10.03,380.0,500.0
2023,Jan,Navarai/Kodai,ARIYALUR,blackgram,pulses,sandy soils to heavy cotton soils,6.5,7.8,70.0,75.0,167.4,40.84,19.53,600.0,1000.0
2024,Oct,Samba/Thaladi,KARUR,sweet potato,Root&tuber,well-drained soil,5.7,6.7,90.0,120.0,600.25,26.49,23.16,1000.0,1000.0
2025,Jun,Kuruvai/Sornavari,ERODE,fodder cowpea,forage crops,Well drained sandy loam and clayey loam soils ,5.0,6.5,50.0,65.0,203.36,29.81,22.43,300.0,350.0
2023,Apr,Navarai/Kodai,THIRUCHIRAPALLI,Chakravathi keerai,minor vegetables,Sandy loam,4.5,8.3,100.0,100.0,672.68,25.47,19.05,900.0,1200.0
2022,Nov,Samba/Thaladi,TIRUVARUR,soundal,forage crops,Well drained sandy loam and clayey loam soils ,5.5,7.5,40.0,80.0,286.43,33.43,20.51,500.0,480.0
2023,Mar,Navarai/Kodai,SIVAGANGAI,ragi,millets,"red, black, sandy, loamy and shallow black soils.",5.0,8.2,100.0,120.0,777.02,25.53,15.21,700.0,1200.0
2024,Oct,Samba/Thaladi,KOLLI HILLS,Basella,minor vegetables,Sandy loam,5.5,8.0,70.0,70.0,356.4,31.21,19.47,900.0,1200.0
2024,Feb,Navarai/Kodai,CHENGLEPUT,chowchow,vegetables,Loamy soil/ Lateritic soil,5.5,6.5,150.0,150.0,616.5,24.64,21.78,1200.0,1500.0
2022,Sep,Kuruvai/Sornavari,PERAMBALUR,bhendi,vegetables,Loamy soil/ Lateritic soil,6.0,6.8,55.0,65.0,303.11,25.64,28.46,1200.0,2200.0
2024,Oct,Samba/Thaladi,VILLUPURAM,Butter bean,minor vegetables,Sandy loam,6.0,7.0,80.0,100.0,308.42,28.63,16.45,900.0,1200.0
2021,Aug,Kuruvai/Sornavari,NAGAPATTINAM,cucumber,vegetables,Loamy,6.5,7.5,120.0,120.0,605.39,32.79,25.37,1200.0,1500.0
2022,Sep,Kuruvai/Sornavari,SIVAGANGAI,small onion,bulbvegetables,Sandy loam,6.0,7.0,70.0,90.0,358.85,25.13,16.05,650.0,750.0
2024,Dec,Samba/Thaladi,SALEM,tobacco,other crops,Well drained sandy loam and clayey loam soils ,7.5,8.5,90.0,100.0,520.55,31.05,27.88,800.0,1000.0
2025,Sep,Kuruvai/Sornavari,THIRUNELVELI,cotton,fibre crop," black soils, (ii) red soils and (iii) alluvial soils.",7.0,8.0,135.0,140.0,352.7,28.79,23.41,700.0,1300.0
2025,Jan,Navarai/Kodai,ERODE,ragi,millets,"red, black, sandy, loamy and shallow black soils.",5.0,8.2,100.0,120.0,664.64,28.79,13.75,700.0,1200.0
2021,Jul,Kuruvai/Sornavari,THIRUNELVELI,cotton,fibre crop," black soils, (ii) red soils and (iii) alluvial soils.",7.0,8.0,135.0,140.0,444.42,28.49,19.77,700.0,1300.0
2024,May,Navarai/Kodai,THIRUNELVELI,gherkins,vegetables,Sandy loam,5.8,7.0,90.0,90.0,496.66,31.31,14.39,900.0,1200.0
2025,Nov,Samba/Thaladi,VILLUPURAM,onion,vegetables, Any Loamy,5.8,6.5,100.0,120.0,169.27,26.49,19.44,350.0,550.0
2023,Aug,Kuruvai/Sornavari,VIRUDHUNAGAR,gardenlablab,pulses,wide range of soils,6.0,7.0,75.0,100.0,265.08,35.62,22.31,650.0,1000.0
2023,Jan,Navarai/Kodai,THIRUCHIRAPALLI,broadbean,vegetables,Well drained loamy soil,5.5,6.0,80.0,100.0,390.86,24.14,14.49,900.0,1200.0
2025,Jul,Kuruvai/Sornavari,KANCHEEPURAM,Mint,minor vegetables,Loamy soil,6.5,7.0,100.0,120.0,404.2,25.26,22.1,1000.0,1100.0
2023,Mar,Navarai/Kodai,DINDIGUL,bitter gourd,vegetables,Well drained loamy soil,6.5,7.0,55.0,60.0,417.17,31.14,26.69,900.0,1200.0
2025,Nov,Samba/Thaladi,TANJORE,guinea grass,forage crops,Well drained sandy loam and clayey loam soils ,5.0,7.0,45.0,55.0,268.06,37.64,18.97,1000.0,480.0
2025,Jan,Navarai/Kodai,TANJORE,Coccinia,minor vegetables,Sandy loam,6.0,6.5,90.0,90.0,598.65,27.26,22.68,900.0,1200.0
2022,Oct,Samba/Thaladi,KOLLI HILLS,cumbu napier hybrid,forage crops,Well drained sandy loam and clayey loam soils ,5.0,8.6,45.0,55.0,303.24,25.9,22.46,800.0,1000.0
2024,Nov,Samba/Thaladi,VIRUDHUNAGAR,Rhubarb,minor vegetables,Sandy loam,6.0,6.8,56.0,70.0,293.43,25.67,10.0,900.0,1200.0
2023,Feb,Navarai/Kodai,VELLORE,wheat,cereals,Well Drained,6.0,7.0,80.0,90.0,421.35,25.08,19.18,450.0,650.0
2022,Nov,Samba/Thaladi,PERAMBALUR,pumpkin,vegetables,Loamy soil/ Lateritic soil,6.0,7.0,115.0,120.0,499.78,28.03,21.46,900.0,1200.0
2022,Jun,Kuruvai/Sornavari,CAUVERY,sugarbeet,sugar crops,Well drained sandy loam and clayey loam soils ,6.0,8.0,150.0,180.0,426.13,26.76,15.91,600.0,800.0
2024,Nov,Samba/Thaladi,ERODE,celery,greenleafy,Silt Loam to loamy,6.0,8.5,120.0,150.0,469.6,25.11,16.29,1000.0,1000.0
2021,Jun,Kuruvai/Sornavari,THENI,Chinese cabbage,minor vegetables,Sandy loam,5.5,7.0,50.0,80.0,317.4,24.67,18.73,900.0,1200.0
2025,Sep,Kuruvai/Sornavari,CAUVERY,Ceylon spinach,minor vegetables,Sandy loam,6.5,7.0,40.0,50.0,725.77,24.15,12.27,900.0,1200.0
2022,Mar,Navarai/Kodai,DHARMAPURI,thinai,millets,"alluvial,loamy ",5.5,7.0,85.0,90.0,542.65,29.03,20.22,500.0,900.0
2021,Jul,Kuruvai/Sornavari,CUDDALORE,bottle gourd,vegetables,Sandy loam,6.0,6.7,120.0,120.0,720.15,27.72,20.5,900.0,1200.0
2024,Apr,Navarai/Kodai,CAUVERY,ash gourd,vegetables,Sandy loam,6.0,6.7,120.0,120.0,614.8,27.84,26.97,900.0,1200.0
2024,Dec,Samba/Thaladi,THIRUPPUR,Chakravathi keerai,minor vegetables,Sandy loam,4.5,8.3,100.0,100.0,465.85,25.54,17.95,900.0,1200.0
2024,Feb,Navarai/Kodai,THE NILGRIS,small onion,bulbvegetables,Sandy loam,6.0,7.0,70.0,90.0,255.84,26.57,19.84,650.0,750.0
2021,Nov,Samba/Thaladi,RAMANATHANPURAM,groundnut,oil seeds,Well-drained sandy loam or sandy clay loam soil ,6.5,7.0,140.0,150.0,253.93,43.64,10.52,500.0,700.0
2023,Mar,Navarai/Kodai,ERODE,brinjal,vegetables,Loamy soil/ Lateritic soil,6.0,7.5,100.0,150.0,478.08,31.6,17.87,900.0,1200.0
2021,May,Navarai/Kodai,DHARMAPURI,brinjal,vegetables,Loamy soil/ Lateritic soil,6.0,7.5,100.0,150.0,668.6,31.59,17.51,900.0,1200.0
2024,Oct,Samba/Thaladi,COIMBATORE,Asparagus,minor vegetables,Sandy loam,6.0,6.7,730.0,730.0,447.59,26.22,17.38,900.0,1200.0
2022,Jul,Kuruvai/Sornavari,THOOTHUKUDI,kudiraivali,millets,Loamy Soil,5.5,7.0,75.0,95.0,451.13,24.82,22.23,500.0,900.0
2024,Oct,Samba/Thaladi,CAUVERY,Brussels sprout,minor vegetables,Sandy loam,6.5,6.8,12.0,12.0,554.9,26.82,15.06,900.0,1200.0
2024,Feb,Navarai/Kodai,CHENGLEPUT,bottle gourd,vegetables,Sandy loam,6.0,6.7,120.0,120.0,601.64,27.41,20.68,900.0,1200.0
2024,Mar,Navarai/Kodai,ERODE,curry leaf,greenleafy,Red sandy loam,5.2,5.5,90.0,85.0,254.25,38.87,28.84,1000.0,1000.0
2021,Oct,Samba/Thaladi,VIRUDHUNAGAR,cluster bean,vegetables,Sandy Loam,7.0,8.5,60.0,90.0,521.99,25.06,19.16,900.0,1200.0
2025,Feb,Navarai/Kodai,THIRUPPUR,broadbean,vegetables,Well drained loamy soil,5.5,6.0,80.0,100.0,496.16,23.16,13.33,900.0,1200.0
2024,May,Navarai/Kodai,HILLY REGIONS OF SHEVROY,bitter gourd,vegetables,Well drained loamy soil,6.5,7.0,55.0,60.0,555.3,31.05,27.17,900.0,1200.0
2023,Oct,Samba/Thaladi,VELLORE,gingely,oil seeds,"Loams, silt loams, clay loams, or silty clay loams",5.5,8.0,85.0,90.0,240.12,34.68,23.93,350.0,400.0
2024,Jun,Kuruvai/Sornavari,SIVAGANGAI,guinea grass,forage crops,Well drained sandy loam and clayey loam soils ,5.0,7.0,45.0,55.0,262.03,35.67,13.55,1000.0,480.0
2024,Oct,Samba/Thaladi,RAMANATHANPURAM,gherkins,vegetables,Sandy loam,5.8,7.0,90.0,90.0,502.7,30.12,13.23,900.0,1200.0
2022,Jan,Navarai/Kodai,ARIYALUR,tapoica,Root&tuber,Red lateritic loam,5.5,7.0,270.0,300.0,465.48,30.12,28.28,1000.0,1000.0
2023,Jun,Kuruvai/Sornavari,KARUR,gardenlablab,pulses,wide range of soils,6.0,7.0,75.0,100.0,593.55,33.16,17.28,650.0,1000.0
2022,Jul,Kuruvai/Sornavari,THIRUPPUR,velimasal,forage crops,Well drained sandy loam and clayey loam soils ,5.8,7.0,45.0,55.0,98.39,34.81,23.78,300.0,350.0
2023,Mar,Navarai/Kodai,SALEM,fodder cumbu,forage crops,Well drained sandy loam and clayey loam soils ,4.0,7.5,45.0,120.0,246.35,30.66,29.66,500.0,480.0
2024,Dec,Samba/Thaladi,VELLORE,Basella,minor vegetables,Sandy loam,5.5,8.0,70.0,70.0,374.43,28.63,17.43,900.0,1200.0
2023,Sep,Kuruvai/Sornavari,THIRUVANNAMALAI,beetroot,Root&tuber,all types of friable soil,6.0,7.0,45.0,65.0,339.52,24.53,18.91,1000.0,1000.0
2025,Sep,Kuruvai/Sornavari,MADURAI,ragi,millets,"red, black, sandy, loamy and shallow black soils.",5.0,8.2,100.0,120.0,717.67,26.03,12.78,700.0,1200.0
2022,Nov,Samba/Thaladi,THIRUPPUR,soyabean,pulses,"Well-drained, Loamy Soil",6.0,7.0,90.0,100.0,285.92,31.49,15.88,450.0,700.0
2024,Jan,Navarai/Kodai,KANCHEEPURAM,elephant foot yam,Root&tuber,Rich red loamy soil,5.5,7.0,240.0,240.0,324.17,33.24,28.82,1000.0,1500.0
2025,Jun,Kuruvai/Sornavari,DINDIGUL,bitter gourd,vegetables,Well drained loamy soil,6.5,7.0,55.0,60.0,738.55,29.95,29.81,900.0,1200.0
2023,Aug,Kuruvai/Sornavari,PUDUKKOTTAI,Turnip,minor vegetables,Loamy soil,5.5,6.8,42.0,56.0,654.44,19.36,11.89,900.0,1200.0
2023,Jul,Kuruvai/Sornavari,CAUVERY,sugarbeet,sugar crops,Well drained sandy loam and clayey loam soils ,6.0,8.0,150.0,180.0,386.83,25.44,16.1,600.0,800.0
2024,Apr,Navarai/Kodai,DINDIGUL,varagu,millets,clay-based soil,5.5,6.5,120.0,120.0,485.64,28.05,25.86,500.0,900.0
2024,Jan,Navarai/Kodai,THALAVADI HILLS,bottle gourd,vegetables,Sandy loam,6.0,6.7,120.0,120.0,681.42,25.03,19.77,900.0,1200.0
2024,Feb,Navarai/Kodai,KANYAKUMARI,Cabbage,colecrops,LoamySandy,6.0,6.5,80.0,180.0,223.55,25.66,10.6,380.0,500.0
2021,Dec,Samba/Thaladi,THOOTHUKUDI,jute,fibre crop,Sandy and Clay Loam,6.0,7.5,120.0,140.0,741.69,38.42,27.15,1000.0,1300.0
2022,Nov,Samba/Thaladi,KARUR,gardenlablab,pulses,wide range of soils,6.0,7.0,75.0,100.0,266.49,31.0,20.84,650.0,1000.0
2025,Jul,Kuruvai/Sornavari,KOLLI HILLS,annual moringa,vegetables,Sandy loam,6.5,8.0,210.0,240.0,273.06,31.01,29.32,900.0,1200.0
2021,Nov,Samba/Thaladi,THALAVADI HILLS,muskmelon,vegetables,Sandy Loam,6.5,7.5,70.0,100.0,557.0,32.46,24.91,900.0,1200.0
2024,May,Navarai/Kodai,RAMANATHANPURAM,velimasal,forage crops,Well drained sandy loam and clayey loam soils ,5.8,7.0,45.0,55.0,164.11,35.54,25.62,300.0,350.0
2024,Mar,Navarai/Kodai,NAGAPATTINAM,velimasal,forage crops,Well drained sandy loam and clayey loam soils ,5.8,7.0,45.0,55.0,182.64,33.21,27.5,300.0,350.0
2024,Jun,Kuruvai/Sornavari,NAMAKAL,curry leaf,greenleafy,Red sandy loam,5.2,5.5,90.0,85.0,620.43,38.5,27.0,1000.0,1000.0
2022,Jan,Navarai/Kodai,VILLUPURAM,curry leaf,greenleafy,Red sandy loam,5.2,5.5,90.0,85.0,452.75,36.37,26.63,1000.0,1000.0
2024,Jan,Navarai/Kodai,DINDIGUL,redgram,pulses,deep loam soils,6.5,7.0,120.0,150.0,298.78,29.49,19.26,600.0,1400.0
2024,Jun,Kuruvai/Sornavari,PERAMBALUR,safflower,oil seeds,"Loams, silt loams, clay loams, or silty clay loams",5.4,8.2,120.0,125.0,340.37,30.06,20.14,550.0,725.0
2021,Feb,Navarai/Kodai,COIMBATORE,Butter bean,minor vegetables,Sandy loam,6.0,7.0,80.0,100.0,449.79,25.26,17.37,900.0,1200.0
2024,Apr,Navarai/Kodai,CUDDALORE,amaranthus,greenleafy,Silt Loam to loamy,6.5,7.5,70.0,75.0,304.15,31.93,18.81,1000.0,1000.0
2021,Sep,Kuruvai/Sornavari,VELLORE,Turnip,minor vegetables,Loamy soil,5.5,6.8,42.0,56.0,443.06,18.73,11.62,900.0,1200.0
2024,Jun,Kuruvai/Sornavari,HILLY REGIONS OF SHEVROY,Asparagus,minor vegetables,Sandy loam,6.0,6.7,730.0,730.0,452.43,30.63,19.74,900.0,1200.0
2021,Nov,Samba/Thaladi,COIMBATORE,Palak,minor vegetables,Sandy loam,6.5,7.0,37.0,45.0,565.22,28.31,13.73,900.0,1200.0
2025,Nov,Samba/Thaladi,THIRUCHIRAPALLI,tobacco,other crops,Well drained sandy loam and clayey loam soils ,7.5,8.5,90.0,100.0,341.74,31.2,25.07,800.0,1000.0
2021,Jan,Navarai/Kodai,ARIYALUR,annual moringa,vegetables,Sandy loam,6.5,8.0,210.0,240.0,680.41,33.81,29.91,900.0,1200.0
2024,May,Navarai/Kodai,PUDUKKOTTAI,muyal masal,forage crops,Well drained sandy loam and clayey loam soils ,5.5,7.5,75.0,65.0,234.71,30.1,27.21,500.0,480.0
2024,Jul,Kuruvai/Sornavari,THIRUVANNAMALAI,Celery,minor vegetables,Sandy loam,5.8,6.8,120.0,150.0,390.32,24.16,15.26,900.0,1200.0
2022,Mar,Navarai/Kodai,PUDUKKOTTAI,capsicum,vegetables,Loamy soil/ Lateritic soil,5.5,7.0,60.0,60.0,192.16,27.08,18.54,500.0,1200.0
2025,Dec,Samba/Thaladi,CHENGLEPUT,Celery,minor vegetables,Sandy loam,5.8,6.8,120.0,150.0,522.62,24.94,17.38,900.0,1200.0
2022,Sep,Kuruvai/Sornavari,SALEM,Turnip,minor vegetables,Loamy soil,5.5,6.8,42.0,56.0,487.12,20.09,11.74,900.0,1200.0
2025,Feb,Navarai/Kodai,NAMAKAL,tomato,vegetables,Sandy loam,6.5,7.5,90.0,140.0,500.93,28.32,18.74,600.0,800.0
2025,Jun,Kuruvai/Sornavari,THOOTHUKUDI,tapoica,Root&tuber,Red lateritic loam,5.5,7.0,270.0,300.0,296.27,26.44,25.61,1000.0,1000.0
2021,Sep,Kuruvai/Sornavari,THE NILGRIS,Mint,minor vegetables,Loamy soil,6.5,7.0,100.0,120.0,570.22,25.76,23.0,1000.0,1100.0
2023,Feb,Navarai/Kodai,DINDIGUL,Asparagus,minor vegetables,Sandy loam,6.0,6.7,730.0,730.0,551.93,31.22,19.94,900.0,1200.0
2022,Sep,Kuruvai/Sornavari,KARUR,Butter bean,minor vegetables,Sandy loam,6.0,7.0,80.0,100.0,393.0,28.58,19.42,900.0,1200.0
2023,Jul,Kuruvai/Sornavari,HILLY REGIONS OF SHEVROY,Bread fruit,minor vegetables,Sandy loam,6.1,7.4,100.0,100.0,1573.18,36.51,16.68,2030.0,2540.0
2023,Nov,Samba/Thaladi,THIRUCHIRAPALLI,peas,vegetables,Sandy loam,6.5,7.5,60.0,70.0,556.06,27.86,11.31,900.0,1200.0
2024,Jun,Kuruvai/Sornavari,THIRUNELVELI,Mint,minor vegetables,Loamy soil,6.5,7.0,100.0,120.0,620.86,25.94,18.29,1000.0,1100.0
2022,Jan,Navarai/Kodai,VIRUDHUNAGAR,fodder maize,forage crops,Well drained sandy loam and clayey loam soils ,5.5,8.0,60.0,70.0,318.0,40.67,12.42,500.0,480.0
2024,Jan,Navarai/Kodai,THIRUVANNAMALAI,sugarcane,sugar crops,Clayey Loamy Soil/ Black Cotton Soil/ Red Loamy Soil/ Brown Loamy Soil,6.5,8.0,300.0,330.0,389.23,26.9,19.03,1500.0,2500.0
2021,Jun,Kuruvai/Sornavari,DHARMAPURI,french bean,vegetables,Well drained loamy soil,5.5,6.0,40.0,50.0,244.05,27.1,14.17,900.0,1200.0
2022,Jan,Navarai/Kodai,KARUR,dioscorea,Root&tuber,well-drained soil,6.0,6.5,270.0,300.0,1090.81,30.51,30.0,1000.0,2000.0
2023,Sep,Kuruvai/Sornavari,NAGAPATTINAM,castor,oil seeds,"Loams, silt loams, clay loams, or silty clay loams",5.0,8.5,120.0,160.0,246.75,26.08,23.7,500.0,500.0
2024,Aug,Kuruvai/Sornavari,NAGAPATTINAM,jute,fibre crop,Sandy and Clay Loam,6.0,7.5,120.0,140.0,821.15,36.88,28.31,1000.0,1300.0
2021,Apr,Navarai/Kodai,THE NILGRIS,celery,greenleafy,Silt Loam to loamy,6.0,8.5,120.0,150.0,460.31,25.99,16.78,1000.0,1000.0
2022,Feb,Navarai/Kodai,PUDUKKOTTAI,carrot,Root&tuber,light or sandy loam soil,6.0,7.0,75.0,75.0,617.76,25.0,14.14,1000.0,1000.0
2021,Nov,Samba/Thaladi,THIRUNELVELI,thinai,millets,"alluvial,loamy ",5.5,7.0,85.0,90.0,510.59,28.49,23.24,500.0,900.0
2022,Apr,Navarai/Kodai,THE NILGRIS,Bread fruit,minor vegetables,Sandy loam,6.1,7.4,100.0,100.0,1252.22,37.16,20.44,2030.0,2540.0
2024,Nov,Samba/Thaladi,PUDUKKOTTAI,bengalgram,pulses,medium to heavy black soil,5.5,7.0,90.0,120.0,283.54,25.22,23.47,650.0,1000.0
2024,Mar,Navarai/Kodai,NAMAKAL,amaranthus,greenleafy,Silt Loam to loamy,6.5,7.5,70.0,75.0,465.35,28.56,22.53,1000.0,1000.0
2024,Aug,Kuruvai/Sornavari,JAWAD HILLS,muyal masal,forage crops,Well drained sandy loam and clayey loam soils ,5.5,7.5,75.0,65.0,254.31,32.66,29.1,500.0,480.0
2024,Aug,Kuruvai/Sornavari,KANYAKUMARI,Turnip,minor vegetables,Loamy soil,5.5,6.8,42.0,56.0,376.37,22.04,10.45,900.0,1200.0
2023,Nov,Samba/Thaladi,ERODE,kudirai masi,forage crops,Well drained sandy loam and clayey loam soils ,6.5,7.5,45.0,55.0,83.54,32.93,26.02,300.0,350.0
2024,Feb,Navarai/Kodai,THIRUPPUR,gingely,oil seeds,"Loams, silt loams, clay loams, or silty clay loams",5.5,8.0,85.0,90.0,134.24,31.57,26.53,350.0,400.0
2023,Feb,Navarai/Kodai,COIMBATORE,rice,cereals,Alluvia or loamy and clayey soil,5.0,8.0,150.0,150.0,1448.85,37.68,24.8,900.0,2500.0
2021,Oct,Samba/Thaladi,DINDIGUL,fodder cowpea,forage crops,Well drained sandy loam and clayey loam soils ,5.0,6.5,50.0,65.0,143.53,31.51,23.6,300.0,350.0
2023,Oct,Samba/Thaladi,KRISHNAGIRI,redgram,pulses,deep loam soils,6.5,7.0,120.0,150.0,880.49,25.34,18.07,600.0,1400.0
2023,Dec,Samba/Thaladi,HILLY REGIONS OF SHEVROY,bitter gourd,vegetables,Well drained loamy soil,6.5,7.0,55.0,60.0,420.25,25.8,23.59,900.0,1200.0
2025,May,Navarai/Kodai,THE NILGRIS,safflower,oil seeds,"Loams, silt loams, clay loams, or silty clay loams",5.4,8.2,120.0,125.0,325.27,33.73,24.42,550.0,725.0
2024,Feb,Navarai/Kodai,KOLLI HILLS,Brussels sprout,minor vegetables,Sandy loam,6.5,6.8,12.0,12.0,353.64,25.45,15.35,900.0,1200.0
2022,Jul,Kuruvai/Sornavari,THOOTHUKUDI,tapoica,Root&tuber,Red lateritic loam,5.5,7.0,270.0,300.0,487.52,29.88,27.55,1000.0,1000.0
2022,Feb,Navarai/Kodai,SALEM,samai,millets,Loamy Soil,8.5,9.0,80.0,100.0,333.67,38.26,24.36,480.0,750.0
2022,Dec,Samba/Thaladi,MADURAI,ribbed gourd,vegetables,Sandy Loam,6.5,7.5,125.0,125.0,722.04,36.55,29.08,900.0,1200.0
2022,Jan,Navarai/Kodai,TANJORE,pumpkin,vegetables,Loamy soil/ Lateritic soil,6.0,7.0,115.0,120.0,642.8,27.41,21.5,900.0,1200.0
2021,Jan,Navarai/Kodai,THIRUCHIRAPALLI,carrot,Root&tuber,light or sandy loam soil,6.0,7.0,75.0,75.0,555.19,23.83,15.82,1000.0,1000.0
2021,Apr,Navarai/Kodai,KARUR,bottle gourd,vegetables,Sandy loam,6.0,6.7,120.0,120.0,533.82,26.58,17.35,900.0,1200.0
2023,Apr,Navarai/Kodai,THIRUNELVELI,ash gourd,vegetables,Sandy loam,6.0,6.7,120.0,120.0,382.77,31.31,26.18,900.0,1200.0
2025,Aug,Kuruvai/Sornavari,PUDUKKOTTAI,Rhubarb,minor vegetables,Sandy loam,6.0,6.8,56.0,70.0,330.74,25.56,10.0,900.0,1200.0
2025,Feb,Navarai/Kodai,CAUVERY,chinese potato,Root&tuber,well-drained soil,4.8,5.8,120.0,150.0,253.2,22.01,19.01,1000.0,1000.0
2021,Mar,Navarai/Kodai,TIRUVARUR,bitter gourd,vegetables,Well drained loamy soil,6.5,7.0,55.0,60.0,581.82,27.28,24.06,900.0,1200.0
2025,Nov,Samba/Thaladi,NAMAKAL,muyal masal,forage crops,Well drained sandy loam and clayey loam soils ,5.5,7.5,75.0,65.0,161.86,34.89,27.37,500.0,480.0
2025,Aug,Kuruvai/Sornavari,ERODE,Mint,minor vegetables,Loamy soil,6.5,7.0,100.0,120.0,369.55,25.23,18.84,1000.0,1100.0
2022,Nov,Samba/Thaladi,THALAVADI HILLS,redgram,pulses,deep loam soils,6.5,7.0,120.0,150.0,201.55,27.83,16.61,600.0,1400.0
2025,Mar,Navarai/Kodai,VELLORE,ash gourd,vegetables,Sandy loam,6.0,6.7,120.0,120.0,495.56,28.93,24.08,900.0,1200.0
2021,Jun,Kuruvai/Sornavari,ERODE,beetroot,Root&tuber,all types of friable soil,6.0,7.0,45.0,65.0,375.85,24.41,22.21,1000.0,1000.0
2024,Sep,Kuruvai/Sornavari,SIVAGANGAI,chinese potato,Root&tuber,well-drained soil,4.8,5.8,120.0,150.0,340.73,24.66,18.0,1000.0,1000.0
2024,Dec,Samba/Thaladi,TANJORE,beetroot,Root&tuber,all types of friable soil,6.0,7.0,45.0,65.0,625.35,24.68,20.39,1000.0,1000.0
2022,Mar,Navarai/Kodai,NAMAKAL,sorghum,millets,well-drained loamy soils,6.0,7.5,95.0,105.0,430.42,37.86,19.53,450.0,650.0
2022,Apr,Navarai/Kodai,PERAMBALUR,kudiraivali,millets,Loamy Soil,5.5,7.0,75.0,95.0,445.44,22.99,19.81,500.0,900.0
2024,Aug,Kuruvai/Sornavari,SALEM,kudiraivali,millets,Loamy Soil,5.5,7.0,75.0,95.0,484.2,24.52,18.16,500.0,900.0
2022,Aug,Kuruvai/Sornavari,COIMBATORE,dioscorea,Root&tuber,well-drained soil,6.0,6.5,270.0,300.0,1223.6,34.26,30.0,1000.0,2000.0
2025,May,Navarai/Kodai,THENI,Rhubarb,minor vegetables,Sandy loam,6.0,6.8,56.0,70.0,379.43,25.42,10.0,900.0,1200.0
2024,Sep,Kuruvai/Sornavari,NAMAKAL,Bread fruit,minor vegetables,Sandy loam,6.1,7.4,100.0,100.0,1318.4,36.17,17.96,2030.0,2540.0
2023,Jul,Kuruvai/Sornavari,VIRUDHUNAGAR,ragi,millets,"red, black, sandy, loamy and shallow black soils.",5.0,8.2,100.0,120.0,405.33,25.12,13.91,700.0,1200.0
2022,Jul,Kuruvai/Sornavari,JAWAD HILLS,vegetable cowpea,vegetables,Sandy loam,5.6,6.0,45.0,90.0,473.81,28.21,18.89,900.0,1200.0
2022,Dec,Samba/Thaladi,ARIYALUR,celery,greenleafy,Silt Loam to loamy,6.0,8.5,120.0,150.0,591.94,25.1,13.07,1000.0,1000.0
2024,Aug,Kuruvai/Sornavari,SIVAGANGAI,ash gourd,vegetables,Sandy loam,6.0,6.7,120.0,120.0,694.47,30.71,28.47,900.0,1200.0
2021,Sep,Kuruvai/Sornavari,THENI,muskmelon,vegetables,Sandy Loam,6.5,7.5,70.0,100.0,778.84,36.8,28.51,900.0,1200.0
2021,Apr,Navarai/Kodai,ERODE,thinai,millets,"alluvial,loamy ",5.5,7.0,85.0,90.0,439.15,27.1,23.42,500.0,900.0
2022,Sep,Kuruvai/Sornavari,ERODE,fodder cowpea,forage crops,Well drained sandy loam and clayey loam soils ,5.0,6.5,50.0,65.0,84.97,27.94,21.56,300.0,350.0
2025,Dec,Samba/Thaladi,TIRUVARUR,blackgram,pulses,sandy soils to heavy cotton soils,6.5,7.8,70.0,75.0,417.61,39.05,23.41,600.0,1000.0
2021,Apr,Navarai/Kodai,MADURAI,chillies,vegetables,Loamy soil/ Lateritic soil,6.0,6.8,120.0,120.0,196.59,31.52,25.36,500.0,500.0
2022,Aug,Kuruvai/Sornavari,KARUR,fodder maize,forage crops,Well drained sandy loam and clayey loam soils ,5.5,8.0,60.0,70.0,263.21,43.6,11.51,500.0,480.0
2024,Nov,Samba/Thaladi,CHENGLEPUT,soundal,forage crops,Well drained sandy loam and clayey loam soils ,5.5,7.5,40.0,80.0,147.33,36.3,21.66,500.0,480.0
2025,Nov,Samba/Thaladi,CAUVERY,peas,vegetables,Sandy loam,6.5,7.5,60.0,70.0,411.59,25.57,13.98,900.0,1200.0
2023,Sep,Kuruvai/Sornavari,THOOTHUKUDI,rice,cereals,Alluvia or loamy and clayey soil,5.0,8.0,150.0,150.0,539.92,35.74,21.2,900.0,2500.0
2021,May,Navarai/Kodai,NAMAKAL,blackgram,pulses,sandy soils to heavy cotton soils,6.5,7.8,70.0,75.0,360.59,43.06,24.87,600.0,1000.0
2023,Jul,Kuruvai/Sornavari,MADURAI,celery,greenleafy,Silt Loam to loamy,6.0,8.5,120.0,150.0,571.36,27.77,12.08,1000.0,1000.0
2023,Mar,Navarai/Kodai,THIRUNELVELI,cluster bean,vegetables,Sandy Loam,7.0,8.5,60.0,90.0,369.39,25.19,21.48,900.0,1200.0
2021,May,Navarai/Kodai,JAWAD HILLS,niger,oil seeds,"Loams, silt loams, clay loams, or silty clay loams",5.2,7.3,80.0,80.0,750.5,25.0,13.13,1000.0,1300.0
2025,Jan,Navarai/Kodai,NAGAPATTINAM,tomato,vegetables,Sandy loam,6.5,7.5,90.0,140.0,460.68,25.92,19.19,600.0,800.0
2023,Jul,Kuruvai/Sornavari,THIRUVANNAMALAI,tomato,vegetables,Sandy loam,6.5,7.5,90.0,140.0,467.37,27.6,21.93,600.0,800.0
2022,Dec,Samba/Thaladi,THIRUPPUR,Rhubarb,minor vegetables,Sandy loam,6.0,6.8,56.0,70.0,715.8,25.37,10.0,900.0,1200.0
2023,Feb,Navarai/Kodai,THOOTHUKUDI,jute,fibre crop,Sandy and Clay Loam,6.0,7.5,120.0,140.0,833.74,35.5,23.83,1000.0,1300.0
2024,Mar,Navarai/Kodai,MADURAI,tomato,vegetables,Sandy loam,6.5,7.5,90.0,140.0,177.97,31.23,21.03,600.0,800.0
2021,Nov,Samba/Thaladi,THIRUNELVELI,Winged Bean,minor vegetables,Sandy loam,7.0,12.0,42.0,42.0,391.16,31.93,26.74,900.0,1200.0
2024,Sep,Kuruvai/Sornavari,THIRUNELVELI,lablab,vegetables,Well drained loamy soil,6.5,8.5,70.0,75.0,675.22,34.49,26.47,900.0,1200.0
2023,Sep,Kuruvai/Sornavari,SIVAGANGAI,vegetable cowpea,vegetables,Sandy loam,5.6,6.0,45.0,90.0,518.72,28.19,21.73,900.0,1200.0
2025,Oct,Samba/Thaladi,SIVAGANGAI,kollukattai pullu,forage crops,Well drained sandy loam and clayey loam soils ,7.0,7.5,45.0,55.0,145.69,31.38,24.95,500.0,480.0
2022,Oct,Samba/Thaladi,ARIYALUR,gingely,oil seeds,"Loams, silt loams, clay loams, or silty clay loams",5.5,8.0,85.0,90.0,157.78,34.11,28.74,350.0,400.0
2025,Mar,Navarai/Kodai,NAGAPATTINAM,muskmelon,vegetables,Sandy Loam,6.5,7.5,70.0,100.0,266.07,30.31,28.25,900.0,1200.0
2025,Sep,Kuruvai/Sornavari,VILLUPURAM,fodder cowpea,forage crops,Well drained sandy loam and clayey loam soils ,5.0,6.5,50.0,65.0,229.61,25.54,23.67,300.0,350.0
2025,Mar,Navarai/Kodai,KOLLI HILLS,maize,millets,temperate podzols to the leached red soils of the tropics. ,5.5,7.0,105.0,110.0,405.59,25.59,16.93,500.0,800.0
2021,Jan,Navarai/Kodai,SALEM,varagu,millets,clay-based soil,5.5,6.5,120.0,120.0,196.84,26.4,23.8,500.0,900.0
2021,Aug,Kuruvai/Sornavari,SALEM,Chinese cabbage,minor vegetables,Sandy loam,5.5,7.0,50.0,80.0,568.18,24.73,19.03,900.0,1200.0
2023,Sep,Kuruvai/Sornavari,THIRUNELVELI,tapoica,Root&tuber,Red lateritic loam,5.5,7.0,270.0,300.0,389.41,28.33,29.53,1000.0,1000.0
2025,Jun,Kuruvai/Sornavari,TIRUVARUR,onion,vegetables, Any Loamy,5.8,6.5,100.0,120.0,246.02,25.79,23.72,350.0,550.0
2023,Nov,Samba/Thaladi,THIRUVALLUR,capsicum,vegetables,Loamy soil/ Lateritic soil,5.5,7.0,60.0,60.0,293.53,31.22,17.73,500.0,1200.0
2022,Mar,Navarai/Kodai,CHENGLEPUT,blackgram,pulses,sandy soils to heavy cotton soils,6.5,7.8,70.0,75.0,532.58,42.17,23.84,600.0,1000.0
2023,Jul,Kuruvai/Sornavari,THE NILGRIS,Chinese cabbage,minor vegetables,Sandy loam,5.5,7.0,50.0,80.0,651.51,24.52,15.38,900.0,1200.0
2023,Sep,Kuruvai/Sornavari,VIRUDHUNAGAR,Bread fruit,minor vegetables,Sandy loam,6.1,7.4,100.0,100.0,1377.97,36.07,20.21,2030.0,2540.0
2022,Apr,Navarai/Kodai,THOOTHUKUDI,sweet sorghum,sugar crops,Well drained sandy loam and clayey loam soils ,6.0,8.5,115.0,125.0,133.19,28.4,28.23,500.0,600.0
2024,Apr,Navarai/Kodai,VIRUDHUNAGAR,Cabbage,colecrops,LoamySandy,6.0,6.5,80.0,180.0,307.05,27.82,11.15,380.0,500.0
2021,Jan,Navarai/Kodai,THOOTHUKUDI,cumbu napier hybrid,forage crops,Well drained sandy loam and clayey loam soils ,5.0,8.6,45.0,55.0,351.26,25.19,23.1,800.0,1000.0
2021,Aug,Kuruvai/Sornavari,THE NILGRIS,Asparagus,minor vegetables,Sandy loam,6.0,6.7,730.0,730.0,730.9,30.33,15.56,900.0,1200.0
2023,Mar,Navarai/Kodai,PUDUKKOTTAI,Bread fruit,minor vegetables,Sandy loam,6.1,7.4,100.0,100.0,1358.06,33.28,18.27,2030.0,2540.0
2021,Feb,Navarai/Kodai,KRISHNAGIRI,cumbu napier hybrid,forage crops,Well drained sandy loam and clayey loam soils ,5.0,8.6,45.0,55.0,437.89,25.53,18.85,800.0,1000.0
2024,Mar,Navarai/Kodai,CUDDALORE,Chakravathi keerai,minor vegetables,Sandy loam,4.5,8.3,100.0,100.0,234.55,25.2,15.58,900.0,1200.0
2021,Aug,Kuruvai/Sornavari,PUDUKKOTTAI,pumpkin,vegetables,Loamy soil/ Lateritic soil,6.0,7.0,115.0,120.0,756.71,25.12,22.79,900.0,1200.0
2025,Jan,Navarai/Kodai,THOOTHUKUDI,safflower,oil seeds,"Loams, silt loams, clay loams, or silty clay loams",5.4,8.2,120.0,125.0,333.19,33.36,23.4,550.0,725.0
2021,Oct,Samba/Thaladi,KANCHEEPURAM,bottle gourd,vegetables,Sandy loam,6.0,6.7,120.0,120.0,444.94,26.18,21.29,900.0,1200.0
2023,May,Navarai/Kodai,KOLLI HILLS,tomato,vegetables,Sandy loam,6.5,7.5,90.0,140.0,386.92,27.91,16.12,600.0,800.0
2025,Aug,Kuruvai/Sornavari,CHENGLEPUT,ragi,millets,"red, black, sandy, loamy and shallow black soils.",5.0,8.2,100.0,120.0,312.85,25.33,12.42,700.0,1200.0
2022,Mar,Navarai/Kodai,THIRUPPUR,cucumber,vegetables,Loamy,6.5,7.5,120.0,120.0,978.56,33.03,27.49,1200.0,1500.0
2025,Nov,Samba/Thaladi,THIRUVANNAMALAI,bitter gourd,vegetables,Well drained loamy soil,6.5,7.0,55.0,60.0,245.22,29.96,23.44,900.0,1200.0
2024,Mar,Navarai/Kodai,MADURAI,tinda,vegetables,Sandy loam,6.5,7.5,70.0,70.0,342.56,26.02,24.3,900.0,1200.0
2022,Apr,Navarai/Kodai,NAGAPATTINAM,soundal,forage crops,Well drained sandy loam and clayey loam soils ,5.5,7.5,40.0,80.0,310.82,31.77,19.1,500.0,480.0
2025,Jul,Kuruvai/Sornavari,VIRUDHUNAGAR,Celery,minor vegetables,Sandy loam,5.8,6.8,120.0,150.0,485.48,24.0,15.42,900.0,1200.0
2024,Jul,Kuruvai/Sornavari,THIRUNELVELI,colocasia,Root&tuber,Well grained deep loamy moist and alluviual soil,5.5,7.0,150.0,180.0,451.82,31.19,23.6,1000.0,1000.0
2023,Oct,Samba/Thaladi,SALEM,velimasal,forage crops,Well drained sandy loam and clayey loam soils ,5.8,7.0,45.0,55.0,169.44,30.47,23.82,300.0,350.0
2023,Aug,Kuruvai/Sornavari,KARUR,horsegram,pulses, light to heavy soils ,6.0,7.5,100.0,105.0,273.93,37.87,24.14,800.0,800.0
2024,Jun,Kuruvai/Sornavari,DHARMAPURI,kudirai masi,forage crops,Well drained sandy loam and clayey loam soils ,6.5,7.5,45.0,55.0,116.33,30.49,23.18,300.0,350.0
2024,May,Navarai/Kodai,CUDDALORE,vegetable cowpea,vegetables,Sandy loam,5.6,6.0,45.0,90.0,794.61,30.39,22.23,900.0,1200.0
2025,Jun,Kuruvai/Sornavari,RAMANATHANPURAM,lablab,vegetables,Well drained loamy soil,6.5,8.5,70.0,75.0,798.78,36.23,25.01,900.0,1200.0
2021,Dec,Samba/Thaladi,PERAMBALUR,sugarcane,sugar crops,Clayey Loamy Soil/ Black Cotton Soil/ Red Loamy Soil/ Brown Loamy Soil,6.5,8.0,300.0,330.0,964.53,28.79,19.49,1500.0,2500.0
2025,Dec,Samba/Thaladi,THIRUNELVELI,onion,vegetables, Any Loamy,5.8,6.5,100.0,120.0,116.42,25.65,23.87,350.0,550.0
2023,Sep,Kuruvai/Sornavari,HILLY REGIONS OF SHEVROY,sugarcane,sugar crops,Clayey Loamy Soil/ Black Cotton Soil/ Red Loamy Soil/ Brown Loamy Soil,6.5,8.0,300.0,330.0,689.7,25.62,23.94,1500.0,2500.0
2025,Sep,Kuruvai/Sornavari,HILLY REGIONS OF SHEVROY,soyabean,pulses,"Well-drained, Loamy Soil",6.0,7.0,90.0,100.0,230.36,29.05,14.86,450.0,700.0
2022,Jul,Kuruvai/Sornavari,CAUVERY,sugarbeet,sugar crops,Well drained sandy loam and clayey loam soils ,6.0,8.0,150.0,180.0,223.32,26.84,15.86,600.0,800.0
2024,Jan,Navarai/Kodai,MADURAI,fodder cumbu,forage crops,Well drained sandy loam and clayey loam soils ,4.0,7.5,45.0,120.0,282.12,35.4,29.17,500.0,480.0
2023,Feb,Navarai/Kodai,KANYAKUMARI,fodder cumbu,forage crops,Well drained sandy loam and clayey loam soils ,4.0,7.5,45.0,120.0,178.59,32.39,28.83,500.0,480.0
2021,Sep,Kuruvai/Sornavari,SIVAGANGAI,bellary onion,minor vegetables,Sandy loam,5.8,6.5,150.0,150.0,472.02,25.13,12.62,900.0,1200.0
2024,Jul,Kuruvai/Sornavari,THALAVADI HILLS,niger,oil seeds,"Loams, silt loams, clay loams, or silty clay loams",5.2,7.3,80.0,80.0,716.6,25.0,11.64,1000.0,1300.0
2023,May,Navarai/Kodai,RAMANATHANPURAM,ragi,millets,"red, black, sandy, loamy and shallow black soils.",5.0,8.2,100.0,120.0,789.99,26.59,11.65,700.0,1200.0
2025,Jan,Navarai/Kodai,MADURAI,kudiraivali,millets,Loamy Soil,5.5,7.0,75.0,95.0,388.01,23.38,19.08,500.0,900.0
2021,Feb,Navarai/Kodai,THALAVADI HILLS,amaranthus,greenleafy,Silt Loam to loamy,6.5,7.5,70.0,75.0,431.75,30.58,22.71,1000.0,1000.0
2024,Aug,Kuruvai/Sornavari,THIRUVANNAMALAI,redgram,pulses,deep loam soils,6.5,7.0,120.0,150.0,239.41,28.5,16.74,600.0,1400.0
2024,Mar,Navarai/Kodai,PERAMBALUR,paprika,vegetables,Sandy loam,5.8,6.5,160.0,180.0,491.83,31.96,26.36,700.0,1000.0
2024,Mar,Navarai/Kodai,TANJORE,broadbean,vegetables,Well drained loamy soil,5.5,6.0,80.0,100.0,231.86,24.76,12.74,900.0,1200.0
2025,Aug,Kuruvai/Sornavari,KARUR,onion,vegetables, Any Loamy,5.8,6.5,100.0,120.0,349.35,25.47,20.02,350.0,550.0
2025,Feb,Navarai/Kodai,ARIYALUR,pumpkin,vegetables,Loamy soil/ Lateritic soil,6.0,7.0,115.0,120.0,712.38,26.32,22.2,900.0,1200.0
2024,Apr,Navarai/Kodai,ARIYALUR,Butter bean,minor vegetables,Sandy loam,6.0,7.0,80.0,100.0,492.55,26.0,21.22,900.0,1200.0
2025,Jun,Kuruvai/Sornavari,CHENGLEPUT,Basella,minor vegetables,Sandy loam,5.5,8.0,70.0,70.0,745.69,27.25,14.57,900.0,1200.0
2025,Dec,Samba/Thaladi,KRISHNAGIRI,swordbean,pulses, well-drained sandy loams or sandy soils ,5.0,6.0,110.0,120.0,934.75,35.72,15.91,900.0,1500.0
2024,Oct,Samba/Thaladi,THOOTHUKUDI,dioscorea,Root&tuber,well-drained soil,6.0,6.5,270.0,300.0,1111.2,35.43,30.0,1000.0,2000.0
2021,May,Navarai/Kodai,NAGAPATTINAM,chowchow,vegetables,Loamy soil/ Lateritic soil,5.5,6.5,150.0,150.0,852.4,24.57,16.44,1200.0,1500.0
2021,Dec,Samba/Thaladi,SIVAGANGAI,capsicum,vegetables,Loamy soil/ Lateritic soil,5.5,7.0,60.0,60.0,342.9,30.35,17.82,500.0,1200.0
2022,Aug,Kuruvai/Sornavari,THOOTHUKUDI,safflower,oil seeds,"Loams, silt loams, clay loams, or silty clay loams",5.4,8.2,120.0,125.0,231.37,33.32,26.13,550.0,725.0
2025,Nov,Samba/Thaladi,THIRUNELVELI,sunflower,oil seeds,"Loams, silt loams, clay loams, or silty clay loams",6.5,8.0,85.0,95.0,190.93,25.74,24.85,350.0,500.0
2023,Aug,Kuruvai/Sornavari,CUDDALORE,sweet potato,Root&tuber,well-drained soil,5.7,6.7,90.0,120.0,484.2,26.56,24.45,1000.0,1000.0
2021,Apr,Navarai/Kodai,KRISHNAGIRI,horsegram,pulses, light to heavy soils ,6.0,7.5,100.0,105.0,296.0,36.95,24.52,800.0,800.0
2024,Dec,Samba/Thaladi,CHENGLEPUT,pumpkin,vegetables,Loamy soil/ Lateritic soil,6.0,7.0,115.0,120.0,528.99,25.97,21.42,900.0,1200.0
2023,Jan,Navarai/Kodai,RAMANATHANPURAM,snake gourd,vegetables,Loamy soil/ Lateritic soil,6.0,6.7,90.0,90.0,241.25,26.9,20.54,900.0,1200.0
2021,Jul,Kuruvai/Sornavari,RAMANATHANPURAM,Turnip,minor vegetables,Loamy soil,5.5,6.8,42.0,56.0,550.82,18.78,11.63,900.0,1200.0
2025,Nov,Samba/Thaladi,VILLUPURAM,Asparagus,minor vegetables,Sandy loam,6.0,6.7,730.0,730.0,718.33,27.54,15.15,900.0,1200.0
2022,Jan,Navarai/Kodai,THIRUNELVELI,fieldlablab,pulses,Well drained loamy soil,6.2,7.0,105.0,105.0,664.46,28.69,17.48,650.0,1000.0
2021,Dec,Samba/Thaladi,THIRUVANNAMALAI,carrot,Root&tuber,light or sandy loam soil,6.0,7.0,75.0,75.0,628.49,24.02,14.65,1000.0,1000.0
2025,Aug,Kuruvai/Sornavari,SIVAGANGAI,cotton,fibre crop," black soils, (ii) red soils and (iii) alluvial soils.",7.0,8.0,135.0,140.0,497.13,29.72,19.45,700.0,1300.0
2021,Jul,Kuruvai/Sornavari,DHARMAPURI,sugarcane,sugar crops,Clayey Loamy Soil/ Black Cotton Soil/ Red Loamy Soil/ Brown Loamy Soil,6.5,8.0,300.0,330.0,1231.1,27.69,22.71,1500.0,2500.0
2023,Aug,Kuruvai/Sornavari,ARIYALUR,small onion,bulbvegetables,Sandy loam,6.0,7.0,70.0,90.0,212.04,26.56,15.9,650.0,750.0
2025,Sep,Kuruvai/Sornavari,VELLORE,jute,fibre crop,Sandy and Clay Loam,6.0,7.5,120.0,140.0,478.47,39.44,23.89,1000.0,1300.0
2021,Oct,Samba/Thaladi,NAGAPATTINAM,cotton,fibre crop," black soils, (ii) red soils and (iii) alluvial soils.",7.0,8.0,135.0,140.0,282.8,31.56,23.84,700.0,1300.0
2021,Aug,Kuruvai/Sornavari,TANJORE,peas,vegetables,Sandy loam,6.5,7.5,60.0,70.0,574.77,25.79,10.27,900.0,1200.0
2021,Nov,Samba/Thaladi,MADURAI,samai,millets,Loamy Soil,8.5,9.0,80.0,100.0,378.45,36.9,27.56,480.0,750.0
2021,Sep,Kuruvai/Sornavari,PERAMBALUR,sweet sorghum,sugar crops,Well drained sandy loam and clayey loam soils ,6.0,8.5,115.0,125.0,214.93,30.47,24.12,500.0,600.0
2022,Jan,Navarai/Kodai,THIRUNELVELI,vegetable cowpea,vegetables,Sandy loam,5.6,6.0,45.0,90.0,599.77,27.44,19.33,900.0,1200.0
2023,Oct,Samba/Thaladi,KARUR,tomato,vegetables,Sandy loam,6.5,7.5,90.0,140.0,334.96,27.86,17.48,600.0,800.0
2025,Aug,Kuruvai/Sornavari,THIRUNELVELI,Winged Bean,minor vegetables,Sandy loam,7.0,12.0,42.0,42.0,715.06,31.51,26.29,900.0,1200.0
2022,Oct,Samba/Thaladi,KANYAKUMARI,cluster bean,vegetables,Sandy Loam,7.0,8.5,60.0,90.0,554.86,25.02,22.79,900.0,1200.0
2025,May,Navarai/Kodai,SALEM,chowchow,vegetables,Loamy soil/ Lateritic soil,5.5,6.5,150.0,150.0,596.14,24.12,16.32,1200.0,1500.0
2021,Mar,Navarai/Kodai,THIRUNELVELI,kollukattai pullu,forage crops,Well drained sandy loam and clayey loam soils ,7.0,7.5,45.0,55.0,222.31,31.01,24.7,500.0,480.0
2021,Sep,Kuruvai/Sornavari,THIRUPPUR,watermelon,vegetables,Sandy,6.0,7.5,70.0,85.0,676.57,26.65,23.06,900.0,1200.0
2025,Feb,Navarai/Kodai,TANJORE,gherkins,vegetables,Sandy loam,5.8,7.0,90.0,90.0,630.38,33.8,17.04,900.0,1200.0
2024,Feb,Navarai/Kodai,COIMBATORE,Ceylon spinach,minor vegetables,Sandy loam,6.5,7.0,40.0,50.0,435.06,24.31,13.33,900.0,1200.0
2022,Oct,Samba/Thaladi,JAWAD HILLS,french bean,vegetables,Well drained loamy soil,5.5,6.0,40.0,50.0,358.98,27.21,11.43,900.0,1200.0
2021,May,Navarai/Kodai,VILLUPURAM,Celery,minor vegetables,Sandy loam,5.8,6.8,120.0,150.0,327.62,22.99,13.12,900.0,1200.0
2021,Nov,Samba/Thaladi,JAWAD HILLS,Ceylon spinach,minor vegetables,Sandy loam,6.5,7.0,40.0,50.0,392.48,24.91,12.64,900.0,1200.0
2023,Aug,Kuruvai/Sornavari,TIRUVARUR,muskmelon,vegetables,Sandy Loam,6.5,7.5,70.0,100.0,312.86,30.94,23.18,900.0,1200.0
2022,Apr,Navarai/Kodai,HILLY REGIONS OF SHEVROY,fodder cumbu,forage crops,Well drained sandy loam and clayey loam soils ,4.0,7.5,45.0,120.0,141.51,34.48,24.82,500.0,480.0
2023,Aug,Kuruvai/Sornavari,THOOTHUKUDI,tomato,vegetables,Sandy loam,6.5,7.5,90.0,140.0,265.99,27.91,17.86,600.0,800.0
2024,Nov,Samba/Thaladi,THALAVADI HILLS,Coccinia,minor vegetables,Sandy loam,6.0,6.5,90.0,90.0,691.96,30.38,22.69,900.0,1200.0
2021,May,Navarai/Kodai,VIRUDHUNAGAR,kollukattai pullu,forage crops,Well drained sandy loam and clayey loam soils ,7.0,7.5,45.0,55.0,199.09,26.69,21.57,500.0,480.0
2023,Mar,Navarai/Kodai,CUDDALORE,redgram,pulses,deep loam soils,6.5,7.0,120.0,150.0,698.81,29.05,20.85,600.0,1400.0
2025,Sep,Kuruvai/Sornavari,VIRUDHUNAGAR,Winged Bean,minor vegetables,Sandy loam,7.0,12.0,42.0,42.0,634.83,26.13,25.8,900.0,1200.0
2024,Mar,Navarai/Kodai,DINDIGUL,cowpea,pulses, well-drained sandy loams or sandy soils ,5.0,6.5,60.0,90.0,451.11,26.77,21.15,400.0,700.0
2025,Jan,Navarai/Kodai,PERAMBALUR,ribbed gourd,vegetables,Sandy Loam,6.5,7.5,125.0,125.0,472.72,33.82,25.81,900.0,1200.0
2023,May,Navarai/Kodai,DINDIGUL,carrot,Root&tuber,light or sandy loam soil,6.0,7.0,75.0,75.0,399.44,22.52,13.23,1000.0,1000.0
2021,Sep,Kuruvai/Sornavari,TANJORE,sweet potato,Root&tuber,well-drained soil,5.7,6.7,90.0,120.0,475.34,27.95,20.1,1000.0,1000.0
2022,Jun,Kuruvai/Sornavari,THIRUNELVELI,jute,fibre crop,Sandy and Clay Loam,6.0,7.5,120.0,140.0,415.8,33.88,25.71,1000.0,1300.0
2022,Dec,Samba/Thaladi,JAWAD HILLS,Cabbage,colecrops,LoamySandy,6.0,6.5,80.0,180.0,274.34,27.9,10.57,380.0,500.0
2022,May,Navarai/Kodai,NAGAPATTINAM,maize,millets,temperate podzols to the leached red soils of the tropics. ,5.5,7.0,105.0,110.0,371.14,26.12,18.88,500.0,800.0
2024,Jun,Kuruvai/Sornavari,THIRUNELVELI,Brussels sprout,minor vegetables,Sandy loam,6.5,6.8,12.0,12.0,459.84,26.37,19.42,900.0,1200.0
2021,Apr,Navarai/Kodai,RAMANATHANPURAM,small onion,bulbvegetables,Sandy loam,6.0,7.0,70.0,90.0,452.1,25.17,18.44,650.0,750.0
2022,May,Navarai/Kodai,THOOTHUKUDI,ribbed gourd,vegetables,Sandy Loam,6.5,7.5,125.0,125.0,261.94,31.09,28.53,900.0,1200.0
2021,Mar,Navarai/Kodai,CHENGLEPUT,Ceylon spinach,minor vegetables,Sandy loam,6.5,7.0,40.0,50.0,388.07,24.58,14.31,900.0,1200.0
2024,May,Navarai/Kodai,PERAMBALUR,soyabean,pulses,"Well-drained, Loamy Soil",6.0,7.0,90.0,100.0,202.65,27.48,18.79,450.0,700.0
2023,May,Navarai/Kodai,PERAMBALUR,chowchow,vegetables,Loamy soil/ Lateritic soil,5.5,6.5,150.0,150.0,774.01,24.38,18.23,1200.0,1500.0
2025,Jan,Navarai/Kodai,DHARMAPURI,gardenlablab,pulses,wide range of soils,6.0,7.0,75.0,100.0,418.14,32.97,22.35,650.0,1000.0
2022,Jul,Kuruvai/Sornavari,DHARMAPURI,capsicum,vegetables,Loamy soil/ Lateritic soil,5.5,7.0,60.0,60.0,192.64,30.82,15.56,500.0,1200.0
2024,Feb,Navarai/Kodai,THENI,fodder cowpea,forage crops,Well drained sandy loam and clayey loam soils ,5.0,6.5,50.0,65.0,221.74,26.13,22.91,300.0,350.0
2024,May,Navarai/Kodai,ERODE,Cabbage,colecrops,LoamySandy,6.0,6.5,80.0,180.0,127.11,27.89,11.33,380.0,500.0
2024,Nov,Samba/Thaladi,VILLUPURAM,snake gourd,vegetables,Loamy soil/ Lateritic soil,6.0,6.7,90.0,90.0,243.92,26.29,16.47,900.0,1200.0
2024,Feb,Navarai/Kodai,THENI,cowpea,pulses, well-drained sandy loams or sandy soils ,5.0,6.5,60.0,90.0,241.39,25.35,22.39,400.0,700.0
2023,Aug,Kuruvai/Sornavari,THIRUCHIRAPALLI,redgram,pulses,deep loam soils,6.5,7.0,120.0,150.0,754.35,27.09,17.94,600.0,1400.0
2021,Jun,Kuruvai/Sornavari,KANCHEEPURAM,chowchow,vegetables,Loamy soil/ Lateritic soil,5.5,6.5,150.0,150.0,728.87,24.97,16.28,1200.0,1500.0
2021,Feb,Navarai/Kodai,KARUR,velimasal,forage crops,Well drained sandy loam and clayey loam soils ,5.8,7.0,45.0,55.0,82.78,34.09,29.44,300.0,350.0
2022,Aug,Kuruvai/Sornavari,RAMANATHANPURAM,chinese potato,Root&tuber,well-drained soil,4.8,5.8,120.0,150.0,475.6,24.5,14.01,1000.0,1000.0
2024,Dec,Samba/Thaladi,THENI,broadbean,vegetables,Well drained loamy soil,5.5,6.0,80.0,100.0,553.31,24.05,13.0,900.0,1200.0
2021,May,Navarai/Kodai,VILLUPURAM,groundnut,oil seeds,Well-drained sandy loam or sandy clay loam soil ,6.5,7.0,140.0,150.0,444.39,43.54,14.62,500.0,700.0
2023,Jul,Kuruvai/Sornavari,VIRUDHUNAGAR,bengalgram,pulses,medium to heavy black soil,5.5,7.0,90.0,120.0,544.18,31.33,23.72,650.0,1000.0
2025,May,Navarai/Kodai,CAUVERY,gherkins,vegetables,Sandy loam,5.8,7.0,90.0,90.0,612.94,32.36,16.49,900.0,1200.0
2025,Dec,Samba/Thaladi,THIRUVANNAMALAI,jute,fibre crop,Sandy and Clay Loam,6.0,7.5,120.0,140.0,404.1,38.03,24.01,1000.0,1300.0
2022,Jan,Navarai/Kodai,KARUR,bitter gourd,vegetables,Well drained loamy soil,6.5,7.0,55.0,60.0,475.12,28.37,27.72,900.0,1200.0
2025,Jun,Kuruvai/Sornavari,ERODE,ragi,millets,"red, black, sandy, loamy and shallow black soils.",5.0,8.2,100.0,120.0,202.29,28.49,12.6,700.0,1200.0
2025,Jul,Kuruvai/Sornavari,VELLORE,elephant foot yam,Root&tuber,Rich red loamy soil,5.5,7.0,240.0,240.0,429.28,34.85,28.46,1000.0,1500.0
2021,Dec,Samba/Thaladi,PERAMBALUR,tapoica,Root&tuber,Red lateritic loam,5.5,7.0,270.0,300.0,519.92,26.95,25.17,1000.0,1000.0
2025,Aug,Kuruvai/Sornavari,TIRUVARUR,amaranthus,greenleafy,Silt Loam to loamy,6.5,7.5,70.0,75.0,627.12,31.7,19.71,1000.0,1000.0
2025,Feb,Navarai/Kodai,JAWAD HILLS,niger,oil seeds,"Loams, silt loams, clay loams, or silty clay loams",5.2,7.3,80.0,80.0,718.2,25.0,13.14,1000.0,1300.0
2021,Nov,Samba/Thaladi,RAMANATHANPURAM,annual moringa,vegetables,Sandy loam,6.5,8.0,210.0,240.0,474.84,32.48,29.98,900.0,1200.0
2023,May,Navarai/Kodai,PERAMBALUR,swordbean,pulses, well-drained sandy loams or sandy soils ,5.0,6.0,110.0,120.0,261.58,33.85,16.2,900.0,1500.0
2025,Sep,Kuruvai/Sornavari,KARUR,Knol-khol,minor vegetables,Sandy loam,5.5,7.0,50.0,65.0,606.84,31.7,13.69,900.0,1200.0
2023,Jul,Kuruvai/Sornavari,KANCHEEPURAM,Asparagus,minor vegetables,Sandy loam,6.0,6.7,730.0,730.0,796.88,31.53,14.46,900.0,1200.0
2023,Jan,Navarai/Kodai,VIRUDHUNAGAR,Lettuce,minor vegetables,Sandy loam,6.0,6.5,45.0,55.0,423.78,24.9,17.29,900.0,1200.0
2022,Mar,Navarai/Kodai,MADURAI,Knol-khol,minor vegetables,Sandy loam,5.5,7.0,50.0,65.0,671.7,32.38,13.63,900.0,1200.0
2025,May,Navarai/Kodai,VILLUPURAM,rice,cereals,Alluvia or loamy and clayey soil,5.0,8.0,150.0,150.0,969.82,36.22,24.88,900.0,2500.0
2021,Aug,Kuruvai/Sornavari,THALAVADI HILLS,vegetable cowpea,vegetables,Sandy loam,5.6,6.0,45.0,90.0,766.32,26.97,18.52,900.0,1200.0
2022,Sep,Kuruvai/Sornavari,KANCHEEPURAM,annual moringa,vegetables,Sandy loam,6.5,8.0,210.0,240.0,477.46,32.29,27.91,900.0,1200.0
2024,Apr,Navarai/Kodai,THIRUVANNAMALAI,maize,millets,temperate podzols to the leached red soils of the tropics. ,5.5,7.0,105.0,110.0,198.53,26.6,20.88,500.0,800.0
2023,May,Navarai/Kodai,SIVAGANGAI,muskmelon,vegetables,Sandy Loam,6.5,7.5,70.0,100.0,573.25,31.15,26.24,900.0,1200.0
2023,Jul,Kuruvai/Sornavari,VILLUPURAM,french bean,vegetables,Well drained loamy soil,5.5,6.0,40.0,50.0,248.57,28.65,12.3,900.0,1200.0
2023,Jun,Kuruvai/Sornavari,THE NILGRIS,castor,oil seeds,"Loams, silt loams, clay loams, or silty clay loams",5.0,8.5,120.0,160.0,219.02,25.13,22.02,500.0,500.0
2024,Apr,Navarai/Kodai,DHARMAPURI,niger,oil seeds,"Loams, silt loams, clay loams, or silty clay loams",5.2,7.3,80.0,80.0,589.52,25.0,12.7,1000.0,1300.0
2023,Jun,Kuruvai/Sornavari,DHARMAPURI,niger,oil seeds,"Loams, silt loams, clay loams, or silty clay loams",5.2,7.3,80.0,80.0,274.63,25.0,14.07,1000.0,1300.0
2025,Jul,Kuruvai/Sornavari,KRISHNAGIRI,bitter gourd,vegetables,Well drained loamy soil,6.5,7.0,55.0,60.0,698.71,25.02,23.19,900.0,1200.0
2024,May,Navarai/Kodai,ARIYALUR,paprika,vegetables,Sandy loam,5.8,6.5,160.0,180.0,193.83,29.17,28.96,700.0,1000.0
2022,May,Navarai/Kodai,CAUVERY,Bread fruit,minor vegetables,Sandy loam,6.1,7.4,100.0,100.0,1138.72,37.11,16.31,2030.0,2540.0
2024,Mar,Navarai/Kodai,CAUVERY,fodder maize,forage crops,Well drained sandy loam and clayey loam soils ,5.5,8.0,60.0,70.0,169.55,43.4,12.53,500.0,480.0
2024,Nov,Samba/Thaladi,THIRUVALLUR,chowchow,vegetables,Loamy soil/ Lateritic soil,5.5,6.5,150.0,150.0,615.85,24.53,21.79,1200.0,1500.0
2023,Apr,Navarai/Kodai,COIMBATORE,Turnip,minor vegetables,Loamy soil,5.5,6.8,42.0,56.0,558.38,22.67,13.63,900.0,1200.0
2023,Feb,Navarai/Kodai,HILLY REGIONS OF SHEVROY,bhendi,vegetables,Loamy soil/ Lateritic soil,6.0,6.8,55.0,65.0,1274.97,25.7,26.17,1200.0,2200.0
2022,May,Navarai/Kodai,VELLORE,samai,millets,Loamy Soil,8.5,9.0,80.0,100.0,422.27,37.43,27.99,480.0,750.0
2023,Nov,Samba/Thaladi,THOOTHUKUDI,snake gourd,vegetables,Loamy soil/ Lateritic soil,6.0,6.7,90.0,90.0,746.01,28.28,16.41,900.0,1200.0
2024,Dec,Samba/Thaladi,VIRUDHUNAGAR,peas,vegetables,Sandy loam,6.5,7.5,60.0,70.0,403.71,30.38,11.32,900.0,1200.0
2023,May,Navarai/Kodai,JAWAD HILLS,castor,oil seeds,"Loams, silt loams, clay loams, or silty clay loams",5.0,8.5,120.0,160.0,305.54,27.62,20.89,500.0,500.0
2021,Nov,Samba/Thaladi,THIRUCHIRAPALLI,chinese potato,Root&tuber,well-drained soil,4.8,5.8,120.0,150.0,257.38,24.63,13.42,1000.0,1000.0
2023,Jul,Kuruvai/Sornavari,THE NILGRIS,castor,oil seeds,"Loams, silt loams, clay loams, or silty clay loams",5.0,8.5,120.0,160.0,147.04,27.1,25.31,500.0,500.0
2023,Jul,Kuruvai/Sornavari,RAMANATHANPURAM,Phaseolus lunatus,minor vegetables,Sandy loam,6.0,6.8,90.0,90.0,521.4,28.34,14.9,900.0,2000.0
2022,Feb,Navarai/Kodai,PERAMBALUR,bengalgram,pulses,medium to heavy black soil,5.5,7.0,90.0,120.0,353.96,26.97,19.21,650.0,1000.0
2024,Mar,Navarai/Kodai,NAMAKAL,swordbean,pulses, well-drained sandy loams or sandy soils ,5.0,6.0,110.0,120.0,946.39,32.94,10.32,900.0,1500.0
2021,Mar,Navarai/Kodai,KARUR,velimasal,forage crops,Well drained sandy loam and clayey loam soils ,5.8,7.0,45.0,55.0,213.75,35.98,24.69,300.0,350.0
2025,Jan,Navarai/Kodai,KANYAKUMARI,sweet potato,Root&tuber,well-drained soil,5.7,6.7,90.0,120.0,660.94,27.21,22.19,1000.0,1000.0
2024,Mar,Navarai/Kodai,RAMANATHANPURAM,ash gourd,vegetables,Sandy loam,6.0,6.7,120.0,120.0,577.74,30.68,23.28,900.0,1200.0
2022,Jul,Kuruvai/Sornavari,KANYAKUMARI,lablab,vegetables,Well drained loamy soil,6.5,8.5,70.0,75.0,459.02,33.43,23.01,900.0,1200.0
2023,Nov,Samba/Thaladi,THIRUVANNAMALAI,Brussels sprout,minor vegetables,Sandy loam,6.5,6.8,12.0,12.0,317.94,25.63,17.98,900.0,1200.0
2021,Dec,Samba/Thaladi,THIRUCHIRAPALLI,kollukattai pullu,forage crops,Well drained sandy loam and clayey loam soils ,7.0,7.5,45.0,55.0,129.32,26.73,21.15,500.0,480.0
2023,Sep,Kuruvai/Sornavari,NAMAKAL,peas,vegetables,Sandy loam,6.5,7.5,60.0,70.0,775.26,26.73,11.22,900.0,1200.0
2025,Oct,Samba/Thaladi,HILLY REGIONS OF SHEVROY,niger,oil seeds,"Loams, silt loams, clay loams, or silty clay loams",5.2,7.3,80.0,80.0,812.27,25.0,14.5,1000.0,1300.0
2023,Jun,Kuruvai/Sornavari,THOOTHUKUDI,samai,millets,Loamy Soil,8.5,9.0,80.0,100.0,490.73,39.86,26.08,480.0,750.0
2023,Jun,Kuruvai/Sornavari,THIRUNELVELI,velimasal,forage crops,Well drained sandy loam and clayey loam soils ,5.8,7.0,45.0,55.0,197.47,31.19,28.33,300.0,350.0
2022,Jan,Navarai/Kodai,TANJORE,tinda,vegetables,Sandy loam,6.5,7.5,70.0,70.0,665.85,28.28,29.22,900.0,1200.0
2022,Nov,Samba/Thaladi,DINDIGUL,fodder cowpea,forage crops,Well drained sandy loam and clayey loam soils ,5.0,6.5,50.0,65.0,124.15,30.73,22.49,300.0,350.0
2022,Feb,Navarai/Kodai,CAUVERY,Chakravathi keerai,minor vegetables,Sandy loam,4.5,8.3,100.0,100.0,440.2,25.62,17.08,900.0,1200.0
2023,Nov,Samba/Thaladi,THE NILGRIS,bottle gourd,vegetables,Sandy loam,6.0,6.7,120.0,120.0,388.93,26.58,17.26,900.0,1200.0
2025,Apr,Navarai/Kodai,THIRUNELVELI,safflower,oil seeds,"Loams, silt loams, clay loams, or silty clay loams",5.4,8.2,120.0,125.0,297.69,31.75,25.82,550.0,725.0
2021,May,Navarai/Kodai,VILLUPURAM,Ceylon spinach,minor vegetables,Sandy loam,6.5,7.0,40.0,50.0,670.06,24.13,10.55,900.0,1200.0
2021,Jul,Kuruvai/Sornavari,SALEM,soyabean,pulses,"Well-drained, Loamy Soil",6.0,7.0,90.0,100.0,304.14,29.9,19.71,450.0,700.0
2024,Apr,Navarai/Kodai,RAMANATHANPURAM,broadbean,vegetables,Well drained loamy soil,5.5,6.0,80.0,100.0,460.22,24.4,10.6,900.0,1200.0
2025,May,Navarai/Kodai,RAMANATHANPURAM,fodder maize,forage crops,Well drained sandy loam and clayey loam soils ,5.5,8.0,60.0,70.0,168.12,44.42,11.73,500.0,480.0
2025,Jun,Kuruvai/Sornavari,CUDDALORE,groundnut,oil seeds,Well-drained sandy loam or sandy clay loam soil ,6.5,7.0,140.0,150.0,417.31,43.48,14.21,500.0,700.0
2023,Dec,Samba/Thaladi,THIRUVALLUR,fodder cumbu,forage crops,Well drained sandy loam and clayey loam soils ,4.0,7.5,45.0,120.0,255.7,36.33,25.24,500.0,480.0
2023,May,Navarai/Kodai,JAWAD HILLS,watermelon,vegetables,Sandy,6.0,7.5,70.0,85.0,796.37,28.35,28.57,900.0,1200.0
2024,Oct,Samba/Thaladi,KRISHNAGIRI,capsicum,vegetables,Loamy soil/ Lateritic soil,5.5,7.0,60.0,60.0,189.3,31.75,14.4,500.0,1200.0
2025,Mar,Navarai/Kodai,KOLLI HILLS,bottle gourd,vegetables,Sandy loam,6.0,6.7,120.0,120.0,278.14,27.56,19.06,900.0,1200.0
2021,Feb,Navarai/Kodai,PERAMBALUR,gingely,oil seeds,"Loams, silt loams, clay loams, or silty clay loams",5.5,8.0,85.0,90.0,210.97,33.33,28.3,350.0,400.0
2021,Jun,Kuruvai/Sornavari,CUDDALORE,watermelon,vegetables,Sandy,6.0,7.5,70.0,85.0,768.95,25.91,22.9,900.0,1200.0
2025,Jun,Kuruvai/Sornavari,DHARMAPURI,panivaragu,millets,sandy loam to clays of black cotton soils,5.5,7.0,70.0,75.0,99.44,41.87,12.63,330.0,350.0
2024,Jun,Kuruvai/Sornavari,KANCHEEPURAM,fieldlablab,pulses,Well drained loamy soil,6.2,7.0,105.0,105.0,231.65,28.94,21.63,650.0,1000.0
2022,Oct,Samba/Thaladi,VELLORE,cowpea,pulses, well-drained sandy loams or sandy soils ,5.0,6.5,60.0,90.0,331.84,29.49,22.7,400.0,700.0
2025,Mar,Navarai/Kodai,CUDDALORE,onion,vegetables, Any Loamy,5.8,6.5,100.0,120.0,218.86,25.99,23.67,350.0,550.0
2024,Jun,Kuruvai/Sornavari,THIRUPPUR,chillies,vegetables,Loamy soil/ Lateritic soil,6.0,6.8,120.0,120.0,210.24,30.44,25.38,500.0,500.0
2025,Nov,Samba/Thaladi,VELLORE,watermelon,vegetables,Sandy,6.0,7.5,70.0,85.0,417.43,27.1,27.31,900.0,1200.0
2022,May,Navarai/Kodai,SIVAGANGAI,Pearl millet,millets,"clay, clay loam, or sandy loam soils",5.5,7.5,75.0,85.0,152.32,40.53,10.98,350.0,500.0
2021,Feb,Navarai/Kodai,VIRUDHUNAGAR,Turnip,minor vegetables,Loamy soil,5.5,6.8,42.0,56.0,785.34,18.25,10.73,900.0,1200.0
2022,Apr,Navarai/Kodai,DINDIGUL,kollukattai pullu,forage crops,Well drained sandy loam and clayey loam soils ,7.0,7.5,45.0,55.0,267.48,31.28,22.45,500.0,480.0
2024,Dec,Samba/Thaladi,SALEM,kudiraivali,millets,Loamy Soil,5.5,7.0,75.0,95.0,308.12,22.12,20.73,500.0,900.0
2023,Apr,Navarai/Kodai,TIRUVARUR,sugarcane,sugar crops,Clayey Loamy Soil/ Black Cotton Soil/ Red Loamy Soil/ Brown Loamy Soil,6.5,8.0,300.0,330.0,1162.97,27.88,21.51,1500.0,2500.0
2025,Feb,Navarai/Kodai,SALEM,carrot,Root&tuber,light or sandy loam soil,6.0,7.0,75.0,75.0,279.55,24.34,15.17,1000.0,1000.0
2023,Jun,Kuruvai/Sornavari,PUDUKKOTTAI,chillies,vegetables,Loamy soil/ Lateritic soil,6.0,6.8,120.0,120.0,262.25,27.18,23.24,500.0,500.0
2022,Dec,Samba/Thaladi,CHENGLEPUT,bottle gourd,vegetables,Sandy loam,6.0,6.7,120.0,120.0,385.26,25.14,17.83,900.0,1200.0
2022,Mar,Navarai/Kodai,PUDUKKOTTAI,vegetable cowpea,vegetables,Sandy loam,5.6,6.0,45.0,90.0,755.73,31.6,20.04,900.0,1200.0
2023,Jan,Navarai/Kodai,ERODE,rice,cereals,Alluvia or loamy and clayey soil,5.0,8.0,150.0,150.0,1504.07,40.11,22.46,900.0,2500.0
2021,Sep,Kuruvai/Sornavari,DHARMAPURI,redgram,pulses,deep loam soils,6.5,7.0,120.0,150.0,561.62,30.0,18.05,600.0,1400.0
2024,Aug,Kuruvai/Sornavari,CHENGLEPUT,pumpkin,vegetables,Loamy soil/ Lateritic soil,6.0,7.0,115.0,120.0,769.4,25.7,21.42,900.0,1200.0
2025,Jul,Kuruvai/Sornavari,JAWAD HILLS,tomato,vegetables,Sandy loam,6.5,7.5,90.0,140.0,395.35,27.72,18.63,600.0,800.0
2021,Apr,Navarai/Kodai,THIRUVALLUR,brinjal,vegetables,Loamy soil/ Lateritic soil,6.0,7.5,100.0,150.0,677.01,29.62,18.55,900.0,1200.0
2025,May,Navarai/Kodai,ERODE,wheat,cereals,Well Drained,6.0,7.0,80.0,90.0,256.38,25.57,23.42,450.0,650.0
2023,Aug,Kuruvai/Sornavari,COIMBATORE,kudirai masi,forage crops,Well drained sandy loam and clayey loam soils ,6.5,7.5,45.0,55.0,155.79,31.07,28.64,300.0,350.0
2023,Jul,Kuruvai/Sornavari,KARUR,paprika,vegetables,Sandy loam,5.8,6.5,160.0,180.0,359.49,33.65,28.98,700.0,1000.0
2025,Sep,Kuruvai/Sornavari,THIRUVANNAMALAI,rice,cereals,Alluvia or loamy and clayey soil,5.0,8.0,150.0,150.0,1573.87,41.21,23.96,900.0,2500.0
2025,Feb,Navarai/Kodai,PERAMBALUR,groundnut,oil seeds,Well-drained sandy loam or sandy clay loam soil ,6.5,7.0,140.0,150.0,352.8,43.85,14.08,500.0,700.0
2023,Dec,Samba/Thaladi,KANCHEEPURAM,blackgram,pulses,sandy soils to heavy cotton soils,6.5,7.8,70.0,75.0,441.91,42.79,18.91,600.0,1000.0
2022,May,Navarai/Kodai,PUDUKKOTTAI,sweet potato,Root&tuber,well-drained soil,5.7,6.7,90.0,120.0,665.11,26.5,21.32,1000.0,1000.0
2023,Apr,Navarai/Kodai,THOOTHUKUDI,swordbean,pulses, well-drained sandy loams or sandy soils ,5.0,6.0,110.0,120.0,332.92,31.99,12.13,900.0,1500.0
2022,Aug,Kuruvai/Sornavari,PUDUKKOTTAI,fodder cumbu,forage crops,Well drained sandy loam and clayey loam soils ,4.0,7.5,45.0,120.0,134.1,36.92,24.17,500.0,480.0
2024,Jan,Navarai/Kodai,SIVAGANGAI,Pearl millet,millets,"clay, clay loam, or sandy loam soils",5.5,7.5,75.0,85.0,100.99,43.98,15.22,350.0,500.0
2025,Mar,Navarai/Kodai,SALEM,colocasia,Root&tuber,Well grained deep loamy moist and alluviual soil,5.5,7.0,150.0,180.0,407.78,34.0,20.15,1000.0,1000.0
2021,Aug,Kuruvai/Sornavari,CAUVERY,curry leaf,greenleafy,Red sandy loam,5.2,5.5,90.0,85.0,385.48,32.72,27.86,1000.0,1000.0
2023,Oct,Samba/Thaladi,THOOTHUKUDI,sweet sorghum,sugar crops,Well drained sandy loam and clayey loam soils ,6.0,8.5,115.0,125.0,165.43,27.03,29.29,500.0,600.0
2022,Nov,Samba/Thaladi,THOOTHUKUDI,blackgram,pulses,sandy soils to heavy cotton soils,6.5,7.8,70.0,75.0,565.13,38.63,19.97,600.0,1000.0
2021,Dec,Samba/Thaladi,THIRUVALLUR,cucumber,vegetables,Loamy,6.5,7.5,120.0,120.0,527.83,31.3,28.23,1200.0,1500.0
2025,Oct,Samba/Thaladi,PUDUKKOTTAI,Phaseolus lunatus,minor vegetables,Sandy loam,6.0,6.8,90.0,90.0,1294.42,25.7,16.71,900.0,2000.0
2022,Feb,Navarai/Kodai,NAMAKAL,snake gourd,vegetables,Loamy soil/ Lateritic soil,6.0,6.7,90.0,90.0,683.41,26.05,22.86,900.0,1200.0
2025,Oct,Samba/Thaladi,THIRUCHIRAPALLI,redgram,pulses,deep loam soils,6.5,7.0,120.0,150.0,181.56,26.24,21.05,600.0,1400.0
2021,Aug,Kuruvai/Sornavari,THIRUNELVELI,chillies,vegetables,Loamy soil/ Lateritic soil,6.0,6.8,120.0,120.0,213.46,29.07,22.18,500.0,500.0
2021,Jun,Kuruvai/Sornavari,VILLUPURAM,annual moringa,vegetables,Sandy loam,6.5,8.0,210.0,240.0,449.57,35.67,27.09,900.0,1200.0
2025,Feb,Navarai/Kodai,VELLORE,vegetable cowpea,vegetables,Sandy loam,5.6,6.0,45.0,90.0,481.11,29.08,19.0,900.0,1200.0
2025,Jun,Kuruvai/Sornavari,THIRUVALLUR,bottle gourd,vegetables,Sandy loam,6.0,6.7,120.0,120.0,701.41,28.7,21.68,900.0,1200.0
2022,Apr,Navarai/Kodai,VIRUDHUNAGAR,chowchow,vegetables,Loamy soil/ Lateritic soil,5.5,6.5,150.0,150.0,995.98,24.01,21.77,1200.0,1500.0
2023,Feb,Navarai/Kodai,KANCHEEPURAM,Chekurmanis,minor vegetables,Sandy loam,5.5,7.5,90.0,120.0,750.18,31.18,26.17,900.0,1200.0
2023,Mar,Navarai/Kodai,VILLUPURAM,sunflower,oil seeds,"Loams, silt loams, clay loams, or silty clay loams",6.5,8.0,85.0,95.0,101.32,25.64,24.47,350.0,500.0
2023,Dec,Samba/Thaladi,CUDDALORE,Cabbage,colecrops,LoamySandy,6.0,6.5,80.0,180.0,294.54,25.39,10.7,380.0,500.0
2024,Nov,Samba/Thaladi,ARIYALUR,ribbed gourd,vegetables,Sandy Loam,6.5,7.5,125.0,125.0,573.11,30.96,26.86,900.0,1200.0
2023,Jan,Navarai/Kodai,THIRUPPUR,chillies,vegetables,Loamy soil/ Lateritic soil,6.0,6.8,120.0,120.0,139.79,30.35,25.08,500.0,500.0
2021,Jun,Kuruvai/Sornavari,DINDIGUL,pumpkin,vegetables,Loamy soil/ Lateritic soil,6.0,7.0,115.0,120.0,375.15,27.54,21.91,900.0,1200.0
2024,Sep,Kuruvai/Sornavari,KOLLI HILLS,velimasal,forage crops,Well drained sandy loam and clayey loam soils ,5.8,7.0,45.0,55.0,219.79,33.21,27.62,300.0,350.0
2025,Aug,Kuruvai/Sornavari,VELLORE,wheat,cereals,Well Drained,6.0,7.0,80.0,90.0,130.43,25.97,25.97,450.0,650.0
2021,Feb,Navarai/Kodai,DHARMAPURI,radish,Root&tuber,Well grained deep loamy moist and alluviual soil,5.5,6.8,21.0,21.0,602.47,22.96,13.46,1000.0,1000.0
2023,Apr,Navarai/Kodai,COIMBATORE,Winged Bean,minor vegetables,Sandy loam,7.0,12.0,42.0,42.0,318.43,25.18,24.8,900.0,1200.0
2022,Feb,Navarai/Kodai,THALAVADI HILLS,watermelon,vegetables,Sandy,6.0,7.5,70.0,85.0,678.72,26.27,28.7,900.0,1200.0
2024,Feb,Navarai/Kodai,SALEM,bhendi,vegetables,Loamy soil/ Lateritic soil,6.0,6.8,55.0,65.0,380.49,27.52,25.71,1200.0,2200.0
2023,Sep,Kuruvai/Sornavari,HILLY REGIONS OF SHEVROY,Ceylon spinach,minor vegetables,Sandy loam,6.5,7.0,40.0,50.0,620.79,24.05,13.68,900.0,1200.0
2025,Dec,Samba/Thaladi,KRISHNAGIRI,chillies,vegetables,Loamy soil/ Lateritic soil,6.0,6.8,120.0,120.0,242.67,28.77,24.12,500.0,500.0
2025,Jul,Kuruvai/Sornavari,DINDIGUL,Cabbage,colecrops,LoamySandy,6.0,6.5,80.0,180.0,167.48,26.12,11.82,380.0,500.0
2023,Jul,Kuruvai/Sornavari,THE NILGRIS,bellary onion,minor vegetables,Sandy loam,5.8,6.5,150.0,150.0,463.97,25.69,15.57,900.0,1200.0
2022,Aug,Kuruvai/Sornavari,DINDIGUL,Basella,minor vegetables,Sandy loam,5.5,8.0,70.0,70.0,554.17,27.3,18.36,900.0,1200.0
2022,Dec,Samba/Thaladi,CHENGLEPUT,Coccinia,minor vegetables,Sandy loam,6.0,6.5,90.0,90.0,683.63,32.19,18.92,900.0,1200.0
2022,Oct,Samba/Thaladi,THENI,wheat,cereals,Well Drained,6.0,7.0,80.0,90.0,312.34,25.77,20.51,450.0,650.0
2025,May,Navarai/Kodai,PERAMBALUR,fodder cholam,forage crops,Well drained sandy loam and clayey loam soils ,5.5,7.5,1095.0,1095.0,95.17,31.59,24.96,300.0,350.0
2023,Nov,Samba/Thaladi,VILLUPURAM,jute,fibre crop,Sandy and Clay Loam,6.0,7.5,120.0,140.0,624.74,36.67,28.74,1000.0,1300.0
2021,Nov,Samba/Thaladi,THIRUVALLUR,lablab,vegetables,Well drained loamy soil,6.5,8.5,70.0,75.0,494.27,31.91,24.48,900.0,1200.0
2025,Mar,Navarai/Kodai,COIMBATORE,tapoica,Root&tuber,Red lateritic loam,5.5,7.0,270.0,300.0,273.55,28.64,25.66,1000.0,1000.0
2025,Jul,Kuruvai/Sornavari,KANCHEEPURAM,paprika,vegetables,Sandy loam,5.8,6.5,160.0,180.0,369.25,30.34,22.93,700.0,1000.0
2024,Apr,Navarai/Kodai,SALEM,carrot,Root&tuber,light or sandy loam soil,6.0,7.0,75.0,75.0,390.87,22.9,13.07,1000.0,1000.0
2023,Mar,Navarai/Kodai,DINDIGUL,fodder cholam,forage crops,Well drained sandy loam and clayey loam soils ,5.5,7.5,1095.0,1095.0,227.09,36.45,24.37,300.0,350.0
2023,Jan,Navarai/Kodai,ARIYALUR,muskmelon,vegetables,Sandy Loam,6.5,7.5,70.0,100.0,284.81,34.86,25.36,900.0,1200.0
2025,Aug,Kuruvai/Sornavari,KANYAKUMARI,ribbed gourd,vegetables,Sandy Loam,6.5,7.5,125.0,125.0,441.06,31.31,27.58,900.0,1200.0
2023,Jun,Kuruvai/Sornavari,KRISHNAGIRI,radish,Root&tuber,Well grained deep loamy moist and alluviual soil,5.5,6.8,21.0,21.0,262.08,22.25,12.96,1000.0,1000.0
2025,Mar,Navarai/Kodai,SALEM,castor,oil seeds,"Loams, silt loams, clay loams, or silty clay loams",5.0,8.5,120.0,160.0,125.82,25.16,20.8,500.0,500.0
2024,Feb,Navarai/Kodai,SALEM,Chinese cabbage,minor vegetables,Sandy loam,5.5,7.0,50.0,80.0,399.17,24.52,18.25,900.0,1200.0
2024,May,Navarai/Kodai,THIRUVALLUR,snake gourd,vegetables,Loamy soil/ Lateritic soil,6.0,6.7,90.0,90.0,524.86,26.06,20.35,900.0,1200.0
2024,May,Navarai/Kodai,ERODE,annual moringa,vegetables,Sandy loam,6.5,8.0,210.0,240.0,378.63,33.77,25.1,900.0,1200.0
2023,Dec,Samba/Thaladi,THALAVADI HILLS,Rhubarb,minor vegetables,Sandy loam,6.0,6.8,56.0,70.0,584.38,25.5,10.0,900.0,1200.0
2025,Jul,Kuruvai/Sornavari,VILLUPURAM,Ceylon spinach,minor vegetables,Sandy loam,6.5,7.0,40.0,50.0,667.52,24.26,13.9,900.0,1200.0
2021,May,Navarai/Kodai,PUDUKKOTTAI,Coccinia,minor vegetables,Sandy loam,6.0,6.5,90.0,90.0,600.16,32.06,21.04,900.0,1200.0
2021,Jun,Kuruvai/Sornavari,COIMBATORE,blackgram,pulses,sandy soils to heavy cotton soils,6.5,7.8,70.0,75.0,664.66,42.65,21.34,600.0,1000.0
2023,Nov,Samba/Thaladi,KARUR,guinea grass,forage crops,Well drained sandy loam and clayey loam soils ,5.0,7.0,45.0,55.0,280.59,39.28,16.13,1000.0,480.0
2021,Sep,Kuruvai/Sornavari,PUDUKKOTTAI,Knol-khol,minor vegetables,Sandy loam,5.5,7.0,50.0,65.0,769.43,28.97,16.24,900.0,1200.0
2022,Mar,Navarai/Kodai,CAUVERY,Brussels sprout,minor vegetables,Sandy loam,6.5,6.8,12.0,12.0,640.58,25.14,17.17,900.0,1200.0
2025,Oct,Samba/Thaladi,MADURAI,bengalgram,pulses,medium to heavy black soil,5.5,7.0,90.0,120.0,329.94,29.58,22.33,650.0,1000.0
2022,Jun,Kuruvai/Sornavari,NAGAPATTINAM,varagu,millets,clay-based soil,5.5,6.5,120.0,120.0,559.67,28.19,25.77,500.0,900.0
2021,Feb,Navarai/Kodai,THIRUCHIRAPALLI,peas,vegetables,Sandy loam,6.5,7.5,60.0,70.0,421.12,27.27,13.95,900.0,1200.0
2022,Jul,Kuruvai/Sornavari,KANCHEEPURAM,Chekurmanis,minor vegetables,Sandy loam,5.5,7.5,90.0,120.0,364.82,34.57,25.92,900.0,1200.0
2021,Aug,Kuruvai/Sornavari,DHARMAPURI,swordbean,pulses, well-drained sandy loams or sandy soils ,5.0,6.0,110.0,120.0,385.1,33.57,11.03,900.0,1500.0
2022,May,Navarai/Kodai,VILLUPURAM,snake gourd,vegetables,Loamy soil/ Lateritic soil,6.0,6.7,90.0,90.0,797.48,26.07,21.74,900.0,1200.0
2022,May,Navarai/Kodai,THIRUPPUR,Palak,minor vegetables,Sandy loam,6.5,7.0,37.0,45.0,278.76,28.77,11.39,900.0,1200.0
2021,Nov,Samba/Thaladi,RAMANATHANPURAM,safflower,oil seeds,"Loams, silt loams, clay loams, or silty clay loams",5.4,8.2,120.0,125.0,143.61,31.53,20.38,550.0,725.0
2022,Oct,Samba/Thaladi,NAGAPATTINAM,watermelon,vegetables,Sandy,6.0,7.5,70.0,85.0,720.0,26.5,23.97,900.0,1200.0
2021,Sep,Kuruvai/Sornavari,THENI,broadbean,vegetables,Well drained loamy soil,5.5,6.0,80.0,100.0,454.13,24.5,14.56,900.0,1200.0
2022,Dec,Samba/Thaladi,SALEM,carrot,Root&tuber,light or sandy loam soil,6.0,7.0,75.0,75.0,419.22,24.97,17.35,1000.0,1000.0
2024,Aug,Kuruvai/Sornavari,TANJORE,Ceylon spinach,minor vegetables,Sandy loam,6.5,7.0,40.0,50.0,537.94,24.89,14.33,900.0,1200.0
2023,Mar,Navarai/Kodai,NAGAPATTINAM,Pearl millet,millets,"clay, clay loam, or sandy loam soils",5.5,7.5,75.0,85.0,234.58,42.06,14.93,350.0,500.0
2024,Sep,Kuruvai/Sornavari,ERODE,Mint,minor vegetables,Loamy soil,6.5,7.0,100.0,120.0,651.74,25.74,23.45,1000.0,1100.0
2025,Aug,Kuruvai/Sornavari,ERODE,muskmelon,vegetables,Sandy Loam,6.5,7.5,70.0,100.0,437.73,35.31,23.83,900.0,1200.0
2021,Dec,Samba/Thaladi,THIRUPPUR,cumbu napier hybrid,forage crops,Well drained sandy loam and clayey loam soils ,5.0,8.6,45.0,55.0,626.93,25.04,18.25,800.0,1000.0
2025,Jun,Kuruvai/Sornavari,PERAMBALUR,tinda,vegetables,Sandy loam,6.5,7.5,70.0,70.0,604.27,31.66,28.53,900.0,1200.0
2025,Feb,Navarai/Kodai,CAUVERY,sugarbeet,sugar crops,Well drained sandy loam and clayey loam soils ,6.0,8.0,150.0,180.0,246.89,26.87,14.29,600.0,800.0
2023,Dec,Samba/Thaladi,SIVAGANGAI,ash gourd,vegetables,Sandy loam,6.0,6.7,120.0,120.0,249.95,27.44,26.58,900.0,1200.0
2023,May,Navarai/Kodai,THE NILGRIS,Brussels sprout,minor vegetables,Sandy loam,6.5,6.8,12.0,12.0,227.01,26.63,13.26,900.0,1200.0
2025,Sep,Kuruvai/Sornavari,NAMAKAL,kudiraivali,millets,Loamy Soil,5.5,7.0,75.0,95.0,350.88,23.81,18.28,500.0,900.0
2024,Nov,Samba/Thaladi,THOOTHUKUDI,Basella,minor vegetables,Sandy loam,5.5,8.0,70.0,70.0,365.04,33.25,17.48,900.0,1200.0
2021,Apr,Navarai/Kodai,KRISHNAGIRI,colocasia,Root&tuber,Well grained deep loamy moist and alluviual soil,5.5,7.0,150.0,180.0,594.7,35.18,22.63,1000.0,1000.0
2021,Jan,Navarai/Kodai,NAMAKAL,lablab,vegetables,Well drained loamy soil,6.5,8.5,70.0,75.0,482.15,33.88,20.88,900.0,1200.0
2024,Mar,Navarai/Kodai,KARUR,bengalgram,pulses,medium to heavy black soil,5.5,7.0,90.0,120.0,272.36,27.49,18.32,650.0,1000.0
2023,Oct,Samba/Thaladi,KANCHEEPURAM,gherkins,vegetables,Sandy loam,5.8,7.0,90.0,90.0,565.65,34.57,17.59,900.0,1200.0
2022,Mar,Navarai/Kodai,KOLLI HILLS,Cabbage,colecrops,LoamySandy,6.0,6.5,80.0,180.0,232.87,26.41,11.9,380.0,500.0
2025,Feb,Navarai/Kodai,VELLORE,chillies,vegetables,Loamy soil/ Lateritic soil,6.0,6.8,120.0,120.0,253.08,27.5,23.04,500.0,500.0
2024,Sep,Kuruvai/Sornavari,VELLORE,sugarcane,sugar crops,Clayey Loamy Soil/ Black Cotton Soil/ Red Loamy Soil/ Brown Loamy Soil,6.5,8.0,300.0,330.0,743.37,25.64,20.15,1500.0,2500.0
2024,Feb,Navarai/Kodai,VIRUDHUNAGAR,swordbean,pulses, well-drained sandy loams or sandy soils ,5.0,6.0,110.0,120.0,747.0,37.27,15.97,900.0,1500.0
2022,Nov,Samba/Thaladi,MADURAI,Basella,minor vegetables,Sandy loam,5.5,8.0,70.0,70.0,669.49,31.01,18.22,900.0,1200.0
2025,Jul,Kuruvai/Sornavari,THIRUVALLUR,Brussels sprout,minor vegetables,Sandy loam,6.5,6.8,12.0,12.0,230.85,25.13,15.09,900.0,1200.0
2021,Aug,Kuruvai/Sornavari,KOLLI HILLS,small onion,bulbvegetables,Sandy loam,6.0,7.0,70.0,90.0,276.42,26.09,15.54,650.0,750.0
2023,Jan,Navarai/Kodai,CAUVERY,Butter bean,minor vegetables,Sandy loam,6.0,7.0,80.0,100.0,697.39,25.94,22.02,900.0,1200.0
2024,Jan,Navarai/Kodai,PERAMBALUR,Turnip,minor vegetables,Loamy soil,5.5,6.8,42.0,56.0,457.92,20.18,11.75,900.0,1200.0
2023,Mar,Navarai/Kodai,DINDIGUL,guinea grass,forage crops,Well drained sandy loam and clayey loam soils ,5.0,7.0,45.0,55.0,255.99,37.3,18.55,1000.0,480.0
2025,Nov,Samba/Thaladi,THE NILGRIS,Butter bean,minor vegetables,Sandy loam,6.0,7.0,80.0,100.0,702.52,25.89,19.03,900.0,1200.0
2021,Sep,Kuruvai/Sornavari,VILLUPURAM,fieldlablab,pulses,Well drained loamy soil,6.2,7.0,105.0,105.0,365.34,31.57,18.9,650.0,1000.0
2024,Mar,Navarai/Kodai,NAGAPATTINAM,Knol-khol,minor vegetables,Sandy loam,5.5,7.0,50.0,65.0,457.49,28.98,16.95,900.0,1200.0
2024,Aug,Kuruvai/Sornavari,VELLORE,groundnut,oil seeds,Well-drained sandy loam or sandy clay loam soil ,6.5,7.0,140.0,150.0,278.87,43.21,14.04,500.0,700.0
2025,Nov,Samba/Thaladi,CAUVERY,Coccinia,minor vegetables,Sandy loam,6.0,6.5,90.0,90.0,683.94,32.0,22.38,900.0,1200.0
2021,Aug,Kuruvai/Sornavari,THIRUNELVELI,cotton,fibre crop," black soils, (ii) red soils and (iii) alluvial soils.",7.0,8.0,135.0,140.0,237.13,25.11,21.52,700.0,1300.0
2022,Nov,Samba/Thaladi,MADURAI,safflower,oil seeds,"Loams, silt loams, clay loams, or silty clay loams",5.4,8.2,120.0,125.0,437.87,36.55,26.86,550.0,725.0
2025,Aug,Kuruvai/Sornavari,MADURAI,cowpea,pulses, well-drained sandy loams or sandy soils ,5.0,6.5,60.0,90.0,207.21,25.45,23.77,400.0,700.0
2025,Nov,Samba/Thaladi,THIRUPPUR,ragi,millets,"red, black, sandy, loamy and shallow black soils.",5.0,8.2,100.0,120.0,200.07,26.48,15.93,700.0,1200.0
2022,Jul,Kuruvai/Sornavari,CUDDALORE,maize,millets,temperate podzols to the leached red soils of the tropics. ,5.5,7.0,105.0,110.0,505.86,27.45,18.93,500.0,800.0
2025,Dec,Samba/Thaladi,THALAVADI HILLS,Pearl millet,millets,"clay, clay loam, or sandy loam soils",5.5,7.5,75.0,85.0,109.99,42.96,14.06,350.0,500.0
2025,Sep,Kuruvai/Sornavari,TIRUVARUR,safflower,oil seeds,"Loams, silt loams, clay loams, or silty clay loams",5.4,8.2,120.0,125.0,147.26,30.88,22.67,550.0,725.0
2024,Aug,Kuruvai/Sornavari,MADURAI,bengalgram,pulses,medium to heavy black soil,5.5,7.0,90.0,120.0,462.4,26.5,18.47,650.0,1000.0
2022,Nov,Samba/Thaladi,MADURAI,panivaragu,millets,sandy loam to clays of black cotton soils,5.5,7.0,70.0,75.0,104.15,40.63,10.66,330.0,350.0
2025,Sep,Kuruvai/Sornavari,THIRUNELVELI,paprika,vegetables,Sandy loam,5.8,6.5,160.0,180.0,531.93,33.96,22.8,700.0,1000.0
2024,Jun,Kuruvai/Sornavari,KARUR,greengram,pulses,well-drained sandy loams or sandy soils ,6.5,7.5,100.0,100.0,372.84,35.31,24.98,850.0,1000.0
2024,Jun,Kuruvai/Sornavari,TIRUVARUR,lablab,vegetables,Well drained loamy soil,6.5,8.5,70.0,75.0,634.75,35.49,26.38,900.0,1200.0
2025,Apr,Navarai/Kodai,THIRUVANNAMALAI,small onion,bulbvegetables,Sandy loam,6.0,7.0,70.0,90.0,378.97,26.57,16.09,650.0,750.0
2022,Aug,Kuruvai/Sornavari,VELLORE,Palak,minor vegetables,Sandy loam,6.5,7.0,37.0,45.0,282.42,27.39,13.58,900.0,1200.0
2025,Mar,Navarai/Kodai,CUDDALORE,small onion,bulbvegetables,Sandy loam,6.0,7.0,70.0,90.0,177.64,25.15,15.07,650.0,750.0
2021,Dec,Samba/Thaladi,THIRUVANNAMALAI,amaranthus,greenleafy,Silt Loam to loamy,6.5,7.5,70.0,75.0,458.03,30.43,19.93,1000.0,1000.0
2022,Nov,Samba/Thaladi,KARUR,gingely,oil seeds,"Loams, silt loams, clay loams, or silty clay loams",5.5,8.0,85.0,90.0,178.96,31.08,26.08,350.0,400.0
2025,Aug,Kuruvai/Sornavari,KANYAKUMARI,snake gourd,vegetables,Loamy soil/ Lateritic soil,6.0,6.7,90.0,90.0,680.0,25.27,17.18,900.0,1200.0
2021,Apr,Navarai/Kodai,COIMBATORE,Butter bean,minor vegetables,Sandy loam,6.0,7.0,80.0,100.0,604.82,27.67,22.19,900.0,1200.0
2022,Oct,Samba/Thaladi,THE NILGRIS,onion,vegetables, Any Loamy,5.8,6.5,100.0,120.0,117.68,26.66,18.76,350.0,550.0
2022,Jan,Navarai/Kodai,THOOTHUKUDI,fodder cholam,forage crops,Well drained sandy loam and clayey loam soils ,5.5,7.5,1095.0,1095.0,210.63,33.69,28.77,300.0,350.0
2024,Jun,Kuruvai/Sornavari,NAMAKAL,sweet potato,Root&tuber,well-drained soil,5.7,6.7,90.0,120.0,458.82,25.2,24.12,1000.0,1000.0
2025,Jul,Kuruvai/Sornavari,THENI,Asparagus,minor vegetables,Sandy loam,6.0,6.7,730.0,730.0,729.39,31.98,18.41,900.0,1200.0
2023,Sep,Kuruvai/Sornavari,DINDIGUL,cauliflower,colecrops,LoamySandy,6.5,6.8,55.0,100.0,183.48,28.19,10.0,380.0,500.0
2022,Jun,Kuruvai/Sornavari,THIRUVALLUR,Butter bean,minor vegetables,Sandy loam,6.0,7.0,80.0,100.0,723.78,26.04,16.99,900.0,1200.0
2023,Aug,Kuruvai/Sornavari,THE NILGRIS,pumpkin,vegetables,Loamy soil/ Lateritic soil,6.0,7.0,115.0,120.0,362.78,25.36,16.9,900.0,1200.0
2023,Jul,Kuruvai/Sornavari,RAMANATHANPURAM,chinese potato,Root&tuber,well-drained soil,4.8,5.8,120.0,150.0,506.22,24.69,16.07,1000.0,1000.0
2024,Oct,Samba/Thaladi,THENI,tomato,vegetables,Sandy loam,6.5,7.5,90.0,140.0,334.1,30.98,21.92,600.0,800.0
2022,Mar,Navarai/Kodai,TANJORE,paprika,vegetables,Sandy loam,5.8,6.5,160.0,180.0,433.81,27.17,24.68,700.0,1000.0
2025,Nov,Samba/Thaladi,THOOTHUKUDI,rice,cereals,Alluvia or loamy and clayey soil,5.0,8.0,150.0,150.0,456.83,39.64,18.04,900.0,2500.0
2022,May,Navarai/Kodai,ERODE,wheat,cereals,Well Drained,6.0,7.0,80.0,90.0,337.71,25.8,23.55,450.0,650.0
2022,May,Navarai/Kodai,NAGAPATTINAM,cowpea,pulses, well-drained sandy loams or sandy soils ,5.0,6.5,60.0,90.0,107.26,26.14,19.31,400.0,700.0
2022,May,Navarai/Kodai,MADURAI,fodder cowpea,forage crops,Well drained sandy loam and clayey loam soils ,5.0,6.5,50.0,65.0,117.52,30.22,21.65,300.0,350.0
2023,Mar,Navarai/Kodai,THE NILGRIS,bottle gourd,vegetables,Sandy loam,6.0,6.7,120.0,120.0,466.3,27.26,21.06,900.0,1200.0
2024,Feb,Navarai/Kodai,TANJORE,sweet potato,Root&tuber,well-drained soil,5.7,6.7,90.0,120.0,616.1,26.63,20.05,1000.0,1000.0
2021,Jun,Kuruvai/Sornavari,KARUR,cowpea,pulses, well-drained sandy loams or sandy soils ,5.0,6.5,60.0,90.0,301.41,29.7,21.05,400.0,700.0
2024,Jun,Kuruvai/Sornavari,THIRUVANNAMALAI,Butter bean,minor vegetables,Sandy loam,6.0,7.0,80.0,100.0,794.47,28.52,19.25,900.0,1200.0
2022,Apr,Navarai/Kodai,MADURAI,Rhubarb,minor vegetables,Sandy loam,6.0,6.8,56.0,70.0,593.57,25.43,10.0,900.0,1200.0
2024,Jun,Kuruvai/Sornavari,KARUR,Celery,minor vegetables,Sandy loam,5.8,6.8,120.0,150.0,414.9,22.58,14.93,900.0,1200.0
2025,Oct,Samba/Thaladi,TANJORE,guinea grass,forage crops,Well drained sandy loam and clayey loam soils ,5.0,7.0,45.0,55.0,286.04,37.03,15.96,1000.0,480.0
2024,Nov,Samba/Thaladi,THENI,paprika,vegetables,Sandy loam,5.8,6.5,160.0,180.0,179.11,27.07,22.16,700.0,1000.0
2023,May,Navarai/Kodai,VIRUDHUNAGAR,peas,vegetables,Sandy loam,6.5,7.5,60.0,70.0,470.89,30.17,13.69,900.0,1200.0
2022,Feb,Navarai/Kodai,JAWAD HILLS,dioscorea,Root&tuber,well-drained soil,6.0,6.5,270.0,300.0,588.57,29.55,30.0,1000.0,2000.0
2021,Apr,Navarai/Kodai,THIRUPPUR,paprika,vegetables,Sandy loam,5.8,6.5,160.0,180.0,364.31,28.51,26.59,700.0,1000.0
2025,Nov,Samba/Thaladi,KANCHEEPURAM,muskmelon,vegetables,Sandy Loam,6.5,7.5,70.0,100.0,259.55,33.65,27.13,900.0,1200.0
2021,Apr,Navarai/Kodai,PERAMBALUR,curry leaf,greenleafy,Red sandy loam,5.2,5.5,90.0,85.0,444.44,34.48,24.36,1000.0,1000.0
2021,Nov,Samba/Thaladi,CAUVERY,fieldlablab,pulses,Well drained loamy soil,6.2,7.0,105.0,105.0,277.89,29.95,18.72,650.0,1000.0
2022,Jan,Navarai/Kodai,THE NILGRIS,guinea grass,forage crops,Well drained sandy loam and clayey loam soils ,5.0,7.0,45.0,55.0,254.1,34.79,13.89,1000.0,480.0
2021,Apr,Navarai/Kodai,DINDIGUL,vegetable cowpea,vegetables,Sandy loam,5.6,6.0,45.0,90.0,237.73,27.21,23.34,900.0,1200.0
2023,Jun,Kuruvai/Sornavari,COIMBATORE,kudirai masi,forage crops,Well drained sandy loam and clayey loam soils ,6.5,7.5,45.0,55.0,173.7,36.6,28.83,300.0,350.0
2022,May,Navarai/Kodai,PUDUKKOTTAI,Knol-khol,minor vegetables,Sandy loam,5.5,7.0,50.0,65.0,797.74,33.86,16.48,900.0,1200.0
2025,Oct,Samba/Thaladi,THIRUVALLUR,swordbean,pulses, well-drained sandy loams or sandy soils ,5.0,6.0,110.0,120.0,876.0,36.16,13.76,900.0,1500.0
2023,Dec,Samba/Thaladi,THIRUVANNAMALAI,muyal masal,forage crops,Well drained sandy loam and clayey loam soils ,5.5,7.5,75.0,65.0,276.55,32.81,29.64,500.0,480.0
2025,Dec,Samba/Thaladi,THIRUNELVELI,tapoica,Root&tuber,Red lateritic loam,5.5,7.0,270.0,300.0,620.59,30.11,23.96,1000.0,1000.0
2024,Oct,Samba/Thaladi,HILLY REGIONS OF SHEVROY,Phaseolus lunatus,minor vegetables,Sandy loam,6.0,6.8,90.0,90.0,405.9,26.04,19.86,900.0,2000.0
2024,Mar,Navarai/Kodai,TANJORE,soyabean,pulses,"Well-drained, Loamy Soil",6.0,7.0,90.0,100.0,236.41,31.12,19.57,450.0,700.0
2025,May,Navarai/Kodai,DHARMAPURI,tapoica,Root&tuber,Red lateritic loam,5.5,7.0,270.0,300.0,629.84,25.9,25.94,1000.0,1000.0
2024,Nov,Samba/Thaladi,SALEM,bellary onion,minor vegetables,Sandy loam,5.8,6.5,150.0,150.0,586.27,25.34,16.76,900.0,1200.0
2022,Nov,Samba/Thaladi,MADURAI,samai,millets,Loamy Soil,8.5,9.0,80.0,100.0,313.7,37.42,25.43,480.0,750.0
2022,Aug,Kuruvai/Sornavari,THIRUVALLUR,gingely,oil seeds,"Loams, silt loams, clay loams, or silty clay loams",5.5,8.0,85.0,90.0,172.11,36.23,24.84,350.0,400.0
2025,Dec,Samba/Thaladi,CAUVERY,sweet potato,Root&tuber,well-drained soil,5.7,6.7,90.0,120.0,549.91,27.56,19.55,1000.0,1000.0
2022,Oct,Samba/Thaladi,SIVAGANGAI,bitter gourd,vegetables,Well drained loamy soil,6.5,7.0,55.0,60.0,584.58,31.63,23.55,900.0,1200.0
2021,Jul,Kuruvai/Sornavari,VIRUDHUNAGAR,broadbean,vegetables,Well drained loamy soil,5.5,6.0,80.0,100.0,776.82,24.11,13.3,900.0,1200.0
2021,May,Navarai/Kodai,KARUR,Mint,minor vegetables,Loamy soil,6.5,7.0,100.0,120.0,389.95,25.52,19.58,1000.0,1100.0
2023,Nov,Samba/Thaladi,THIRUVANNAMALAI,horsegram,pulses, light to heavy soils ,6.0,7.5,100.0,105.0,420.93,36.96,25.32,800.0,800.0
2024,Jul,Kuruvai/Sornavari,THIRUVALLUR,Chakravathi keerai,minor vegetables,Sandy loam,4.5,8.3,100.0,100.0,435.25,25.98,17.52,900.0,1200.0
2022,Aug,Kuruvai/Sornavari,KANYAKUMARI,amaranthus,greenleafy,Silt Loam to loamy,6.5,7.5,70.0,75.0,488.03,29.96,24.74,1000.0,1000.0
2023,May,Navarai/Kodai,NAGAPATTINAM,bitter gourd,vegetables,Well drained loamy soil,6.5,7.0,55.0,60.0,776.91,26.52,25.34,900.0,1200.0
2023,Dec,Samba/Thaladi,KRISHNAGIRI,gingely,oil seeds,"Loams, silt loams, clay loams, or silty clay loams",5.5,8.0,85.0,90.0,229.76,35.47,26.39,350.0,400.0
2023,Sep,Kuruvai/Sornavari,THALAVADI HILLS,velimasal,forage crops,Well drained sandy loam and clayey loam soils ,5.8,7.0,45.0,55.0,159.17,35.43,28.63,300.0,350.0
2021,Sep,Kuruvai/Sornavari,KANCHEEPURAM,chinese potato,Root&tuber,well-drained soil,4.8,5.8,120.0,150.0,618.79,24.24,15.46,1000.0,1000.0
2022,Feb,Navarai/Kodai,ERODE,bottle gourd,vegetables,Sandy loam,6.0,6.7,120.0,120.0,423.31,25.49,20.16,900.0,1200.0
2023,Apr,Navarai/Kodai,JAWAD HILLS,colocasia,Root&tuber,Well grained deep loamy moist and alluviual soil,5.5,7.0,150.0,180.0,477.54,35.69,21.93,1000.0,1000.0
2024,Oct,Samba/Thaladi,ERODE,paprika,vegetables,Sandy loam,5.8,6.5,160.0,180.0,301.35,30.02,26.44,700.0,1000.0
2023,Aug,Kuruvai/Sornavari,RAMANATHANPURAM,Mint,minor vegetables,Loamy soil,6.5,7.0,100.0,120.0,563.53,25.08,21.76,1000.0,1100.0
2023,Dec,Samba/Thaladi,PUDUKKOTTAI,small onion,bulbvegetables,Sandy loam,6.0,7.0,70.0,90.0,341.38,26.92,17.44,650.0,750.0
2021,Mar,Navarai/Kodai,DINDIGUL,safflower,oil seeds,"Loams, silt loams, clay loams, or silty clay loams",5.4,8.2,120.0,125.0,229.38,31.77,26.41,550.0,725.0
2021,Jul,Kuruvai/Sornavari,RAMANATHANPURAM,Chinese cabbage,minor vegetables,Sandy loam,5.5,7.0,50.0,80.0,369.12,24.08,19.99,900.0,1200.0
2023,Mar,Navarai/Kodai,THIRUNELVELI,peas,vegetables,Sandy loam,6.5,7.5,60.0,70.0,318.99,27.92,10.67,900.0,1200.0
2023,Aug,Kuruvai/Sornavari,MADURAI,fodder cumbu,forage crops,Well drained sandy loam and clayey loam soils ,4.0,7.5,45.0,120.0,139.46,35.11,26.65,500.0,480.0
2023,Feb,Navarai/Kodai,VILLUPURAM,elephant foot yam,Root&tuber,Rich red loamy soil,5.5,7.0,240.0,240.0,766.45,30.38,27.01,1000.0,1500.0
2022,Jul,Kuruvai/Sornavari,THIRUVANNAMALAI,amaranthus,greenleafy,Silt Loam to loamy,6.5,7.5,70.0,75.0,261.97,30.36,18.09,1000.0,1000.0
2021,Jun,Kuruvai/Sornavari,NAMAKAL,snake gourd,vegetables,Loamy soil/ Lateritic soil,6.0,6.7,90.0,90.0,366.39,25.27,18.93,900.0,1200.0
2024,Jan,Navarai/Kodai,CHENGLEPUT,small onion,bulbvegetables,Sandy loam,6.0,7.0,70.0,90.0,329.15,26.75,14.87,650.0,750.0
2021,Nov,Samba/Thaladi,THIRUVALLUR,elephant foot yam,Root&tuber,Rich red loamy soil,5.5,7.0,240.0,240.0,288.85,36.48,23.74,1000.0,1500.0
2024,Oct,Samba/Thaladi,KARUR,Rhubarb,minor vegetables,Sandy loam,6.0,6.8,56.0,70.0,675.59,25.82,10.0,900.0,1200.0
2021,Jul,Kuruvai/Sornavari,VILLUPURAM,rice,cereals,Alluvia or loamy and clayey soil,5.0,8.0,150.0,150.0,355.62,41.82,19.63,900.0,2500.0
2024,May,Navarai/Kodai,VELLORE,brinjal,vegetables,Loamy soil/ Lateritic soil,6.0,7.5,100.0,150.0,309.73,30.36,16.48,900.0,1200.0
2023,Apr,Navarai/Kodai,THIRUVALLUR,muyal masal,forage crops,Well drained sandy loam and clayey loam soils ,5.5,7.5,75.0,65.0,198.72,31.65,28.09,500.0,480.0
2022,Jul,Kuruvai/Sornavari,THOOTHUKUDI,blackgram,pulses,sandy soils to heavy cotton soils,6.5,7.8,70.0,75.0,207.35,37.46,20.44,600.0,1000.0
2022,Dec,Samba/Thaladi,THIRUPPUR,fodder cholam,forage crops,Well drained sandy loam and clayey loam soils ,5.5,7.5,1095.0,1095.0,179.75,35.69,28.2,300.0,350.0
2024,May,Navarai/Kodai,CUDDALORE,dioscorea,Root&tuber,well-drained soil,6.0,6.5,270.0,300.0,896.07,30.5,30.0,1000.0,2000.0
2024,Jan,Navarai/Kodai,HILLY REGIONS OF SHEVROY,Chinese cabbage,minor vegetables,Sandy loam,5.5,7.0,50.0,80.0,385.19,24.94,15.74,900.0,1200.0
2025,Jul,Kuruvai/Sornavari,VIRUDHUNAGAR,Coccinia,minor vegetables,Sandy loam,6.0,6.5,90.0,90.0,674.55,31.34,22.66,900.0,1200.0
2021,Dec,Samba/Thaladi,THIRUCHIRAPALLI,cauliflower,colecrops,LoamySandy,6.5,6.8,55.0,100.0,285.42,30.26,10.0,380.0,500.0
2025,Jan,Navarai/Kodai,THIRUVALLUR,broadbean,vegetables,Well drained loamy soil,5.5,6.0,80.0,100.0,328.35,23.1,11.74,900.0,1200.0
2023,Apr,Navarai/Kodai,MADURAI,tobacco,other crops,Well drained sandy loam and clayey loam soils ,7.5,8.5,90.0,100.0,602.75,27.39,27.44,800.0,1000.0
2025,Jan,Navarai/Kodai,KANCHEEPURAM,vegetable cowpea,vegetables,Sandy loam,5.6,6.0,45.0,90.0,333.46,29.85,18.06,900.0,1200.0
2023,Sep,Kuruvai/Sornavari,KARUR,Chinese cabbage,minor vegetables,Sandy loam,5.5,7.0,50.0,80.0,367.4,24.08,17.85,900.0,1200.0
2024,Sep,Kuruvai/Sornavari,SIVAGANGAI,horsegram,pulses, light to heavy soils ,6.0,7.5,100.0,105.0,227.08,39.7,24.89,800.0,800.0
2022,Mar,Navarai/Kodai,KANCHEEPURAM,bhendi,vegetables,Loamy soil/ Lateritic soil,6.0,6.8,55.0,65.0,938.07,26.4,23.82,1200.0,2200.0
2023,Sep,Kuruvai/Sornavari,THIRUNELVELI,Winged Bean,minor vegetables,Sandy loam,7.0,12.0,42.0,42.0,345.81,28.6,24.91,900.0,1200.0
2022,Nov,Samba/Thaladi,THE NILGRIS,kollukattai pullu,forage crops,Well drained sandy loam and clayey loam soils ,7.0,7.5,45.0,55.0,155.35,28.66,23.47,500.0,480.0
2023,Nov,Samba/Thaladi,HILLY REGIONS OF SHEVROY,niger,oil seeds,"Loams, silt loams, clay loams, or silty clay loams",5.2,7.3,80.0,80.0,712.22,25.0,16.72,1000.0,1300.0
2025,Nov,Samba/Thaladi,HILLY REGIONS OF SHEVROY,bellary onion,minor vegetables,Sandy loam,5.8,6.5,150.0,150.0,512.32,25.44,13.75,900.0,1200.0
2023,Jun,Kuruvai/Sornavari,CAUVERY,sugarbeet,sugar crops,Well drained sandy loam and clayey loam soils ,6.0,8.0,150.0,180.0,438.96,26.87,18.04,600.0,800.0
2025,Mar,Navarai/Kodai,ERODE,chowchow,vegetables,Loamy soil/ Lateritic soil,5.5,6.5,150.0,150.0,391.41,24.83,17.15,1200.0,1500.0
2024,Jun,Kuruvai/Sornavari,SALEM,fodder cumbu,forage crops,Well drained sandy loam and clayey loam soils ,4.0,7.5,45.0,120.0,210.88,34.55,29.23,500.0,480.0
2023,Jun,Kuruvai/Sornavari,CHENGLEPUT,celery,greenleafy,Silt Loam to loamy,6.0,8.5,120.0,150.0,634.1,29.32,12.88,1000.0,1000.0
2024,Apr,Navarai/Kodai,KOLLI HILLS,colocasia,Root&tuber,Well grained deep loamy moist and alluviual soil,5.5,7.0,150.0,180.0,455.83,32.47,18.04,1000.0,1000.0
2022,Jul,Kuruvai/Sornavari,ERODE,tomato,vegetables,Sandy loam,6.5,7.5,90.0,140.0,290.99,28.29,16.82,600.0,800.0
2021,Aug,Kuruvai/Sornavari,NAGAPATTINAM,muyal masal,forage crops,Well drained sandy loam and clayey loam soils ,5.5,7.5,75.0,65.0,173.73,36.63,25.49,500.0,480.0
2022,Nov,Samba/Thaladi,PERAMBALUR,elephant foot yam,Root&tuber,Rich red loamy soil,5.5,7.0,240.0,240.0,594.38,30.91,23.78,1000.0,1500.0
2025,Mar,Navarai/Kodai,VIRUDHUNAGAR,redgram,pulses,deep loam soils,6.5,7.0,120.0,150.0,381.45,25.82,17.78,600.0,1400.0
2022,Oct,Samba/Thaladi,JAWAD HILLS,niger,oil seeds,"Loams, silt loams, clay loams, or silty clay loams",5.2,7.3,80.0,80.0,804.64,25.0,14.11,1000.0,1300.0
2023,Jan,Navarai/Kodai,VILLUPURAM,cucumber,vegetables,Loamy,6.5,7.5,120.0,120.0,823.22,30.99,27.75,1200.0,1500.0
2021,Mar,Navarai/Kodai,TANJORE,Chekurmanis,minor vegetables,Sandy loam,5.5,7.5,90.0,120.0,385.19,35.47,24.62,900.0,1200.0
2022,Mar,Navarai/Kodai,COIMBATORE,muskmelon,vegetables,Sandy Loam,6.5,7.5,70.0,100.0,452.05,35.32,27.55,900.0,1200.0
2022,Sep,Kuruvai/Sornavari,KRISHNAGIRI,watermelon,vegetables,Sandy,6.0,7.5,70.0,85.0,257.11,25.05,25.37,900.0,1200.0
2023,May,Navarai/Kodai,CHENGLEPUT,brinjal,vegetables,Loamy soil/ Lateritic soil,6.0,7.5,100.0,150.0,491.09,25.22,19.23,900.0,1200.0
2024,Jul,Kuruvai/Sornavari,THIRUVANNAMALAI,sorghum,millets,well-drained loamy soils,6.0,7.5,95.0,105.0,234.19,36.59,17.26,450.0,650.0
2022,Jul,Kuruvai/Sornavari,THOOTHUKUDI,Coccinia,minor vegetables,Sandy loam,6.0,6.5,90.0,90.0,506.35,27.28,24.44,900.0,1200.0
2025,Jan,Navarai/Kodai,THE NILGRIS,rice,cereals,Alluvia or loamy and clayey soil,5.0,8.0,150.0,150.0,727.66,39.98,23.67,900.0,2500.0
2023,Oct,Samba/Thaladi,RAMANATHANPURAM,varagu,millets,clay-based soil,5.5,6.5,120.0,120.0,292.38,27.6,27.35,500.0,900.0
2024,Jan,Navarai/Kodai,THIRUVANNAMALAI,swordbean,pulses, well-drained sandy loams or sandy soils ,5.0,6.0,110.0,120.0,833.42,33.91,12.96,900.0,1500.0
2024,Aug,Kuruvai/Sornavari,TIRUVARUR,elephant foot yam,Root&tuber,Rich red loamy soil,5.5,7.0,240.0,240.0,448.08,35.04,29.67,1000.0,1500.0
2024,Sep,Kuruvai/Sornavari,KARUR,Palak,minor vegetables,Sandy loam,6.5,7.0,37.0,45.0,357.7,32.74,12.59,900.0,1200.0
2022,May,Navarai/Kodai,THALAVADI HILLS,Chakravathi keerai,minor vegetables,Sandy loam,4.5,8.3,100.0,100.0,708.23,25.77,13.41,900.0,1200.0
2021,Mar,Navarai/Kodai,THIRUPPUR,kudirai masi,forage crops,Well drained sandy loam and clayey loam soils ,6.5,7.5,45.0,55.0,110.07,34.81,27.72,300.0,350.0
2025,Sep,Kuruvai/Sornavari,PUDUKKOTTAI,annual moringa,vegetables,Sandy loam,6.5,8.0,210.0,240.0,287.56,35.0,26.89,900.0,1200.0
2023,Apr,Navarai/Kodai,THALAVADI HILLS,Pearl millet,millets,"clay, clay loam, or sandy loam soils",5.5,7.5,75.0,85.0,284.02,41.23,15.73,350.0,500.0
2023,Jan,Navarai/Kodai,ARIYALUR,redgram,pulses,deep loam soils,6.5,7.0,120.0,150.0,684.38,27.82,20.71,600.0,1400.0
2023,Feb,Navarai/Kodai,THIRUPPUR,kudirai masi,forage crops,Well drained sandy loam and clayey loam soils ,6.5,7.5,45.0,55.0,188.56,34.46,26.54,300.0,350.0
2022,Dec,Samba/Thaladi,NAGAPATTINAM,Celery,minor vegetables,Sandy loam,5.8,6.8,120.0,150.0,288.12,23.65,13.91,900.0,1200.0
2022,Apr,Navarai/Kodai,THIRUVANNAMALAI,fodder cholam,forage crops,Well drained sandy loam and clayey loam soils ,5.5,7.5,1095.0,1095.0,178.42,34.11,29.27,300.0,350.0
2023,Mar,Navarai/Kodai,VELLORE,panivaragu,millets,sandy loam to clays of black cotton soils,5.5,7.0,70.0,75.0,175.69,43.42,12.49,330.0,350.0
2022,Oct,Samba/Thaladi,CHENGLEPUT,jute,fibre crop,Sandy and Clay Loam,6.0,7.5,120.0,140.0,620.37,33.23,25.49,1000.0,1300.0
2021,Sep,Kuruvai/Sornavari,THOOTHUKUDI,cotton,fibre crop," black soils, (ii) red soils and (iii) alluvial soils.",7.0,8.0,135.0,140.0,312.65,25.65,19.71,700.0,1300.0
2022,Apr,Navarai/Kodai,THENI,gherkins,vegetables,Sandy loam,5.8,7.0,90.0,90.0,339.27,34.81,15.24,900.0,1200.0
2022,Mar,Navarai/Kodai,KANCHEEPURAM,onion,vegetables, Any Loamy,5.8,6.5,100.0,120.0,172.44,25.43,19.9,350.0,550.0
2024,Aug,Kuruvai/Sornavari,JAWAD HILLS,Knol-khol,minor vegetables,Sandy loam,5.5,7.0,50.0,65.0,739.88,33.14,18.23,900.0,1200.0
2024,Nov,Samba/Thaladi,NAGAPATTINAM,Phaseolus lunatus,minor vegetables,Sandy loam,6.0,6.8,90.0,90.0,963.57,28.48,17.26,900.0,2000.0
2021,Apr,Navarai/Kodai,VELLORE,castor,oil seeds,"Loams, silt loams, clay loams, or silty clay loams",5.0,8.5,120.0,160.0,168.08,26.91,20.29,500.0,500.0
2021,Jan,Navarai/Kodai,CUDDALORE,chillies,vegetables,Loamy soil/ Lateritic soil,6.0,6.8,120.0,120.0,333.2,27.08,27.23,500.0,500.0
2021,Sep,Kuruvai/Sornavari,JAWAD HILLS,lablab,vegetables,Well drained loamy soil,6.5,8.5,70.0,75.0,326.39,30.77,22.23,900.0,1200.0
2023,Jun,Kuruvai/Sornavari,PERAMBALUR,sorghum,millets,well-drained loamy soils,6.0,7.5,95.0,105.0,153.4,35.77,18.93,450.0,650.0
2021,Oct,Samba/Thaladi,PERAMBALUR,fieldlablab,pulses,Well drained loamy soil,6.2,7.0,105.0,105.0,544.02,29.07,22.93,650.0,1000.0
2023,Jun,Kuruvai/Sornavari,THOOTHUKUDI,groundnut,oil seeds,Well-drained sandy loam or sandy clay loam soil ,6.5,7.0,140.0,150.0,180.25,42.92,15.56,500.0,700.0
2021,Aug,Kuruvai/Sornavari,COIMBATORE,elephant foot yam,Root&tuber,Rich red loamy soil,5.5,7.0,240.0,240.0,715.95,35.84,26.47,1000.0,1500.0
2021,Jul,Kuruvai/Sornavari,CAUVERY,sugarbeet,sugar crops,Well drained sandy loam and clayey loam soils ,6.0,8.0,150.0,180.0,394.34,25.37,17.02,600.0,800.0
2024,Jul,Kuruvai/Sornavari,CUDDALORE,sweet sorghum,sugar crops,Well drained sandy loam and clayey loam soils ,6.0,8.5,115.0,125.0,168.28,28.01,26.82,500.0,600.0
2024,Feb,Navarai/Kodai,NAMAKAL,muyal masal,forage crops,Well drained sandy loam and clayey loam soils ,5.5,7.5,75.0,65.0,254.02,36.47,25.48,500.0,480.0
2025,Jun,Kuruvai/Sornavari,NAMAKAL,bellary onion,minor vegetables,Sandy loam,5.8,6.5,150.0,150.0,656.06,25.46,17.93,900.0,1200.0
2022,Mar,Navarai/Kodai,DHARMAPURI,french bean,vegetables,Well drained loamy soil,5.5,6.0,40.0,50.0,309.85,25.86,13.91,900.0,1200.0
2025,Nov,Samba/Thaladi,THIRUVANNAMALAI,fieldlablab,pulses,Well drained loamy soil,6.2,7.0,105.0,105.0,660.88,29.01,18.36,650.0,1000.0
2025,Jun,Kuruvai/Sornavari,THIRUPPUR,sugarcane,sugar crops,Clayey Loamy Soil/ Black Cotton Soil/ Red Loamy Soil/ Brown Loamy Soil,6.5,8.0,300.0,330.0,501.64,28.85,21.19,1500.0,2500.0
2025,Jan,Navarai/Kodai,THIRUCHIRAPALLI,fodder maize,forage crops,Well drained sandy loam and clayey loam soils ,5.5,8.0,60.0,70.0,267.72,42.82,11.48,500.0,480.0
2021,Mar,Navarai/Kodai,DINDIGUL,onion,vegetables, Any Loamy,5.8,6.5,100.0,120.0,306.38,26.14,24.34,350.0,550.0
2023,Aug,Kuruvai/Sornavari,MADURAI,ragi,millets,"red, black, sandy, loamy and shallow black soils.",5.0,8.2,100.0,120.0,274.53,26.89,13.26,700.0,1200.0
2022,Jul,Kuruvai/Sornavari,ERODE,bellary onion,minor vegetables,Sandy loam,5.8,6.5,150.0,150.0,704.11,25.09,16.15,900.0,1200.0
2025,Jul,Kuruvai/Sornavari,CAUVERY,dioscorea,Root&tuber,well-drained soil,6.0,6.5,270.0,300.0,488.28,32.06,30.0,1000.0,2000.0
2023,Sep,Kuruvai/Sornavari,ERODE,bottle gourd,vegetables,Sandy loam,6.0,6.7,120.0,120.0,363.55,25.63,16.36,900.0,1200.0
2025,Dec,Samba/Thaladi,CUDDALORE,fodder cowpea,forage crops,Well drained sandy loam and clayey loam soils ,5.0,6.5,50.0,65.0,204.88,30.13,22.28,300.0,350.0
2023,Nov,Samba/Thaladi,PUDUKKOTTAI,sugarcane,sugar crops,Clayey Loamy Soil/ Black Cotton Soil/ Red Loamy Soil/ Brown Loamy Soil,6.5,8.0,300.0,330.0,1117.8,27.98,19.25,1500.0,2500.0
2024,Feb,Navarai/Kodai,THALAVADI HILLS,radish,Root&tuber,Well grained deep loamy moist and alluviual soil,5.5,6.8,21.0,21.0,429.75,23.44,11.34,1000.0,1000.0
2021,Dec,Samba/Thaladi,VELLORE,tinda,vegetables,Sandy loam,6.5,7.5,70.0,70.0,359.33,29.51,27.31,900.0,1200.0
2023,Feb,Navarai/Kodai,THALAVADI HILLS,broadbean,vegetables,Well drained loamy soil,5.5,6.0,80.0,100.0,307.4,23.36,10.98,900.0,1200.0
2022,May,Navarai/Kodai,KOLLI HILLS,curry leaf,greenleafy,Red sandy loam,5.2,5.5,90.0,85.0,594.66,36.39,26.89,1000.0,1000.0
2021,Dec,Samba/Thaladi,VILLUPURAM,bellary onion,minor vegetables,Sandy loam,5.8,6.5,150.0,150.0,293.23,25.34,13.46,900.0,1200.0
2025,Feb,Navarai/Kodai,PERAMBALUR,Chakravathi keerai,minor vegetables,Sandy loam,4.5,8.3,100.0,100.0,608.06,25.17,13.13,900.0,1200.0
2024,Jun,Kuruvai/Sornavari,SALEM,carrot,Root&tuber,light or sandy loam soil,6.0,7.0,75.0,75.0,384.31,23.51,19.3,1000.0,1000.0
2022,Jun,Kuruvai/Sornavari,NAMAKAL,bhendi,vegetables,Loamy soil/ Lateritic soil,6.0,6.8,55.0,65.0,1346.56,26.58,27.21,1200.0,2200.0
2022,Feb,Navarai/Kodai,RAMANATHANPURAM,pumpkin,vegetables,Loamy soil/ Lateritic soil,6.0,7.0,115.0,120.0,453.87,27.52,22.91,900.0,1200.0
2023,Jul,Kuruvai/Sornavari,VILLUPURAM,jute,fibre crop,Sandy and Clay Loam,6.0,7.5,120.0,140.0,836.14,34.36,25.44,1000.0,1300.0
2021,Feb,Navarai/Kodai,KRISHNAGIRI,small onion,bulbvegetables,Sandy loam,6.0,7.0,70.0,90.0,241.79,26.81,19.53,650.0,750.0
2022,Jul,Kuruvai/Sornavari,SALEM,muyal masal,forage crops,Well drained sandy loam and clayey loam soils ,5.5,7.5,75.0,65.0,226.42,35.98,27.81,500.0,480.0
2024,Jan,Navarai/Kodai,THIRUNELVELI,colocasia,Root&tuber,Well grained deep loamy moist and alluviual soil,5.5,7.0,150.0,180.0,604.0,30.25,23.82,1000.0,1000.0
2024,Nov,Samba/Thaladi,THIRUNELVELI,sunflower,oil seeds,"Loams, silt loams, clay loams, or silty clay loams",6.5,8.0,85.0,95.0,182.69,26.48,18.45,350.0,500.0
2025,Jun,Kuruvai/Sornavari,THIRUNELVELI,maize,millets,temperate podzols to the leached red soils of the tropics. ,5.5,7.0,105.0,110.0,211.34,25.08,18.25,500.0,800.0
2022,Jul,Kuruvai/Sornavari,NAGAPATTINAM,gardenlablab,pulses,wide range of soils,6.0,7.0,75.0,100.0,435.21,32.91,19.0,650.0,1000.0
2024,Jul,Kuruvai/Sornavari,COIMBATORE,Brussels sprout,minor vegetables,Sandy loam,6.5,6.8,12.0,12.0,588.1,26.73,14.13,900.0,1200.0
2024,Dec,Samba/Thaladi,COIMBATORE,snake gourd,vegetables,Loamy soil/ Lateritic soil,6.0,6.7,90.0,90.0,416.89,28.09,22.29,900.0,1200.0
2023,Apr,Navarai/Kodai,NAGAPATTINAM,Phaseolus lunatus,minor vegetables,Sandy loam,6.0,6.8,90.0,90.0,562.61,26.92,17.37,900.0,2000.0
2021,Oct,Samba/Thaladi,THALAVADI HILLS,chowchow,vegetables,Loamy soil/ Lateritic soil,5.5,6.5,150.0,150.0,369.62,24.46,20.7,1200.0,1500.0
2023,Sep,Kuruvai/Sornavari,THIRUCHIRAPALLI,fodder cholam,forage crops,Well drained sandy loam and clayey loam soils ,5.5,7.5,1095.0,1095.0,209.52,33.18,26.78,300.0,350.0
2022,Aug,Kuruvai/Sornavari,JAWAD HILLS,gherkins,vegetables,Sandy loam,5.8,7.0,90.0,90.0,546.01,30.9,19.0,900.0,1200.0
2021,Jan,Navarai/Kodai,TANJORE,tinda,vegetables,Sandy loam,6.5,7.5,70.0,70.0,409.07,25.73,28.39,900.0,1200.0
2025,Sep,Kuruvai/Sornavari,VILLUPURAM,fodder cumbu,forage crops,Well drained sandy loam and clayey loam soils ,4.0,7.5,45.0,120.0,143.26,34.3,26.38,500.0,480.0
2021,Nov,Samba/Thaladi,RAMANATHANPURAM,celery,greenleafy,Silt Loam to loamy,6.0,8.5,120.0,150.0,554.69,25.22,11.9,1000.0,1000.0
2024,Nov,Samba/Thaladi,KANYAKUMARI,Mint,minor vegetables,Loamy soil,6.5,7.0,100.0,120.0,336.05,25.42,19.13,1000.0,1100.0
2022,Dec,Samba/Thaladi,THOOTHUKUDI,Chinese cabbage,minor vegetables,Sandy loam,5.5,7.0,50.0,80.0,389.77,24.46,14.88,900.0,1200.0
2022,Jul,Kuruvai/Sornavari,VILLUPURAM,rice,cereals,Alluvia or loamy and clayey soil,5.0,8.0,150.0,150.0,1381.5,38.8,18.99,900.0,2500.0
2021,Jan,Navarai/Kodai,KANYAKUMARI,rice,cereals,Alluvia or loamy and clayey soil,5.0,8.0,150.0,150.0,1349.05,40.58,19.28,900.0,2500.0
2022,Mar,Navarai/Kodai,MADURAI,guinea grass,forage crops,Well drained sandy loam and clayey loam soils ,5.0,7.0,45.0,55.0,276.56,33.11,16.9,1000.0,480.0
2024,Jan,Navarai/Kodai,SIVAGANGAI,sunflower,oil seeds,"Loams, silt loams, clay loams, or silty clay loams",6.5,8.0,85.0,95.0,167.68,26.23,18.28,350.0,500.0
2025,Dec,Samba/Thaladi,VELLORE,chinese potato,Root&tuber,well-drained soil,4.8,5.8,120.0,150.0,586.46,23.74,15.04,1000.0,1000.0
2025,Jul,Kuruvai/Sornavari,JAWAD HILLS,cucumber,vegetables,Loamy,6.5,7.5,120.0,120.0,483.72,32.43,28.42,1200.0,1500.0
2021,Jul,Kuruvai/Sornavari,SALEM,Cabbage,colecrops,LoamySandy,6.0,6.5,80.0,180.0,187.4,28.7,10.21,380.0,500.0
2024,Jun,Kuruvai/Sornavari,KANCHEEPURAM,Bread fruit,minor vegetables,Sandy loam,6.1,7.4,100.0,100.0,1619.15,33.92,19.95,2030.0,2540.0
2024,Jan,Navarai/Kodai,THOOTHUKUDI,panivaragu,millets,sandy loam to clays of black cotton soils,5.5,7.0,70.0,75.0,141.11,41.98,13.48,330.0,350.0
2024,Oct,Samba/Thaladi,CHENGLEPUT,tapoica,Root&tuber,Red lateritic loam,5.5,7.0,270.0,300.0,434.52,27.55,25.89,1000.0,1000.0
2025,Jan,Navarai/Kodai,CUDDALORE,muskmelon,vegetables,Sandy Loam,6.5,7.5,70.0,100.0,331.92,32.03,27.49,900.0,1200.0
2025,Aug,Kuruvai/Sornavari,COIMBATORE,celery,greenleafy,Silt Loam to loamy,6.0,8.5,120.0,150.0,250.87,29.33,10.91,1000.0,1000.0
2022,Jan,Navarai/Kodai,THALAVADI HILLS,sweet sorghum,sugar crops,Well drained sandy loam and clayey loam soils ,6.0,8.5,115.0,125.0,388.44,26.26,27.47,500.0,600.0
2024,Feb,Navarai/Kodai,THIRUVALLUR,colocasia,Root&tuber,Well grained deep loamy moist and alluviual soil,5.5,7.0,150.0,180.0,506.32,32.0,19.77,1000.0,1000.0
2025,Dec,Samba/Thaladi,PERAMBALUR,dioscorea,Root&tuber,well-drained soil,6.0,6.5,270.0,300.0,829.61,32.71,30.0,1000.0,2000.0
2024,Jan,Navarai/Kodai,SALEM,cowpea,pulses, well-drained sandy loams or sandy soils ,5.0,6.5,60.0,90.0,357.08,26.42,22.11,400.0,700.0
2022,Jan,Navarai/Kodai,SIVAGANGAI,castor,oil seeds,"Loams, silt loams, clay loams, or silty clay loams",5.0,8.5,120.0,160.0,323.39,27.55,22.02,500.0,500.0
2023,Dec,Samba/Thaladi,VILLUPURAM,beetroot,Root&tuber,all types of friable soil,6.0,7.0,45.0,65.0,339.1,24.49,18.47,1000.0,1000.0
2021,Jan,Navarai/Kodai,VELLORE,sweet sorghum,sugar crops,Well drained sandy loam and clayey loam soils ,6.0,8.5,115.0,125.0,184.2,31.83,29.79,500.0,600.0
2021,Jan,Navarai/Kodai,THIRUPPUR,kudirai masi,forage crops,Well drained sandy loam and clayey loam soils ,6.5,7.5,45.0,55.0,78.23,33.52,28.94,300.0,350.0
2023,Jun,Kuruvai/Sornavari,VILLUPURAM,fodder cowpea,forage crops,Well drained sandy loam and clayey loam soils ,5.0,6.5,50.0,65.0,75.91,30.59,21.94,300.0,350.0
2025,Oct,Samba/Thaladi,KARUR,celery,greenleafy,Silt Loam to loamy,6.0,8.5,120.0,150.0,485.75,27.8,14.94,1000.0,1000.0
2021,Feb,Navarai/Kodai,KARUR,annual moringa,vegetables,Sandy loam,6.5,8.0,210.0,240.0,625.42,36.78,26.43,900.0,1200.0
2021,Nov,Samba/Thaladi,KANYAKUMARI,Lettuce,minor vegetables,Sandy loam,6.0,6.5,45.0,55.0,610.43,24.76,17.34,900.0,1200.0
2025,Jan,Navarai/Kodai,KARUR,watermelon,vegetables,Sandy,6.0,7.5,70.0,85.0,594.83,28.13,24.16,900.0,1200.0
2023,Aug,Kuruvai/Sornavari,VILLUPURAM,Butter bean,minor vegetables,Sandy loam,6.0,7.0,80.0,100.0,325.64,25.68,19.62,900.0,1200.0
2023,Oct,Samba/Thaladi,PUDUKKOTTAI,peas,vegetables,Sandy loam,6.5,7.5,60.0,70.0,561.08,25.21,11.7,900.0,1200.0
2025,Feb,Navarai/Kodai,COIMBATORE,chowchow,vegetables,Loamy soil/ Lateritic soil,5.5,6.5,150.0,150.0,603.22,24.3,18.39,1200.0,1500.0
2021,Dec,Samba/Thaladi,DINDIGUL,Bread fruit,minor vegetables,Sandy loam,6.1,7.4,100.0,100.0,1465.67,36.68,15.63,2030.0,2540.0
2025,Dec,Samba/Thaladi,ERODE,Asparagus,minor vegetables,Sandy loam,6.0,6.7,730.0,730.0,724.43,31.08,18.34,900.0,1200.0
2022,Jul,Kuruvai/Sornavari,DHARMAPURI,radish,Root&tuber,Well grained deep loamy moist and alluviual soil,5.5,6.8,21.0,21.0,615.92,23.19,13.07,1000.0,1000.0
2021,Sep,Kuruvai/Sornavari,THIRUCHIRAPALLI,dioscorea,Root&tuber,well-drained soil,6.0,6.5,270.0,300.0,1161.33,30.68,30.0,1000.0,2000.0
2022,Mar,Navarai/Kodai,MADURAI,varagu,millets,clay-based soil,5.5,6.5,120.0,120.0,305.7,27.63,28.75,500.0,900.0
2022,Aug,Kuruvai/Sornavari,KRISHNAGIRI,soyabean,pulses,"Well-drained, Loamy Soil",6.0,7.0,90.0,100.0,462.95,28.72,15.51,450.0,700.0
2022,Feb,Navarai/Kodai,ERODE,swordbean,pulses, well-drained sandy loams or sandy soils ,5.0,6.0,110.0,120.0,601.38,31.58,14.2,900.0,1500.0
2021,Mar,Navarai/Kodai,TANJORE,cucumber,vegetables,Loamy,6.5,7.5,120.0,120.0,801.26,31.64,25.88,1200.0,1500.0
2021,Jun,Kuruvai/Sornavari,SIVAGANGAI,sunflower,oil seeds,"Loams, silt loams, clay loams, or silty clay loams",6.5,8.0,85.0,95.0,261.41,25.11,19.22,350.0,500.0
2025,Apr,Navarai/Kodai,ERODE,watermelon,vegetables,Sandy,6.0,7.5,70.0,85.0,610.22,26.01,28.43,900.0,1200.0
2022,Apr,Navarai/Kodai,ERODE,broadbean,vegetables,Well drained loamy soil,5.5,6.0,80.0,100.0,616.56,23.43,13.43,900.0,1200.0
2024,May,Navarai/Kodai,SALEM,blackgram,pulses,sandy soils to heavy cotton soils,6.5,7.8,70.0,75.0,649.12,41.99,22.66,600.0,1000.0
2021,Jan,Navarai/Kodai,ERODE,onion,vegetables, Any Loamy,5.8,6.5,100.0,120.0,95.44,26.58,19.17,350.0,550.0
2021,Apr,Navarai/Kodai,NAMAKAL,dioscorea,Root&tuber,well-drained soil,6.0,6.5,270.0,300.0,356.39,31.93,30.0,1000.0,2000.0
2024,Dec,Samba/Thaladi,KANYAKUMARI,sweet sorghum,sugar crops,Well drained sandy loam and clayey loam soils ,6.0,8.5,115.0,125.0,129.26,29.73,25.49,500.0,600.0
2025,Oct,Samba/Thaladi,JAWAD HILLS,sweet potato,Root&tuber,well-drained soil,5.7,6.7,90.0,120.0,366.14,26.47,24.76,1000.0,1000.0
2024,Jan,Navarai/Kodai,THIRUVANNAMALAI,chillies,vegetables,Loamy soil/ Lateritic soil,6.0,6.8,120.0,120.0,186.83,29.41,26.92,500.0,500.0
2022,Apr,Navarai/Kodai,HILLY REGIONS OF SHEVROY,niger,oil seeds,"Loams, silt loams, clay loams, or silty clay loams",5.2,7.3,80.0,80.0,644.03,25.0,11.24,1000.0,1300.0
2025,Apr,Navarai/Kodai,THIRUVALLUR,Basella,minor vegetables,Sandy loam,5.5,8.0,70.0,70.0,472.1,31.25,18.31,900.0,1200.0
2025,Feb,Navarai/Kodai,ERODE,ribbed gourd,vegetables,Sandy Loam,6.5,7.5,125.0,125.0,715.54,30.62,28.81,900.0,1200.0
2021,Oct,Samba/Thaladi,THIRUCHIRAPALLI,snake gourd,vegetables,Loamy soil/ Lateritic soil,6.0,6.7,90.0,90.0,576.99,27.51,19.96,900.0,1200.0
2023,Mar,Navarai/Kodai,PERAMBALUR,gardenlablab,pulses,wide range of soils,6.0,7.0,75.0,100.0,167.53,34.82,17.77,650.0,1000.0
2024,Mar,Navarai/Kodai,VILLUPURAM,Asparagus,minor vegetables,Sandy loam,6.0,6.7,730.0,730.0,738.68,30.61,18.81,900.0,1200.0
2023,Jan,Navarai/Kodai,THIRUCHIRAPALLI,cotton,fibre crop," black soils, (ii) red soils and (iii) alluvial soils.",7.0,8.0,135.0,140.0,238.24,26.31,19.07,700.0,1300.0
2024,May,Navarai/Kodai,VILLUPURAM,cumbu napier hybrid,forage crops,Well drained sandy loam and clayey loam soils ,5.0,8.6,45.0,55.0,447.55,26.79,21.14,800.0,1000.0
2025,Sep,Kuruvai/Sornavari,VELLORE,Chinese cabbage,minor vegetables,Sandy loam,5.5,7.0,50.0,80.0,551.45,24.69,18.99,900.0,1200.0
2024,Jun,Kuruvai/Sornavari,DINDIGUL,chowchow,vegetables,Loamy soil/ Lateritic soil,5.5,6.5,150.0,150.0,591.64,24.82,17.99,1200.0,1500.0
2025,Mar,Navarai/Kodai,JAWAD HILLS,niger,oil seeds,"Loams, silt loams, clay loams, or silty clay loams",5.2,7.3,80.0,80.0,363.53,25.0,15.4,1000.0,1300.0
2025,Aug,Kuruvai/Sornavari,TANJORE,Chakravathi keerai,minor vegetables,Sandy loam,4.5,8.3,100.0,100.0,232.42,25.48,13.1,900.0,1200.0
2021,Oct,Samba/Thaladi,PUDUKKOTTAI,greengram,pulses,well-drained sandy loams or sandy soils ,6.5,7.5,100.0,100.0,501.33,31.03,28.68,850.0,1000.0
2024,Dec,Samba/Thaladi,VELLORE,sweet potato,Root&tuber,well-drained soil,5.7,6.7,90.0,120.0,461.27,26.97,19.87,1000.0,1000.0
2024,Jul,Kuruvai/Sornavari,TANJORE,cluster bean,vegetables,Sandy Loam,7.0,8.5,60.0,90.0,767.2,25.27,21.7,900.0,1200.0
2024,May,Navarai/Kodai,COIMBATORE,tobacco,other crops,Well drained sandy loam and clayey loam soils ,7.5,8.5,90.0,100.0,460.58,29.61,24.89,800.0,1000.0
2022,May,Navarai/Kodai,THIRUNELVELI,fodder cholam,forage crops,Well drained sandy loam and clayey loam soils ,5.5,7.5,1095.0,1095.0,174.82,36.76,28.61,300.0,350.0
2022,Jun,Kuruvai/Sornavari,KARUR,cucumber,vegetables,Loamy,6.5,7.5,120.0,120.0,853.12,32.63,26.13,1200.0,1500.0
2023,Jul,Kuruvai/Sornavari,PUDUKKOTTAI,redgram,pulses,deep loam soils,6.5,7.0,120.0,150.0,560.12,26.58,19.86,600.0,1400.0
2022,Mar,Navarai/Kodai,THIRUNELVELI,bellary onion,minor vegetables,Sandy loam,5.8,6.5,150.0,150.0,711.57,25.48,17.85,900.0,1200.0
2024,Dec,Samba/Thaladi,THALAVADI HILLS,Ceylon spinach,minor vegetables,Sandy loam,6.5,7.0,40.0,50.0,373.04,24.64,12.84,900.0,1200.0
2025,Nov,Samba/Thaladi,CHENGLEPUT,brinjal,vegetables,Loamy soil/ Lateritic soil,6.0,7.5,100.0,150.0,568.07,28.07,21.9,900.0,1200.0
2025,Jul,Kuruvai/Sornavari,VILLUPURAM,velimasal,forage crops,Well drained sandy loam and clayey loam soils ,5.8,7.0,45.0,55.0,123.72,36.94,29.49,300.0,350.0
2024,Oct,Samba/Thaladi,DHARMAPURI,soyabean,pulses,"Well-drained, Loamy Soil",6.0,7.0,90.0,100.0,144.84,33.36,14.7,450.0,700.0
2023,Apr,Navarai/Kodai,THOOTHUKUDI,fodder cumbu,forage crops,Well drained sandy loam and clayey loam soils ,4.0,7.5,45.0,120.0,157.88,35.22,23.06,500.0,480.0
2022,Feb,Navarai/Kodai,THIRUVANNAMALAI,sorghum,millets,well-drained loamy soils,6.0,7.5,95.0,105.0,385.44,40.56,13.75,450.0,650.0
2022,Apr,Navarai/Kodai,CAUVERY,safflower,oil seeds,"Loams, silt loams, clay loams, or silty clay loams",5.4,8.2,120.0,125.0,452.28,30.75,25.46,550.0,725.0
2025,Oct,Samba/Thaladi,TANJORE,bellary onion,minor vegetables,Sandy loam,5.8,6.5,150.0,150.0,493.98,25.67,14.49,900.0,1200.0
2024,Mar,Navarai/Kodai,DINDIGUL,varagu,millets,clay-based soil,5.5,6.5,120.0,120.0,270.02,27.78,26.59,500.0,900.0
2022,Dec,Samba/Thaladi,RAMANATHANPURAM,cumbu napier hybrid,forage crops,Well drained sandy loam and clayey loam soils ,5.0,8.6,45.0,55.0,357.02,25.41,19.75,800.0,1000.0
2025,Feb,Navarai/Kodai,COIMBATORE,gingely,oil seeds,"Loams, silt loams, clay loams, or silty clay loams",5.5,8.0,85.0,90.0,263.68,33.11,27.04,350.0,400.0
2025,Apr,Navarai/Kodai,SALEM,greengram,pulses,well-drained sandy loams or sandy soils ,6.5,7.5,100.0,100.0,213.17,32.13,24.61,850.0,1000.0
2025,Aug,Kuruvai/Sornavari,ARIYALUR,Chekurmanis,minor vegetables,Sandy loam,5.5,7.5,90.0,120.0,359.3,30.53,28.81,900.0,1200.0
2025,Aug,Kuruvai/Sornavari,KOLLI HILLS,velimasal,forage crops,Well drained sandy loam and clayey loam soils ,5.8,7.0,45.0,55.0,131.65,36.98,25.05,300.0,350.0
2025,Oct,Samba/Thaladi,THIRUVALLUR,Turnip,minor vegetables,Loamy soil,5.5,6.8,42.0,56.0,626.8,21.76,12.17,900.0,1200.0
2024,Nov,Samba/Thaladi,DINDIGUL,sweet sorghum,sugar crops,Well drained sandy loam and clayey loam soils ,6.0,8.5,115.0,125.0,220.18,29.83,26.32,500.0,600.0
2021,Dec,Samba/Thaladi,KRISHNAGIRI,maize,millets,temperate podzols to the leached red soils of the tropics. ,5.5,7.0,105.0,110.0,363.6,26.82,20.39,500.0,800.0
2025,Nov,Samba/Thaladi,VELLORE,maize,millets,temperate podzols to the leached red soils of the tropics. ,5.5,7.0,105.0,110.0,259.89,25.98,19.49,500.0,800.0
2024,Jul,Kuruvai/Sornavari,VIRUDHUNAGAR,Ceylon spinach,minor vegetables,Sandy loam,6.5,7.0,40.0,50.0,506.92,24.12,12.55,900.0,1200.0
2021,Dec,Samba/Thaladi,THENI,sweet sorghum,sugar crops,Well drained sandy loam and clayey loam soils ,6.0,8.5,115.0,125.0,321.66,26.64,25.2,500.0,600.0
2023,Apr,Navarai/Kodai,THIRUPPUR,carrot,Root&tuber,light or sandy loam soil,6.0,7.0,75.0,75.0,395.55,24.83,17.08,1000.0,1000.0
2021,Jan,Navarai/Kodai,THIRUCHIRAPALLI,tobacco,other crops,Well drained sandy loam and clayey loam soils ,7.5,8.5,90.0,100.0,563.8,31.53,26.05,800.0,1000.0
2025,Dec,Samba/Thaladi,NAMAKAL,lablab,vegetables,Well drained loamy soil,6.5,8.5,70.0,75.0,626.77,30.47,26.95,900.0,1200.0
2021,Mar,Navarai/Kodai,PERAMBALUR,tinda,vegetables,Sandy loam,6.5,7.5,70.0,70.0,447.47,29.9,27.72,900.0,1200.0
2022,Jan,Navarai/Kodai,ERODE,tomato,vegetables,Sandy loam,6.5,7.5,90.0,140.0,163.15,29.14,16.08,600.0,800.0
2024,Aug,Kuruvai/Sornavari,THENI,Asparagus,minor vegetables,Sandy loam,6.0,6.7,730.0,730.0,274.44,25.65,14.82,900.0,1200.0
2023,Oct,Samba/Thaladi,VELLORE,fodder maize,forage crops,Well drained sandy loam and clayey loam soils ,5.5,8.0,60.0,70.0,190.51,44.28,12.83,500.0,480.0
2025,Nov,Samba/Thaladi,DHARMAPURI,kudiraivali,millets,Loamy Soil,5.5,7.0,75.0,95.0,538.24,22.83,21.73,500.0,900.0
2024,Jan,Navarai/Kodai,CAUVERY,sugarbeet,sugar crops,Well drained sandy loam and clayey loam soils ,6.0,8.0,150.0,180.0,325.66,25.1,19.02,600.0,800.0
2021,Mar,Navarai/Kodai,COIMBATORE,chinese potato,Root&tuber,well-drained soil,4.8,5.8,120.0,150.0,454.5,24.76,19.4,1000.0,1000.0
2023,Mar,Navarai/Kodai,SALEM,tobacco,other crops,Well drained sandy loam and clayey loam soils ,7.5,8.5,90.0,100.0,621.86,27.05,24.26,800.0,1000.0
2021,Feb,Navarai/Kodai,HILLY REGIONS OF SHEVROY,kollukattai pullu,forage crops,Well drained sandy loam and clayey loam soils ,7.0,7.5,45.0,55.0,194.77,25.45,22.04,500.0,480.0
2022,Sep,Kuruvai/Sornavari,MADURAI,Lettuce,minor vegetables,Sandy loam,6.0,6.5,45.0,55.0,698.57,24.9,17.25,900.0,1200.0
2024,Apr,Navarai/Kodai,COIMBATORE,velimasal,forage crops,Well drained sandy loam and clayey loam soils ,5.8,7.0,45.0,55.0,156.53,33.34,25.07,300.0,350.0
2021,Aug,Kuruvai/Sornavari,HILLY REGIONS OF SHEVROY,niger,oil seeds,"Loams, silt loams, clay loams, or silty clay loams",5.2,7.3,80.0,80.0,600.43,25.0,16.26,1000.0,1300.0
2024,Jul,Kuruvai/Sornavari,SIVAGANGAI,ragi,millets,"red, black, sandy, loamy and shallow black soils.",5.0,8.2,100.0,120.0,659.88,25.84,12.08,700.0,1200.0
2024,Jan,Navarai/Kodai,HILLY REGIONS OF SHEVROY,lablab,vegetables,Well drained loamy soil,6.5,8.5,70.0,75.0,228.42,36.95,26.71,900.0,1200.0
2023,Apr,Navarai/Kodai,HILLY REGIONS OF SHEVROY,Celery,minor vegetables,Sandy loam,5.8,6.8,120.0,150.0,511.88,24.97,15.47,900.0,1200.0
2021,Aug,Kuruvai/Sornavari,THE NILGRIS,soundal,forage crops,Well drained sandy loam and clayey loam soils ,5.5,7.5,40.0,80.0,147.56,33.29,24.68,500.0,480.0
2021,Aug,Kuruvai/Sornavari,TIRUVARUR,greengram,pulses,well-drained sandy loams or sandy soils ,6.5,7.5,100.0,100.0,314.86,30.53,25.56,850.0,1000.0
2023,Sep,Kuruvai/Sornavari,CAUVERY,celery,greenleafy,Silt Loam to loamy,6.0,8.5,120.0,150.0,440.16,31.39,10.8,1000.0,1000.0
2022,May,Navarai/Kodai,PERAMBALUR,bengalgram,pulses,medium to heavy black soil,5.5,7.0,90.0,120.0,195.86,31.5,20.71,650.0,1000.0
2021,Feb,Navarai/Kodai,NAMAKAL,curry leaf,greenleafy,Red sandy loam,5.2,5.5,90.0,85.0,297.39,34.24,28.2,1000.0,1000.0
2024,Nov,Samba/Thaladi,VILLUPURAM,beetroot,Root&tuber,all types of friable soil,6.0,7.0,45.0,65.0,310.69,24.95,21.28,1000.0,1000.0
2021,Sep,Kuruvai/Sornavari,KOLLI HILLS,fodder cholam,forage crops,Well drained sandy loam and clayey loam soils ,5.5,7.5,1095.0,1095.0,94.97,33.12,29.27,300.0,350.0
2022,Oct,Samba/Thaladi,PERAMBALUR,broadbean,vegetables,Well drained loamy soil,5.5,6.0,80.0,100.0,471.3,23.23,10.54,900.0,1200.0
2022,May,Navarai/Kodai,KRISHNAGIRI,Rhubarb,minor vegetables,Sandy loam,6.0,6.8,56.0,70.0,265.72,25.3,10.0,900.0,1200.0
2024,Dec,Samba/Thaladi,JAWAD HILLS,Mint,minor vegetables,Loamy soil,6.5,7.0,100.0,120.0,572.3,25.5,23.68,1000.0,1100.0
2024,Apr,Navarai/Kodai,NAMAKAL,groundnut,oil seeds,Well-drained sandy loam or sandy clay loam soil ,6.5,7.0,140.0,150.0,241.8,44.29,14.87,500.0,700.0
2025,Nov,Samba/Thaladi,THIRUPPUR,beetroot,Root&tuber,all types of friable soil,6.0,7.0,45.0,65.0,450.52,23.05,20.24,1000.0,1000.0
2023,Jan,Navarai/Kodai,DINDIGUL,Chinese cabbage,minor vegetables,Sandy loam,5.5,7.0,50.0,80.0,583.95,24.94,19.75,900.0,1200.0
2021,Jan,Navarai/Kodai,RAMANATHANPURAM,blackgram,pulses,sandy soils to heavy cotton soils,6.5,7.8,70.0,75.0,650.96,40.27,18.24,600.0,1000.0
2025,Mar,Navarai/Kodai,RAMANATHANPURAM,sugarcane,sugar crops,Clayey Loamy Soil/ Black Cotton Soil/ Red Loamy Soil/ Brown Loamy Soil,6.5,8.0,300.0,330.0,1414.91,28.5,25.57,1500.0,2500.0
2024,Apr,Navarai/Kodai,THOOTHUKUDI,tinda,vegetables,Sandy loam,6.5,7.5,70.0,70.0,549.17,29.75,28.73,900.0,1200.0
2022,Nov,Samba/Thaladi,THIRUNELVELI,annual moringa,vegetables,Sandy loam,6.5,8.0,210.0,240.0,234.95,30.31,26.8,900.0,1200.0
2022,Feb,Navarai/Kodai,THIRUCHIRAPALLI,thinai,millets,"alluvial,loamy ",5.5,7.0,85.0,90.0,431.76,26.18,24.21,500.0,900.0
2024,Mar,Navarai/Kodai,COIMBATORE,small onion,bulbvegetables,Sandy loam,6.0,7.0,70.0,90.0,191.45,26.34,20.57,650.0,750.0
2024,Apr,Navarai/Kodai,RAMANATHANPURAM,radish,Root&tuber,Well grained deep loamy moist and alluviual soil,5.5,6.8,21.0,21.0,625.47,21.67,13.35,1000.0,1000.0
2024,May,Navarai/Kodai,SIVAGANGAI,ash gourd,vegetables,Sandy loam,6.0,6.7,120.0,120.0,263.23,26.03,28.2,900.0,1200.0
2023,Jun,Kuruvai/Sornavari,DINDIGUL,Coccinia,minor vegetables,Sandy loam,6.0,6.5,90.0,90.0,744.05,32.26,21.54,900.0,1200.0
2024,Mar,Navarai/Kodai,CUDDALORE,Chinese cabbage,minor vegetables,Sandy loam,5.5,7.0,50.0,80.0,730.92,24.86,18.2,900.0,1200.0
2025,Jun,Kuruvai/Sornavari,MADURAI,Bread fruit,minor vegetables,Sandy loam,6.1,7.4,100.0,100.0,1286.31,37.62,16.31,2030.0,2540.0
2021,Jun,Kuruvai/Sornavari,MADURAI,redgram,pulses,deep loam soils,6.5,7.0,120.0,150.0,591.74,31.23,20.04,600.0,1400.0
2021,Apr,Navarai/Kodai,THIRUVANNAMALAI,Lettuce,minor vegetables,Sandy loam,6.0,6.5,45.0,55.0,778.03,24.72,20.38,900.0,1200.0
2025,Feb,Navarai/Kodai,ERODE,bitter gourd,vegetables,Well drained loamy soil,6.5,7.0,55.0,60.0,612.22,27.0,24.98,900.0,1200.0
2023,Nov,Samba/Thaladi,DHARMAPURI,blackgram,pulses,sandy soils to heavy cotton soils,6.5,7.8,70.0,75.0,313.41,38.73,23.19,600.0,1000.0
2022,Jul,Kuruvai/Sornavari,NAGAPATTINAM,groundnut,oil seeds,Well-drained sandy loam or sandy clay loam soil ,6.5,7.0,140.0,150.0,232.18,42.21,12.01,500.0,700.0
2022,Jul,Kuruvai/Sornavari,KANCHEEPURAM,snake gourd,vegetables,Loamy soil/ Lateritic soil,6.0,6.7,90.0,90.0,785.02,26.82,20.16,900.0,1200.0
2025,Sep,Kuruvai/Sornavari,SALEM,radish,Root&tuber,Well grained deep loamy moist and alluviual soil,5.5,6.8,21.0,21.0,438.87,24.8,10.83,1000.0,1000.0
2021,Feb,Navarai/Kodai,THOOTHUKUDI,cotton,fibre crop," black soils, (ii) red soils and (iii) alluvial soils.",7.0,8.0,135.0,140.0,217.66,30.11,25.22,700.0,1300.0
2024,Jun,Kuruvai/Sornavari,THENI,soundal,forage crops,Well drained sandy loam and clayey loam soils ,5.5,7.5,40.0,80.0,224.12,33.55,20.3,500.0,480.0
2022,Feb,Navarai/Kodai,SALEM,radish,Root&tuber,Well grained deep loamy moist and alluviual soil,5.5,6.8,21.0,21.0,469.74,20.98,11.08,1000.0,1000.0
2025,Apr,Navarai/Kodai,TIRUVARUR,elephant foot yam,Root&tuber,Rich red loamy soil,5.5,7.0,240.0,240.0,601.03,32.54,29.01,1000.0,1500.0
2021,Aug,Kuruvai/Sornavari,KANCHEEPURAM,wheat,cereals,Well Drained,6.0,7.0,80.0,90.0,418.28,25.88,24.23,450.0,650.0
2022,Mar,Navarai/Kodai,KANYAKUMARI,cauliflower,colecrops,LoamySandy,6.5,6.8,55.0,100.0,237.3,31.47,10.0,380.0,500.0
2025,Oct,Samba/Thaladi,MADURAI,lablab,vegetables,Well drained loamy soil,6.5,8.5,70.0,75.0,729.13,34.43,26.89,900.0,1200.0
2025,Feb,Navarai/Kodai,NAMAKAL,kollukattai pullu,forage crops,Well drained sandy loam and clayey loam soils ,7.0,7.5,45.0,55.0,168.2,30.38,24.2,500.0,480.0
2025,Jan,Navarai/Kodai,ERODE,Rhubarb,minor vegetables,Sandy loam,6.0,6.8,56.0,70.0,460.93,25.93,10.0,900.0,1200.0
2022,Sep,Kuruvai/Sornavari,VILLUPURAM,Knol-khol,minor vegetables,Sandy loam,5.5,7.0,50.0,65.0,234.43,29.68,16.45,900.0,1200.0
2023,Dec,Samba/Thaladi,DHARMAPURI,celery,greenleafy,Silt Loam to loamy,6.0,8.5,120.0,150.0,538.02,25.91,16.27,1000.0,1000.0
2024,May,Navarai/Kodai,NAMAKAL,cowpea,pulses, well-drained sandy loams or sandy soils ,5.0,6.5,60.0,90.0,219.92,28.49,23.2,400.0,700.0
2023,Mar,Navarai/Kodai,VIRUDHUNAGAR,swordbean,pulses, well-drained sandy loams or sandy soils ,5.0,6.0,110.0,120.0,765.19,36.87,14.7,900.0,1500.0
2025,Oct,Samba/Thaladi,THENI,cotton,fibre crop," black soils, (ii) red soils and (iii) alluvial soils.",7.0,8.0,135.0,140.0,749.22,26.15,22.53,700.0,1300.0
2024,Aug,Kuruvai/Sornavari,CUDDALORE,Basella,minor vegetables,Sandy loam,5.5,8.0,70.0,70.0,687.7,32.42,15.25,900.0,1200.0
2024,Dec,Samba/Thaladi,PUDUKKOTTAI,Cabbage,colecrops,LoamySandy,6.0,6.5,80.0,180.0,255.89,25.53,11.35,380.0,500.0
2023,Mar,Navarai/Kodai,THE NILGRIS,sweet potato,Root&tuber,well-drained soil,5.7,6.7,90.0,120.0,539.61,25.14,21.34,1000.0,1000.0
2023,Apr,Navarai/Kodai,SIVAGANGAI,velimasal,forage crops,Well drained sandy loam and clayey loam soils ,5.8,7.0,45.0,55.0,198.74,32.12,29.05,300.0,350.0
2022,Dec,Samba/Thaladi,JAWAD HILLS,bitter gourd,vegetables,Well drained loamy soil,6.5,7.0,55.0,60.0,783.43,26.68,29.24,900.0,1200.0
2021,Feb,Navarai/Kodai,THE NILGRIS,Chakravathi keerai,minor vegetables,Sandy loam,4.5,8.3,100.0,100.0,706.62,25.08,13.34,900.0,1200.0
2025,May,Navarai/Kodai,VILLUPURAM,muyal masal,forage crops,Well drained sandy loam and clayey loam soils ,5.5,7.5,75.0,65.0,192.95,33.51,23.3,500.0,480.0
2022,Oct,Samba/Thaladi,PERAMBALUR,curry leaf,greenleafy,Red sandy loam,5.2,5.5,90.0,85.0,499.49,37.87,28.55,1000.0,1000.0
2022,Dec,Samba/Thaladi,SIVAGANGAI,onion,vegetables, Any Loamy,5.8,6.5,100.0,120.0,175.88,26.04,18.05,350.0,550.0
2023,Jul,Kuruvai/Sornavari,MADURAI,Ceylon spinach,minor vegetables,Sandy loam,6.5,7.0,40.0,50.0,546.62,24.01,10.69,900.0,1200.0
2023,Jan,Navarai/Kodai,THE NILGRIS,Celery,minor vegetables,Sandy loam,5.8,6.8,120.0,150.0,665.73,24.2,13.41,900.0,1200.0
2023,Apr,Navarai/Kodai,MADURAI,chinese potato,Root&tuber,well-drained soil,4.8,5.8,120.0,150.0,595.97,22.71,18.18,1000.0,1000.0
2021,Apr,Navarai/Kodai,VELLORE,soyabean,pulses,"Well-drained, Loamy Soil",6.0,7.0,90.0,100.0,268.74,32.85,14.38,450.0,700.0
2024,Feb,Navarai/Kodai,THIRUVANNAMALAI,panivaragu,millets,sandy loam to clays of black cotton soils,5.5,7.0,70.0,75.0,149.53,42.98,12.73,330.0,350.0
2024,Aug,Kuruvai/Sornavari,KOLLI HILLS,Chinese cabbage,minor vegetables,Sandy loam,5.5,7.0,50.0,80.0,320.55,24.28,18.33,900.0,1200.0
2021,Mar,Navarai/Kodai,VELLORE,bellary onion,minor vegetables,Sandy loam,5.8,6.5,150.0,150.0,651.21,25.36,16.17,900.0,1200.0
2021,Jul,Kuruvai/Sornavari,NAMAKAL,cowpea,pulses, well-drained sandy loams or sandy soils ,5.0,6.5,60.0,90.0,388.28,27.66,19.14,400.0,700.0
2025,Aug,Kuruvai/Sornavari,THIRUNELVELI,Brussels sprout,minor vegetables,Sandy loam,6.5,6.8,12.0,12.0,489.34,26.53,18.5,900.0,1200.0
2021,Feb,Navarai/Kodai,RAMANATHANPURAM,Mint,minor vegetables,Loamy soil,6.5,7.0,100.0,120.0,615.19,25.85,24.05,1000.0,1100.0
2022,Jul,Kuruvai/Sornavari,SIVAGANGAI,gingely,oil seeds,"Loams, silt loams, clay loams, or silty clay loams",5.5,8.0,85.0,90.0,168.63,36.73,26.56,350.0,400.0
2024,Apr,Navarai/Kodai,NAGAPATTINAM,cotton,fibre crop," black soils, (ii) red soils and (iii) alluvial soils.",7.0,8.0,135.0,140.0,288.17,25.15,23.42,700.0,1300.0
2024,Mar,Navarai/Kodai,TANJORE,muskmelon,vegetables,Sandy Loam,6.5,7.5,70.0,100.0,365.51,31.27,26.12,900.0,1200.0
2021,Mar,Navarai/Kodai,HILLY REGIONS OF SHEVROY,sweet potato,Root&tuber,well-drained soil,5.7,6.7,90.0,120.0,565.43,27.12,19.49,1000.0,1000.0
2022,Mar,Navarai/Kodai,VIRUDHUNAGAR,pumpkin,vegetables,Loamy soil/ Lateritic soil,6.0,7.0,115.0,120.0,363.61,26.87,16.23,900.0,1200.0
2021,Jan,Navarai/Kodai,DINDIGUL,kollukattai pullu,forage crops,Well drained sandy loam and clayey loam soils ,7.0,7.5,45.0,55.0,270.52,30.37,24.79,500.0,480.0
2022,Aug,Kuruvai/Sornavari,VIRUDHUNAGAR,bengalgram,pulses,medium to heavy black soil,5.5,7.0,90.0,120.0,483.7,27.06,18.29,650.0,1000.0
2025,Apr,Navarai/Kodai,ERODE,kudirai masi,forage crops,Well drained sandy loam and clayey loam soils ,6.5,7.5,45.0,55.0,98.26,33.45,25.37,300.0,350.0
2024,Mar,Navarai/Kodai,THIRUPPUR,groundnut,oil seeds,Well-drained sandy loam or sandy clay loam soil ,6.5,7.0,140.0,150.0,314.13,42.57,15.5,500.0,700.0
2024,Mar,Navarai/Kodai,KANYAKUMARI,gherkins,vegetables,Sandy loam,5.8,7.0,90.0,90.0,487.71,36.44,19.15,900.0,1200.0
2022,Oct,Samba/Thaladi,ARIYALUR,Butter bean,minor vegetables,Sandy loam,6.0,7.0,80.0,100.0,415.36,25.73,17.97,900.0,1200.0
2025,Sep,Kuruvai/Sornavari,RAMANATHANPURAM,chinese potato,Root&tuber,well-drained soil,4.8,5.8,120.0,150.0,268.67,23.46,15.84,1000.0,1000.0
2022,Nov,Samba/Thaladi,ERODE,wheat,cereals,Well Drained,6.0,7.0,80.0,90.0,244.48,25.84,20.36,450.0,650.0
2022,May,Navarai/Kodai,THIRUCHIRAPALLI,Asparagus,minor vegetables,Sandy loam,6.0,6.7,730.0,730.0,568.35,25.5,16.4,900.0,1200.0
2022,Nov,Samba/Thaladi,CUDDALORE,cluster bean,vegetables,Sandy Loam,7.0,8.5,60.0,90.0,371.69,26.34,21.72,900.0,1200.0
2025,Nov,Samba/Thaladi,ERODE,curry leaf,greenleafy,Red sandy loam,5.2,5.5,90.0,85.0,283.67,36.52,24.33,1000.0,1000.0
2022,Mar,Navarai/Kodai,THIRUCHIRAPALLI,annual moringa,vegetables,Sandy loam,6.5,8.0,210.0,240.0,581.91,31.52,23.59,900.0,1200.0
2023,Aug,Kuruvai/Sornavari,KRISHNAGIRI,celery,greenleafy,Silt Loam to loamy,6.0,8.5,120.0,150.0,264.09,30.05,16.33,1000.0,1000.0
2025,Dec,Samba/Thaladi,PUDUKKOTTAI,celery,greenleafy,Silt Loam to loamy,6.0,8.5,120.0,150.0,307.09,28.57,13.54,1000.0,1000.0
2022,Dec,Samba/Thaladi,THIRUVALLUR,bhendi,vegetables,Loamy soil/ Lateritic soil,6.0,6.8,55.0,65.0,350.18,25.86,22.26,1200.0,2200.0
2021,Apr,Navarai/Kodai,THIRUNELVELI,samai,millets,Loamy Soil,8.5,9.0,80.0,100.0,384.15,41.91,24.82,480.0,750.0
2025,Jan,Navarai/Kodai,SALEM,Winged Bean,minor vegetables,Sandy loam,7.0,12.0,42.0,42.0,751.63,26.81,25.45,900.0,1200.0
2024,Sep,Kuruvai/Sornavari,CAUVERY,sugarbeet,sugar crops,Well drained sandy loam and clayey loam soils ,6.0,8.0,150.0,180.0,336.46,26.21,16.92,600.0,800.0
2021,Dec,Samba/Thaladi,KRISHNAGIRI,Chekurmanis,minor vegetables,Sandy loam,5.5,7.5,90.0,120.0,671.36,36.95,28.44,900.0,1200.0
2023,Jul,Kuruvai/Sornavari,SIVAGANGAI,safflower,oil seeds,"Loams, silt loams, clay loams, or silty clay loams",5.4,8.2,120.0,125.0,157.08,31.97,20.49,550.0,725.0
2022,Aug,Kuruvai/Sornavari,CHENGLEPUT,curry leaf,greenleafy,Red sandy loam,5.2,5.5,90.0,85.0,602.49,33.57,28.89,1000.0,1000.0
2021,Jun,Kuruvai/Sornavari,CAUVERY,castor,oil seeds,"Loams, silt loams, clay loams, or silty clay loams",5.0,8.5,120.0,160.0,303.78,25.81,26.99,500.0,500.0
2023,Jun,Kuruvai/Sornavari,DHARMAPURI,chinese potato,Root&tuber,well-drained soil,4.8,5.8,120.0,150.0,631.51,22.15,14.33,1000.0,1000.0
2025,Feb,Navarai/Kodai,RAMANATHANPURAM,onion,vegetables, Any Loamy,5.8,6.5,100.0,120.0,336.86,26.95,24.08,350.0,550.0
2025,Dec,Samba/Thaladi,ARIYALUR,cowpea,pulses, well-drained sandy loams or sandy soils ,5.0,6.5,60.0,90.0,289.36,31.47,18.78,400.0,700.0
2022,Sep,Kuruvai/Sornavari,THENI,thinai,millets,"alluvial,loamy ",5.5,7.0,85.0,90.0,415.67,29.55,23.2,500.0,900.0
2024,Nov,Samba/Thaladi,THOOTHUKUDI,carrot,Root&tuber,light or sandy loam soil,6.0,7.0,75.0,75.0,498.73,23.2,16.11,1000.0,1000.0
2022,Oct,Samba/Thaladi,THALAVADI HILLS,maize,millets,temperate podzols to the leached red soils of the tropics. ,5.5,7.0,105.0,110.0,467.32,28.88,21.89,500.0,800.0
2024,May,Navarai/Kodai,VELLORE,Asparagus,minor vegetables,Sandy loam,6.0,6.7,730.0,730.0,300.02,26.52,13.75,900.0,1200.0
2023,Feb,Navarai/Kodai,TANJORE,tobacco,other crops,Well drained sandy loam and clayey loam soils ,7.5,8.5,90.0,100.0,239.54,32.53,28.89,800.0,1000.0
2025,Feb,Navarai/Kodai,KOLLI HILLS,cluster bean,vegetables,Sandy Loam,7.0,8.5,60.0,90.0,797.75,25.25,19.43,900.0,1200.0
2025,Oct,Samba/Thaladi,CUDDALORE,sunflower,oil seeds,"Loams, silt loams, clay loams, or silty clay loams",6.5,8.0,85.0,95.0,283.53,26.87,18.92,350.0,500.0
2023,May,Navarai/Kodai,THIRUNELVELI,curry leaf,greenleafy,Red sandy loam,5.2,5.5,90.0,85.0,272.46,37.37,29.94,1000.0,1000.0
2025,Sep,Kuruvai/Sornavari,KARUR,Rhubarb,minor vegetables,Sandy loam,6.0,6.8,56.0,70.0,452.43,25.72,10.0,900.0,1200.0
2024,Nov,Samba/Thaladi,THIRUCHIRAPALLI,kollukattai pullu,forage crops,Well drained sandy loam and clayey loam soils ,7.0,7.5,45.0,55.0,180.94,27.75,20.71,500.0,480.0
2022,Feb,Navarai/Kodai,JAWAD HILLS,chinese potato,Root&tuber,well-drained soil,4.8,5.8,120.0,150.0,392.49,23.8,19.6,1000.0,1000.0
2025,Nov,Samba/Thaladi,SIVAGANGAI,redgram,pulses,deep loam soils,6.5,7.0,120.0,150.0,929.92,28.29,18.96,600.0,1400.0
2024,Feb,Navarai/Kodai,VIRUDHUNAGAR,kollukattai pullu,forage crops,Well drained sandy loam and clayey loam soils ,7.0,7.5,45.0,55.0,151.57,28.79,20.27,500.0,480.0
2023,Oct,Samba/Thaladi,SALEM,Phaseolus lunatus,minor vegetables,Sandy loam,6.0,6.8,90.0,90.0,1196.09,26.92,18.47,900.0,2000.0
2023,Dec,Samba/Thaladi,VILLUPURAM,lablab,vegetables,Well drained loamy soil,6.5,8.5,70.0,75.0,592.44,31.85,25.84,900.0,1200.0
2024,Dec,Samba/Thaladi,NAGAPATTINAM,sugarcane,sugar crops,Clayey Loamy Soil/ Black Cotton Soil/ Red Loamy Soil/ Brown Loamy Soil,6.5,8.0,300.0,330.0,746.04,25.66,22.01,1500.0,2500.0
2021,Nov,Samba/Thaladi,KARUR,french bean,vegetables,Well drained loamy soil,5.5,6.0,40.0,50.0,788.03,25.55,13.36,900.0,1200.0
2021,Nov,Samba/Thaladi,VILLUPURAM,varagu,millets,clay-based soil,5.5,6.5,120.0,120.0,541.97,27.08,24.43,500.0,900.0
2024,Apr,Navarai/Kodai,DHARMAPURI,samai,millets,Loamy Soil,8.5,9.0,80.0,100.0,493.8,35.4,28.17,480.0,750.0
2024,Apr,Navarai/Kodai,NAGAPATTINAM,fodder cumbu,forage crops,Well drained sandy loam and clayey loam soils ,4.0,7.5,45.0,120.0,161.95,36.48,29.73,500.0,480.0
2025,Jan,Navarai/Kodai,KANYAKUMARI,fieldlablab,pulses,Well drained loamy soil,6.2,7.0,105.0,105.0,344.71,28.38,21.87,650.0,1000.0
2023,Nov,Samba/Thaladi,CHENGLEPUT,gherkins,vegetables,Sandy loam,5.8,7.0,90.0,90.0,591.99,36.97,15.8,900.0,1200.0
2021,Jun,Kuruvai/Sornavari,TIRUVARUR,cauliflower,colecrops,LoamySandy,6.5,6.8,55.0,100.0,181.79,26.91,10.0,380.0,500.0
2025,May,Navarai/Kodai,VELLORE,thinai,millets,"alluvial,loamy ",5.5,7.0,85.0,90.0,526.27,27.23,21.0,500.0,900.0
2022,Nov,Samba/Thaladi,THENI,ribbed gourd,vegetables,Sandy Loam,6.5,7.5,125.0,125.0,437.75,30.35,25.78,900.0,1200.0
2022,May,Navarai/Kodai,KANYAKUMARI,Turnip,minor vegetables,Loamy soil,5.5,6.8,42.0,56.0,685.94,18.6,10.15,900.0,1200.0
2023,Jun,Kuruvai/Sornavari,THENI,sweet sorghum,sugar crops,Well drained sandy loam and clayey loam soils ,6.0,8.5,115.0,125.0,242.46,27.24,24.56,500.0,600.0
2025,Jul,Kuruvai/Sornavari,NAGAPATTINAM,carrot,Root&tuber,light or sandy loam soil,6.0,7.0,75.0,75.0,352.42,22.98,18.27,1000.0,1000.0
2024,Jan,Navarai/Kodai,THOOTHUKUDI,Celery,minor vegetables,Sandy loam,5.8,6.8,120.0,150.0,226.3,23.57,19.35,900.0,1200.0
2023,Jun,Kuruvai/Sornavari,HILLY REGIONS OF SHEVROY,cauliflower,colecrops,LoamySandy,6.5,6.8,55.0,100.0,124.16,28.19,10.0,380.0,500.0
2024,Jul,Kuruvai/Sornavari,THIRUPPUR,Palak,minor vegetables,Sandy loam,6.5,7.0,37.0,45.0,654.92,28.26,12.68,900.0,1200.0
2024,Jul,Kuruvai/Sornavari,CHENGLEPUT,castor,oil seeds,"Loams, silt loams, clay loams, or silty clay loams",5.0,8.5,120.0,160.0,275.58,26.47,22.0,500.0,500.0
2022,Jul,Kuruvai/Sornavari,THIRUVALLUR,kollukattai pullu,forage crops,Well drained sandy loam and clayey loam soils ,7.0,7.5,45.0,55.0,249.55,30.31,21.73,500.0,480.0
2024,Apr,Navarai/Kodai,KRISHNAGIRI,kudiraivali,millets,Loamy Soil,5.5,7.0,75.0,95.0,400.61,23.41,23.89,500.0,900.0
2022,Oct,Samba/Thaladi,ARIYALUR,Palak,minor vegetables,Sandy loam,6.5,7.0,37.0,45.0,393.36,31.59,12.78,900.0,1200.0
2021,Aug,Kuruvai/Sornavari,VELLORE,bengalgram,pulses,medium to heavy black soil,5.5,7.0,90.0,120.0,265.58,26.19,18.21,650.0,1000.0
2025,Jan,Navarai/Kodai,THIRUPPUR,Celery,minor vegetables,Sandy loam,5.8,6.8,120.0,150.0,431.22,24.59,15.2,900.0,1200.0
2021,Apr,Navarai/Kodai,JAWAD HILLS,maize,millets,temperate podzols to the leached red soils of the tropics. ,5.5,7.0,105.0,110.0,326.16,28.63,16.78,500.0,800.0
2021,Apr,Navarai/Kodai,PUDUKKOTTAI,jute,fibre crop,Sandy and Clay Loam,6.0,7.5,120.0,140.0,304.35,34.96,25.95,1000.0,1300.0
2023,May,Navarai/Kodai,CHENGLEPUT,kollukattai pullu,forage crops,Well drained sandy loam and clayey loam soils ,7.0,7.5,45.0,55.0,179.72,27.97,20.17,500.0,480.0
2021,Dec,Samba/Thaladi,KARUR,beetroot,Root&tuber,all types of friable soil,6.0,7.0,45.0,65.0,598.27,24.64,21.51,1000.0,1000.0
2024,Nov,Samba/Thaladi,CHENGLEPUT,Ceylon spinach,minor vegetables,Sandy loam,6.5,7.0,40.0,50.0,673.26,24.67,12.54,900.0,1200.0
2023,Mar,Navarai/Kodai,THIRUPPUR,muskmelon,vegetables,Sandy Loam,6.5,7.5,70.0,100.0,326.64,34.84,27.02,900.0,1200.0
2023,Dec,Samba/Thaladi,NAGAPATTINAM,maize,millets,temperate podzols to the leached red soils of the tropics. ,5.5,7.0,105.0,110.0,503.36,28.8,17.03,500.0,800.0
2022,Apr,Navarai/Kodai,ERODE,kudirai masi,forage crops,Well drained sandy loam and clayey loam soils ,6.5,7.5,45.0,55.0,169.04,31.19,26.5,300.0,350.0
2021,Sep,Kuruvai/Sornavari,THE NILGRIS,vegetable cowpea,vegetables,Sandy loam,5.6,6.0,45.0,90.0,268.32,31.23,21.06,900.0,1200.0
2021,Nov,Samba/Thaladi,CUDDALORE,cauliflower,colecrops,LoamySandy,6.5,6.8,55.0,100.0,296.69,28.7,10.0,380.0,500.0
2021,Oct,Samba/Thaladi,NAGAPATTINAM,redgram,pulses,deep loam soils,6.5,7.0,120.0,150.0,391.18,31.96,20.24,600.0,1400.0
2024,Feb,Navarai/Kodai,DINDIGUL,bellary onion,minor vegetables,Sandy loam,5.8,6.5,150.0,150.0,373.25,25.61,13.57,900.0,1200.0
2024,Apr,Navarai/Kodai,COIMBATORE,kudirai masi,forage crops,Well drained sandy loam and clayey loam soils ,6.5,7.5,45.0,55.0,92.98,32.92,28.16,300.0,350.0
2021,Jan,Navarai/Kodai,DHARMAPURI,brinjal,vegetables,Loamy soil/ Lateritic soil,6.0,7.5,100.0,150.0,517.3,29.5,22.32,900.0,1200.0
2024,Oct,Samba/Thaladi,DHARMAPURI,Bread fruit,minor vegetables,Sandy loam,6.1,7.4,100.0,100.0,1178.6,35.16,19.75,2030.0,2540.0
2025,Jan,Navarai/Kodai,NAMAKAL,Pearl millet,millets,"clay, clay loam, or sandy loam soils",5.5,7.5,75.0,85.0,91.89,41.17,10.29,350.0,500.0
2023,Jul,Kuruvai/Sornavari,THIRUVANNAMALAI,fieldlablab,pulses,Well drained loamy soil,6.2,7.0,105.0,105.0,589.72,31.81,19.26,650.0,1000.0
2023,Jun,Kuruvai/Sornavari,SIVAGANGAI,bhendi,vegetables,Loamy soil/ Lateritic soil,6.0,6.8,55.0,65.0,716.48,28.51,26.73,1200.0,2200.0
2022,Apr,Navarai/Kodai,THALAVADI HILLS,lablab,vegetables,Well drained loamy soil,6.5,8.5,70.0,75.0,355.39,30.57,24.82,900.0,1200.0
2022,Dec,Samba/Thaladi,THALAVADI HILLS,curry leaf,greenleafy,Red sandy loam,5.2,5.5,90.0,85.0,504.67,32.86,27.24,1000.0,1000.0
2021,May,Navarai/Kodai,KANCHEEPURAM,bhendi,vegetables,Loamy soil/ Lateritic soil,6.0,6.8,55.0,65.0,642.91,26.73,27.65,1200.0,2200.0
2022,Feb,Navarai/Kodai,VELLORE,Chinese cabbage,minor vegetables,Sandy loam,5.5,7.0,50.0,80.0,407.51,24.03,19.29,900.0,1200.0
2025,Jun,Kuruvai/Sornavari,RAMANATHANPURAM,curry leaf,greenleafy,Red sandy loam,5.2,5.5,90.0,85.0,559.73,33.35,24.6,1000.0,1000.0
2021,Aug,Kuruvai/Sornavari,SALEM,ribbed gourd,vegetables,Sandy Loam,6.5,7.5,125.0,125.0,490.65,36.0,25.63,900.0,1200.0
2022,May,Navarai/Kodai,KANYAKUMARI,Chekurmanis,minor vegetables,Sandy loam,5.5,7.5,90.0,120.0,275.23,30.29,24.61,900.0,1200.0
2021,Jan,Navarai/Kodai,THENI,capsicum,vegetables,Loamy soil/ Lateritic soil,5.5,7.0,60.0,60.0,199.62,30.59,13.93,500.0,1200.0
2024,Aug,Kuruvai/Sornavari,NAGAPATTINAM,chinese potato,Root&tuber,well-drained soil,4.8,5.8,120.0,150.0,479.83,23.46,17.63,1000.0,1000.0
2025,Oct,Samba/Thaladi,DHARMAPURI,muskmelon,vegetables,Sandy Loam,6.5,7.5,70.0,100.0,354.04,35.12,26.93,900.0,1200.0
2023,Jun,Kuruvai/Sornavari,SIVAGANGAI,Turnip,minor vegetables,Loamy soil,5.5,6.8,42.0,56.0,658.85,21.39,12.53,900.0,1200.0
2024,Jul,Kuruvai/Sornavari,JAWAD HILLS,fieldlablab,pulses,Well drained loamy soil,6.2,7.0,105.0,105.0,477.1,28.54,17.01,650.0,1000.0
2022,Mar,Navarai/Kodai,COIMBATORE,velimasal,forage crops,Well drained sandy loam and clayey loam soils ,5.8,7.0,45.0,55.0,209.39,32.77,24.22,300.0,350.0
2022,Aug,Kuruvai/Sornavari,KOLLI HILLS,cauliflower,colecrops,LoamySandy,6.5,6.8,55.0,100.0,294.98,30.76,10.0,380.0,500.0
2023,Sep,Kuruvai/Sornavari,VILLUPURAM,Butter bean,minor vegetables,Sandy loam,6.0,7.0,80.0,100.0,749.68,26.96,16.27,900.0,1200.0
2025,Mar,Navarai/Kodai,SALEM,Coccinia,minor vegetables,Sandy loam,6.0,6.5,90.0,90.0,371.07,32.29,22.59,900.0,1200.0
2022,Jul,Kuruvai/Sornavari,TANJORE,jute,fibre crop,Sandy and Clay Loam,6.0,7.5,120.0,140.0,617.09,38.06,22.23,1000.0,1300.0
2024,Nov,Samba/Thaladi,DHARMAPURI,Knol-khol,minor vegetables,Sandy loam,5.5,7.0,50.0,65.0,562.59,31.06,17.15,900.0,1200.0
2022,Dec,Samba/Thaladi,SALEM,beetroot,Root&tuber,all types of friable soil,6.0,7.0,45.0,65.0,385.26,23.01,18.09,1000.0,1000.0
2023,Aug,Kuruvai/Sornavari,KARUR,vegetable cowpea,vegetables,Sandy loam,5.6,6.0,45.0,90.0,308.75,30.96,20.53,900.0,1200.0
2024,Apr,Navarai/Kodai,KANCHEEPURAM,annual moringa,vegetables,Sandy loam,6.5,8.0,210.0,240.0,477.78,33.33,29.91,900.0,1200.0
2025,Jul,Kuruvai/Sornavari,ERODE,radish,Root&tuber,Well grained deep loamy moist and alluviual soil,5.5,6.8,21.0,21.0,276.34,24.17,11.34,1000.0,1000.0
2023,Dec,Samba/Thaladi,SALEM,Chekurmanis,minor vegetables,Sandy loam,5.5,7.5,90.0,120.0,752.3,33.18,28.72,900.0,1200.0
2023,Feb,Navarai/Kodai,RAMANATHANPURAM,bengalgram,pulses,medium to heavy black soil,5.5,7.0,90.0,120.0,634.14,27.4,23.84,650.0,1000.0
2022,Oct,Samba/Thaladi,THIRUVALLUR,sweet sorghum,sugar crops,Well drained sandy loam and clayey loam soils ,6.0,8.5,115.0,125.0,361.18,28.37,28.08,500.0,600.0
2023,Aug,Kuruvai/Sornavari,CHENGLEPUT,Palak,minor vegetables,Sandy loam,6.5,7.0,37.0,45.0,231.54,27.67,14.46,900.0,1200.0
2021,Dec,Samba/Thaladi,CUDDALORE,Brussels sprout,minor vegetables,Sandy loam,6.5,6.8,12.0,12.0,292.24,26.57,16.16,900.0,1200.0
2021,Dec,Samba/Thaladi,TANJORE,Mint,minor vegetables,Loamy soil,6.5,7.0,100.0,120.0,630.43,25.37,20.41,1000.0,1100.0
2022,Oct,Samba/Thaladi,MADURAI,bengalgram,pulses,medium to heavy black soil,5.5,7.0,90.0,120.0,535.11,31.63,24.19,650.0,1000.0
2021,Mar,Navarai/Kodai,KANCHEEPURAM,Chinese cabbage,minor vegetables,Sandy loam,5.5,7.0,50.0,80.0,463.34,24.13,15.29,900.0,1200.0
2022,Nov,Samba/Thaladi,THIRUPPUR,watermelon,vegetables,Sandy,6.0,7.5,70.0,85.0,551.72,28.04,23.34,900.0,1200.0
2023,Aug,Kuruvai/Sornavari,KARUR,Chekurmanis,minor vegetables,Sandy loam,5.5,7.5,90.0,120.0,566.32,32.93,28.01,900.0,1200.0
2024,Jan,Navarai/Kodai,KANCHEEPURAM,chowchow,vegetables,Loamy soil/ Lateritic soil,5.5,6.5,150.0,150.0,598.75,24.63,19.28,1200.0,1500.0
2021,Jul,Kuruvai/Sornavari,DINDIGUL,dioscorea,Root&tuber,well-drained soil,6.0,6.5,270.0,300.0,252.17,34.26,30.0,1000.0,2000.0
2024,May,Navarai/Kodai,THALAVADI HILLS,cluster bean,vegetables,Sandy Loam,7.0,8.5,60.0,90.0,234.71,26.48,20.86,900.0,1200.0
2023,Oct,Samba/Thaladi,THALAVADI HILLS,niger,oil seeds,"Loams, silt loams, clay loams, or silty clay loams",5.2,7.3,80.0,80.0,472.04,25.0,17.81,1000.0,1300.0
2023,Aug,Kuruvai/Sornavari,CHENGLEPUT,elephant foot yam,Root&tuber,Rich red loamy soil,5.5,7.0,240.0,240.0,374.77,35.02,25.1,1000.0,1500.0
2022,Sep,Kuruvai/Sornavari,TANJORE,Mint,minor vegetables,Loamy soil,6.5,7.0,100.0,120.0,600.73,25.76,21.5,1000.0,1100.0
2021,Jun,Kuruvai/Sornavari,KANCHEEPURAM,Coccinia,minor vegetables,Sandy loam,6.0,6.5,90.0,90.0,388.04,29.32,18.49,900.0,1200.0
2022,Jun,Kuruvai/Sornavari,HILLY REGIONS OF SHEVROY,niger,oil seeds,"Loams, silt loams, clay loams, or silty clay loams",5.2,7.3,80.0,80.0,385.87,25.0,17.99,1000.0,1300.0
2022,Apr,Navarai/Kodai,DHARMAPURI,gingely,oil seeds,"Loams, silt loams, clay loams, or silty clay loams",5.5,8.0,85.0,90.0,196.7,33.93,23.78,350.0,400.0
2023,Jan,Navarai/Kodai,PUDUKKOTTAI,Pearl millet,millets,"clay, clay loam, or sandy loam soils",5.5,7.5,75.0,85.0,295.58,40.81,15.89,350.0,500.0
2025,Jan,Navarai/Kodai,SALEM,onion,vegetables, Any Loamy,5.8,6.5,100.0,120.0,141.7,26.72,24.25,350.0,550.0
2022,Aug,Kuruvai/Sornavari,THENI,Chinese cabbage,minor vegetables,Sandy loam,5.5,7.0,50.0,80.0,517.59,24.36,19.44,900.0,1200.0
2025,May,Navarai/Kodai,THIRUPPUR,tomato,vegetables,Sandy loam,6.5,7.5,90.0,140.0,442.35,26.29,16.45,600.0,800.0
2022,Oct,Samba/Thaladi,ERODE,Asparagus,minor vegetables,Sandy loam,6.0,6.7,730.0,730.0,493.76,31.57,16.57,900.0,1200.0
2023,Jun,Kuruvai/Sornavari,VILLUPURAM,fieldlablab,pulses,Well drained loamy soil,6.2,7.0,105.0,105.0,510.99,26.4,17.51,650.0,1000.0
2024,Dec,Samba/Thaladi,THIRUNELVELI,radish,Root&tuber,Well grained deep loamy moist and alluviual soil,5.5,6.8,21.0,21.0,368.05,23.16,12.93,1000.0,1000.0
2024,May,Navarai/Kodai,THIRUPPUR,Celery,minor vegetables,Sandy loam,5.8,6.8,120.0,150.0,414.69,22.13,15.17,900.0,1200.0
2021,Jan,Navarai/Kodai,ERODE,fodder cowpea,forage crops,Well drained sandy loam and clayey loam soils ,5.0,6.5,50.0,65.0,192.29,28.62,20.59,300.0,350.0
2022,Jul,Kuruvai/Sornavari,THALAVADI HILLS,guinea grass,forage crops,Well drained sandy loam and clayey loam soils ,5.0,7.0,45.0,55.0,291.25,35.52,13.88,1000.0,480.0
2024,Jan,Navarai/Kodai,THOOTHUKUDI,dioscorea,Root&tuber,well-drained soil,6.0,6.5,270.0,300.0,1044.12,34.5,30.0,1000.0,2000.0
2021,Jul,Kuruvai/Sornavari,NAMAKAL,Pearl millet,millets,"clay, clay loam, or sandy loam soils",5.5,7.5,75.0,85.0,171.53,44.46,15.72,350.0,500.0
2023,Nov,Samba/Thaladi,NAMAKAL,castor,oil seeds,"Loams, silt loams, clay loams, or silty clay loams",5.0,8.5,120.0,160.0,276.26,26.76,26.54,500.0,500.0
2022,Jul,Kuruvai/Sornavari,ARIYALUR,sugarcane,sugar crops,Clayey Loamy Soil/ Black Cotton Soil/ Red Loamy Soil/ Brown Loamy Soil,6.5,8.0,300.0,330.0,1403.12,28.23,21.72,1500.0,2500.0
2021,Jul,Kuruvai/Sornavari,THIRUNELVELI,Rhubarb,minor vegetables,Sandy loam,6.0,6.8,56.0,70.0,472.79,25.82,10.0,900.0,1200.0
2025,Sep,Kuruvai/Sornavari,MADURAI,amaranthus,greenleafy,Silt Loam to loamy,6.5,7.5,70.0,75.0,405.72,29.51,18.82,1000.0,1000.0
2022,Dec,Samba/Thaladi,CAUVERY,fieldlablab,pulses,Well drained loamy soil,6.2,7.0,105.0,105.0,626.99,29.01,17.94,650.0,1000.0
2023,Jun,Kuruvai/Sornavari,CHENGLEPUT,muskmelon,vegetables,Sandy Loam,6.5,7.5,70.0,100.0,334.7,33.42,23.54,900.0,1200.0
2023,Feb,Navarai/Kodai,CUDDALORE,chinese potato,Root&tuber,well-drained soil,4.8,5.8,120.0,150.0,299.07,23.28,15.91,1000.0,1000.0
2023,May,Navarai/Kodai,THIRUVALLUR,Pearl millet,millets,"clay, clay loam, or sandy loam soils",5.5,7.5,75.0,85.0,164.84,40.03,10.72,350.0,500.0
2021,Oct,Samba/Thaladi,NAGAPATTINAM,blackgram,pulses,sandy soils to heavy cotton soils,6.5,7.8,70.0,75.0,165.78,42.34,24.5,600.0,1000.0
2024,Jul,Kuruvai/Sornavari,THIRUVANNAMALAI,peas,vegetables,Sandy loam,6.5,7.5,60.0,70.0,239.09,26.47,10.68,900.0,1200.0
2025,Mar,Navarai/Kodai,CAUVERY,sugarbeet,sugar crops,Well drained sandy loam and clayey loam soils ,6.0,8.0,150.0,180.0,454.62,25.81,15.68,600.0,800.0
2023,Apr,Navarai/Kodai,KRISHNAGIRI,cauliflower,colecrops,LoamySandy,6.5,6.8,55.0,100.0,294.21,28.69,10.0,380.0,500.0
2025,May,Navarai/Kodai,NAMAKAL,beetroot,Root&tuber,all types of friable soil,6.0,7.0,45.0,65.0,465.53,24.83,18.76,1000.0,1000.0
2022,Jan,Navarai/Kodai,KOLLI HILLS,soyabean,pulses,"Well-drained, Loamy Soil",6.0,7.0,90.0,100.0,208.34,33.67,19.18,450.0,700.0
2022,Nov,Samba/Thaladi,VILLUPURAM,Chinese cabbage,minor vegetables,Sandy loam,5.5,7.0,50.0,80.0,748.6,24.38,17.54,900.0,1200.0
2021,Sep,Kuruvai/Sornavari,THIRUVANNAMALAI,Asparagus,minor vegetables,Sandy loam,6.0,6.7,730.0,730.0,320.9,27.98,18.79,900.0,1200.0
2025,Dec,Samba/Thaladi,THOOTHUKUDI,Mint,minor vegetables,Loamy soil,6.5,7.0,100.0,120.0,490.97,25.59,19.31,1000.0,1100.0
2023,Aug,Kuruvai/Sornavari,THENI,Brussels sprout,minor vegetables,Sandy loam,6.5,6.8,12.0,12.0,793.5,26.45,15.47,900.0,1200.0
2025,Sep,Kuruvai/Sornavari,THALAVADI HILLS,tomato,vegetables,Sandy loam,6.5,7.5,90.0,140.0,265.47,25.95,20.41,600.0,800.0
2021,Dec,Samba/Thaladi,COIMBATORE,tobacco,other crops,Well drained sandy loam and clayey loam soils ,7.5,8.5,90.0,100.0,206.98,28.77,27.1,800.0,1000.0
2024,Nov,Samba/Thaladi,THENI,Bread fruit,minor vegetables,Sandy loam,6.1,7.4,100.0,100.0,1245.91,35.07,16.53,2030.0,2540.0
2024,Jun,Kuruvai/Sornavari,MADURAI,sugarcane,sugar crops,Clayey Loamy Soil/ Black Cotton Soil/ Red Loamy Soil/ Brown Loamy Soil,6.5,8.0,300.0,330.0,522.49,29.0,24.07,1500.0,2500.0
2022,Feb,Navarai/Kodai,VILLUPURAM,fodder cowpea,forage crops,Well drained sandy loam and clayey loam soils ,5.0,6.5,50.0,65.0,179.1,31.22,21.27,300.0,350.0
2022,Feb,Navarai/Kodai,VIRUDHUNAGAR,capsicum,vegetables,Loamy soil/ Lateritic soil,5.5,7.0,60.0,60.0,725.73,29.41,16.42,500.0,1200.0
2024,Apr,Navarai/Kodai,NAGAPATTINAM,Phaseolus lunatus,minor vegetables,Sandy loam,6.0,6.8,90.0,90.0,645.93,26.88,15.95,900.0,2000.0
2023,Apr,Navarai/Kodai,COIMBATORE,kudirai masi,forage crops,Well drained sandy loam and clayey loam soils ,6.5,7.5,45.0,55.0,217.61,30.22,24.81,300.0,350.0
2021,May,Navarai/Kodai,TANJORE,gherkins,vegetables,Sandy loam,5.8,7.0,90.0,90.0,709.98,34.07,16.71,900.0,1200.0
2023,Apr,Navarai/Kodai,ERODE,blackgram,pulses,sandy soils to heavy cotton soils,6.5,7.8,70.0,75.0,421.91,40.88,22.46,600.0,1000.0
2025,Aug,Kuruvai/Sornavari,CAUVERY,sugarbeet,sugar crops,Well drained sandy loam and clayey loam soils ,6.0,8.0,150.0,180.0,493.12,25.26,15.12,600.0,800.0
2024,Oct,Samba/Thaladi,THIRUPPUR,Knol-khol,minor vegetables,Sandy loam,5.5,7.0,50.0,65.0,648.02,27.53,18.01,900.0,1200.0
2022,Jan,Navarai/Kodai,DINDIGUL,kudiraivali,millets,Loamy Soil,5.5,7.0,75.0,95.0,139.09,22.36,22.02,500.0,900.0
2021,Dec,Samba/Thaladi,THIRUCHIRAPALLI,paprika,vegetables,Sandy loam,5.8,6.5,160.0,180.0,622.79,29.93,28.5,700.0,1000.0
2025,Feb,Navarai/Kodai,VIRUDHUNAGAR,Celery,minor vegetables,Sandy loam,5.8,6.8,120.0,150.0,694.11,23.62,17.6,900.0,1200.0
2022,Sep,Kuruvai/Sornavari,PERAMBALUR,snake gourd,vegetables,Loamy soil/ Lateritic soil,6.0,6.7,90.0,90.0,577.7,27.68,19.24,900.0,1200.0
2024,Dec,Samba/Thaladi,CAUVERY,kollukattai pullu,forage crops,Well drained sandy loam and clayey loam soils ,7.0,7.5,45.0,55.0,177.26,26.96,25.0,500.0,480.0
2024,Apr,Navarai/Kodai,KRISHNAGIRI,Mint,minor vegetables,Loamy soil,6.5,7.0,100.0,120.0,369.9,25.32,20.77,1000.0,1100.0
2022,Feb,Navarai/Kodai,KRISHNAGIRI,soundal,forage crops,Well drained sandy loam and clayey loam soils ,5.5,7.5,40.0,80.0,136.99,32.82,18.72,500.0,480.0
2024,Apr,Navarai/Kodai,SIVAGANGAI,rice,cereals,Alluvia or loamy and clayey soil,5.0,8.0,150.0,150.0,1228.84,36.78,19.73,900.0,2500.0
2024,Mar,Navarai/Kodai,CAUVERY,sugarbeet,sugar crops,Well drained sandy loam and clayey loam soils ,6.0,8.0,150.0,180.0,437.39,26.77,15.65,600.0,800.0
2023,Jun,Kuruvai/Sornavari,RAMANATHANPURAM,cotton,fibre crop," black soils, (ii) red soils and (iii) alluvial soils.",7.0,8.0,135.0,140.0,772.29,31.32,19.36,700.0,1300.0
2021,Jul,Kuruvai/Sornavari,COIMBATORE,Butter bean,minor vegetables,Sandy loam,6.0,7.0,80.0,100.0,390.17,27.26,21.94,900.0,1200.0
2022,Jul,Kuruvai/Sornavari,DINDIGUL,Pearl millet,millets,"clay, clay loam, or sandy loam soils",5.5,7.5,75.0,85.0,186.91,42.87,15.87,350.0,500.0
2024,Sep,Kuruvai/Sornavari,RAMANATHANPURAM,bhendi,vegetables,Loamy soil/ Lateritic soil,6.0,6.8,55.0,65.0,944.04,26.2,23.57,1200.0,2200.0
2023,Nov,Samba/Thaladi,THIRUVANNAMALAI,fodder cowpea,forage crops,Well drained sandy loam and clayey loam soils ,5.0,6.5,50.0,65.0,226.99,25.65,23.17,300.0,350.0
2021,Aug,Kuruvai/Sornavari,KANYAKUMARI,gardenlablab,pulses,wide range of soils,6.0,7.0,75.0,100.0,260.24,33.87,19.52,650.0,1000.0
2021,Mar,Navarai/Kodai,HILLY REGIONS OF SHEVROY,Cabbage,colecrops,LoamySandy,6.0,6.5,80.0,180.0,156.11,26.65,10.92,380.0,500.0
2021,Feb,Navarai/Kodai,NAGAPATTINAM,Basella,minor vegetables,Sandy loam,5.5,8.0,70.0,70.0,713.59,33.23,16.27,900.0,1200.0
2024,Apr,Navarai/Kodai,THIRUNELVELI,bottle gourd,vegetables,Sandy loam,6.0,6.7,120.0,120.0,266.29,26.29,16.72,900.0,1200.0
2025,Nov,Samba/Thaladi,KARUR,Bread fruit,minor vegetables,Sandy loam,6.1,7.4,100.0,100.0,1229.96,36.28,19.92,2030.0,2540.0
2022,Aug,Kuruvai/Sornavari,THIRUCHIRAPALLI,Phaseolus lunatus,minor vegetables,Sandy loam,6.0,6.8,90.0,90.0,235.62,26.26,14.06,900.0,2000.0
2024,Sep,Kuruvai/Sornavari,THOOTHUKUDI,peas,vegetables,Sandy loam,6.5,7.5,60.0,70.0,273.4,26.43,14.73,900.0,1200.0
2023,Oct,Samba/Thaladi,THIRUVALLUR,swordbean,pulses, well-drained sandy loams or sandy soils ,5.0,6.0,110.0,120.0,906.93,34.64,13.08,900.0,1500.0
2024,Dec,Samba/Thaladi,THIRUNELVELI,redgram,pulses,deep loam soils,6.5,7.0,120.0,150.0,456.86,27.37,16.89,600.0,1400.0
2023,Jul,Kuruvai/Sornavari,DINDIGUL,cluster bean,vegetables,Sandy Loam,7.0,8.5,60.0,90.0,735.65,25.04,19.43,900.0,1200.0
2024,Dec,Samba/Thaladi,CHENGLEPUT,fodder cholam,forage crops,Well drained sandy loam and clayey loam soils ,5.5,7.5,1095.0,1095.0,188.07,31.27,23.6,300.0,350.0
2022,Jul,Kuruvai/Sornavari,NAGAPATTINAM,varagu,millets,clay-based soil,5.5,6.5,120.0,120.0,389.96,27.08,26.13,500.0,900.0
2021,May,Navarai/Kodai,THIRUVANNAMALAI,fieldlablab,pulses,Well drained loamy soil,6.2,7.0,105.0,105.0,228.08,25.28,18.88,650.0,1000.0
2023,Nov,Samba/Thaladi,SALEM,tobacco,other crops,Well drained sandy loam and clayey loam soils ,7.5,8.5,90.0,100.0,397.34,32.04,27.33,800.0,1000.0
2022,Dec,Samba/Thaladi,VIRUDHUNAGAR,pumpkin,vegetables,Loamy soil/ Lateritic soil,6.0,7.0,115.0,120.0,717.53,25.41,18.9,900.0,1200.0
2021,May,Navarai/Kodai,THENI,thinai,millets,"alluvial,loamy ",5.5,7.0,85.0,90.0,519.5,27.47,21.85,500.0,900.0
2025,Apr,Navarai/Kodai,PERAMBALUR,guinea grass,forage crops,Well drained sandy loam and clayey loam soils ,5.0,7.0,45.0,55.0,253.62,34.97,16.72,1000.0,480.0
2021,Jan,Navarai/Kodai,ERODE,sunflower,oil seeds,"Loams, silt loams, clay loams, or silty clay loams",6.5,8.0,85.0,95.0,157.92,25.24,18.98,350.0,500.0
2024,Apr,Navarai/Kodai,THIRUVANNAMALAI,muskmelon,vegetables,Sandy Loam,6.5,7.5,70.0,100.0,424.75,33.82,24.26,900.0,1200.0
2023,Dec,Samba/Thaladi,KRISHNAGIRI,soundal,forage crops,Well drained sandy loam and clayey loam soils ,5.5,7.5,40.0,80.0,309.26,33.64,21.94,500.0,480.0
2021,Aug,Kuruvai/Sornavari,THE NILGRIS,rice,cereals,Alluvia or loamy and clayey soil,5.0,8.0,150.0,150.0,897.92,37.68,24.88,900.0,2500.0
2023,Dec,Samba/Thaladi,ERODE,kudirai masi,forage crops,Well drained sandy loam and clayey loam soils ,6.5,7.5,45.0,55.0,195.44,30.22,27.32,300.0,350.0
2025,May,Navarai/Kodai,THIRUPPUR,Bread fruit,minor vegetables,Sandy loam,6.1,7.4,100.0,100.0,1191.02,35.99,20.43,2030.0,2540.0
2023,Nov,Samba/Thaladi,THIRUVALLUR,sweet potato,Root&tuber,well-drained soil,5.7,6.7,90.0,120.0,633.87,26.18,24.14,1000.0,1000.0
2023,Feb,Navarai/Kodai,PUDUKKOTTAI,dioscorea,Root&tuber,well-drained soil,6.0,6.5,270.0,300.0,501.53,32.51,30.0,1000.0,2000.0
2021,Oct,Samba/Thaladi,THIRUCHIRAPALLI,Celery,minor vegetables,Sandy loam,5.8,6.8,120.0,150.0,629.67,22.82,13.34,900.0,1200.0
2021,Nov,Samba/Thaladi,JAWAD HILLS,niger,oil seeds,"Loams, silt loams, clay loams, or silty clay loams",5.2,7.3,80.0,80.0,823.28,25.0,13.08,1000.0,1300.0
2021,Feb,Navarai/Kodai,KOLLI HILLS,swordbean,pulses, well-drained sandy loams or sandy soils ,5.0,6.0,110.0,120.0,501.34,32.47,12.91,900.0,1500.0
2023,Mar,Navarai/Kodai,CUDDALORE,fodder cowpea,forage crops,Well drained sandy loam and clayey loam soils ,5.0,6.5,50.0,65.0,95.91,28.74,20.44,300.0,350.0
2021,Sep,Kuruvai/Sornavari,HILLY REGIONS OF SHEVROY,tomato,vegetables,Sandy loam,6.5,7.5,90.0,140.0,170.69,31.58,18.58,600.0,800.0
2022,Mar,Navarai/Kodai,VELLORE,sweet sorghum,sugar crops,Well drained sandy loam and clayey loam soils ,6.0,8.5,115.0,125.0,178.03,30.99,26.61,500.0,600.0
2023,Mar,Navarai/Kodai,THIRUVANNAMALAI,onion,vegetables, Any Loamy,5.8,6.5,100.0,120.0,190.23,26.61,19.95,350.0,550.0
2025,Jun,Kuruvai/Sornavari,CUDDALORE,greengram,pulses,well-drained sandy loams or sandy soils ,6.5,7.5,100.0,100.0,619.45,35.31,27.27,850.0,1000.0
2025,Jul,Kuruvai/Sornavari,CHENGLEPUT,kollukattai pullu,forage crops,Well drained sandy loam and clayey loam soils ,7.0,7.5,45.0,55.0,271.8,25.01,21.48,500.0,480.0
2025,Apr,Navarai/Kodai,THOOTHUKUDI,bengalgram,pulses,medium to heavy black soil,5.5,7.0,90.0,120.0,205.2,27.3,19.46,650.0,1000.0
2024,Sep,Kuruvai/Sornavari,CHENGLEPUT,annual moringa,vegetables,Sandy loam,6.5,8.0,210.0,240.0,704.17,30.86,25.68,900.0,1200.0
2025,Jan,Navarai/Kodai,TIRUVARUR,pumpkin,vegetables,Loamy soil/ Lateritic soil,6.0,7.0,115.0,120.0,291.29,27.1,21.54,900.0,1200.0
2021,May,Navarai/Kodai,RAMANATHANPURAM,cluster bean,vegetables,Sandy Loam,7.0,8.5,60.0,90.0,382.09,26.21,20.29,900.0,1200.0
2021,Dec,Samba/Thaladi,THE NILGRIS,fodder cumbu,forage crops,Well drained sandy loam and clayey loam soils ,4.0,7.5,45.0,120.0,180.62,34.27,28.74,500.0,480.0
2022,Jun,Kuruvai/Sornavari,THIRUVANNAMALAI,groundnut,oil seeds,Well-drained sandy loam or sandy clay loam soil ,6.5,7.0,140.0,150.0,362.99,44.24,14.96,500.0,700.0
2024,Aug,Kuruvai/Sornavari,DHARMAPURI,sugarcane,sugar crops,Clayey Loamy Soil/ Black Cotton Soil/ Red Loamy Soil/ Brown Loamy Soil,6.5,8.0,300.0,330.0,745.51,27.29,25.99,1500.0,2500.0
2022,Nov,Samba/Thaladi,SALEM,colocasia,Root&tuber,Well grained deep loamy moist and alluviual soil,5.5,7.0,150.0,180.0,549.01,31.68,21.8,1000.0,1000.0
2023,Mar,Navarai/Kodai,THIRUVANNAMALAI,samai,millets,Loamy Soil,8.5,9.0,80.0,100.0,376.24,38.78,27.77,480.0,750.0
2024,May,Navarai/Kodai,MADURAI,gardenlablab,pulses,wide range of soils,6.0,7.0,75.0,100.0,425.21,32.98,19.84,650.0,1000.0
2022,Sep,Kuruvai/Sornavari,KARUR,curry leaf,greenleafy,Red sandy loam,5.2,5.5,90.0,85.0,577.95,38.7,28.66,1000.0,1000.0
2023,Oct,Samba/Thaladi,VELLORE,Ceylon spinach,minor vegetables,Sandy loam,6.5,7.0,40.0,50.0,649.43,24.27,14.76,900.0,1200.0
2023,Apr,Navarai/Kodai,CAUVERY,onion,vegetables, Any Loamy,5.8,6.5,100.0,120.0,100.49,26.43,18.03,350.0,550.0
2025,Jan,Navarai/Kodai,THE NILGRIS,capsicum,vegetables,Loamy soil/ Lateritic soil,5.5,7.0,60.0,60.0,174.31,28.16,13.71,500.0,1200.0
2021,Nov,Samba/Thaladi,DINDIGUL,small onion,bulbvegetables,Sandy loam,6.0,7.0,70.0,90.0,257.82,25.17,18.47,650.0,750.0
2021,Feb,Navarai/Kodai,CAUVERY,cowpea,pulses, well-drained sandy loams or sandy soils ,5.0,6.5,60.0,90.0,269.3,29.88,23.0,400.0,700.0
2021,Dec,Samba/Thaladi,RAMANATHANPURAM,tomato,vegetables,Sandy loam,6.5,7.5,90.0,140.0,437.21,31.76,20.23,600.0,800.0
2025,Oct,Samba/Thaladi,CAUVERY,Palak,minor vegetables,Sandy loam,6.5,7.0,37.0,45.0,446.39,31.57,14.46,900.0,1200.0
2021,Oct,Samba/Thaladi,KARUR,sugarcane,sugar crops,Clayey Loamy Soil/ Black Cotton Soil/ Red Loamy Soil/ Brown Loamy Soil,6.5,8.0,300.0,330.0,1335.09,25.28,21.42,1500.0,2500.0
2023,Mar,Navarai/Kodai,KANCHEEPURAM,cumbu napier hybrid,forage crops,Well drained sandy loam and clayey loam soils ,5.0,8.6,45.0,55.0,314.63,25.71,22.5,800.0,1000.0
2025,Sep,Kuruvai/Sornavari,VILLUPURAM,french bean,vegetables,Well drained loamy soil,5.5,6.0,40.0,50.0,795.28,27.19,14.6,900.0,1200.0
2023,Aug,Kuruvai/Sornavari,PERAMBALUR,chillies,vegetables,Loamy soil/ Lateritic soil,6.0,6.8,120.0,120.0,281.25,29.03,25.08,500.0,500.0
2022,Dec,Samba/Thaladi,THENI,fodder cowpea,forage crops,Well drained sandy loam and clayey loam soils ,5.0,6.5,50.0,65.0,179.42,31.53,22.23,300.0,350.0
2023,May,Navarai/Kodai,ARIYALUR,Rhubarb,minor vegetables,Sandy loam,6.0,6.8,56.0,70.0,796.38,25.52,10.0,900.0,1200.0
2023,Mar,Navarai/Kodai,KOLLI HILLS,Butter bean,minor vegetables,Sandy loam,6.0,7.0,80.0,100.0,329.85,26.62,22.39,900.0,1200.0
2024,Aug,Kuruvai/Sornavari,NAGAPATTINAM,gardenlablab,pulses,wide range of soils,6.0,7.0,75.0,100.0,242.5,32.43,18.74,650.0,1000.0
2025,Nov,Samba/Thaladi,KANYAKUMARI,Ceylon spinach,minor vegetables,Sandy loam,6.5,7.0,40.0,50.0,739.81,24.39,10.49,900.0,1200.0
2021,Dec,Samba/Thaladi,NAGAPATTINAM,redgram,pulses,deep loam soils,6.5,7.0,120.0,150.0,646.41,26.53,20.63,600.0,1400.0
2023,Oct,Samba/Thaladi,THE NILGRIS,Turnip,minor vegetables,Loamy soil,5.5,6.8,42.0,56.0,408.45,20.64,10.69,900.0,1200.0
2021,Oct,Samba/Thaladi,NAMAKAL,beetroot,Root&tuber,all types of friable soil,6.0,7.0,45.0,65.0,509.53,24.06,19.22,1000.0,1000.0
2025,Apr,Navarai/Kodai,MADURAI,thinai,millets,"alluvial,loamy ",5.5,7.0,85.0,90.0,243.53,26.48,24.34,500.0,900.0
2023,Aug,Kuruvai/Sornavari,RAMANATHANPURAM,Phaseolus lunatus,minor vegetables,Sandy loam,6.0,6.8,90.0,90.0,241.41,28.38,15.52,900.0,2000.0
2024,Mar,Navarai/Kodai,ERODE,fodder cowpea,forage crops,Well drained sandy loam and clayey loam soils ,5.0,6.5,50.0,65.0,224.15,29.08,24.36,300.0,350.0
2021,Jun,Kuruvai/Sornavari,MADURAI,bellary onion,minor vegetables,Sandy loam,5.8,6.5,150.0,150.0,656.96,25.51,14.37,900.0,1200.0
2022,Aug,Kuruvai/Sornavari,THE NILGRIS,Knol-khol,minor vegetables,Sandy loam,5.5,7.0,50.0,65.0,673.32,33.98,14.95,900.0,1200.0
2023,May,Navarai/Kodai,THIRUCHIRAPALLI,tobacco,other crops,Well drained sandy loam and clayey loam soils ,7.5,8.5,90.0,100.0,354.97,27.55,27.36,800.0,1000.0
2021,Jan,Navarai/Kodai,KARUR,Asparagus,minor vegetables,Sandy loam,6.0,6.7,730.0,730.0,485.68,27.62,16.76,900.0,1200.0
2021,Nov,Samba/Thaladi,THIRUPPUR,kudirai masi,forage crops,Well drained sandy loam and clayey loam soils ,6.5,7.5,45.0,55.0,214.4,31.42,24.09,300.0,350.0
2024,Dec,Samba/Thaladi,VELLORE,jute,fibre crop,Sandy and Clay Loam,6.0,7.5,120.0,140.0,594.8,36.46,22.6,1000.0,1300.0
2021,Nov,Samba/Thaladi,THIRUNELVELI,kudiraivali,millets,Loamy Soil,5.5,7.0,75.0,95.0,256.97,23.81,18.31,500.0,900.0
2023,Jul,Kuruvai/Sornavari,NAMAKAL,varagu,millets,clay-based soil,5.5,6.5,120.0,120.0,518.42,26.43,26.46,500.0,900.0
2025,Dec,Samba/Thaladi,MADURAI,fodder cholam,forage crops,Well drained sandy loam and clayey loam soils ,5.5,7.5,1095.0,1095.0,207.12,33.9,29.08,300.0,350.0
2025,Oct,Samba/Thaladi,KANCHEEPURAM,groundnut,oil seeds,Well-drained sandy loam or sandy clay loam soil ,6.5,7.0,140.0,150.0,195.72,43.67,13.5,500.0,700.0
2024,Aug,Kuruvai/Sornavari,VELLORE,ragi,millets,"red, black, sandy, loamy and shallow black soils.",5.0,8.2,100.0,120.0,394.14,27.07,10.53,700.0,1200.0
2024,Dec,Samba/Thaladi,TANJORE,varagu,millets,clay-based soil,5.5,6.5,120.0,120.0,269.76,28.85,28.09,500.0,900.0
2024,Oct,Samba/Thaladi,DHARMAPURI,curry leaf,greenleafy,Red sandy loam,5.2,5.5,90.0,85.0,274.42,35.26,24.73,1000.0,1000.0
2024,Jan,Navarai/Kodai,PERAMBALUR,kudiraivali,millets,Loamy Soil,5.5,7.0,75.0,95.0,286.39,22.71,24.63,500.0,900.0
2022,Mar,Navarai/Kodai,ERODE,samai,millets,Loamy Soil,8.5,9.0,80.0,100.0,406.84,41.73,27.81,480.0,750.0
2024,Aug,Kuruvai/Sornavari,CAUVERY,sugarbeet,sugar crops,Well drained sandy loam and clayey loam soils ,6.0,8.0,150.0,180.0,342.41,26.19,15.66,600.0,800.0
2023,Dec,Samba/Thaladi,DHARMAPURI,snake gourd,vegetables,Loamy soil/ Lateritic soil,6.0,6.7,90.0,90.0,403.94,28.77,20.12,900.0,1200.0
2024,Feb,Navarai/Kodai,SALEM,wheat,cereals,Well Drained,6.0,7.0,80.0,90.0,316.68,25.94,25.07,450.0,650.0
2023,Jan,Navarai/Kodai,KANCHEEPURAM,Asparagus,minor vegetables,Sandy loam,6.0,6.7,730.0,730.0,518.76,27.23,14.12,900.0,1200.0
2022,Aug,Kuruvai/Sornavari,KRISHNAGIRI,small onion,bulbvegetables,Sandy loam,6.0,7.0,70.0,90.0,271.47,26.47,20.28,650.0,750.0
2023,Jun,Kuruvai/Sornavari,SALEM,tinda,vegetables,Sandy loam,6.5,7.5,70.0,70.0,626.78,30.39,28.75,900.0,1200.0
2025,Nov,Samba/Thaladi,VELLORE,Lettuce,minor vegetables,Sandy loam,6.0,6.5,45.0,55.0,258.66,24.2,17.77,900.0,1200.0
2023,Jun,Kuruvai/Sornavari,THIRUCHIRAPALLI,fodder maize,forage crops,Well drained sandy loam and clayey loam soils ,5.5,8.0,60.0,70.0,129.08,44.27,10.77,500.0,480.0
2024,Feb,Navarai/Kodai,RAMANATHANPURAM,safflower,oil seeds,"Loams, silt loams, clay loams, or silty clay loams",5.4,8.2,120.0,125.0,360.12,34.39,20.2,550.0,725.0
2023,Mar,Navarai/Kodai,VIRUDHUNAGAR,chowchow,vegetables,Loamy soil/ Lateritic soil,5.5,6.5,150.0,150.0,467.61,24.28,16.74,1200.0,1500.0
2022,Jul,Kuruvai/Sornavari,SIVAGANGAI,beetroot,Root&tuber,all types of friable soil,6.0,7.0,45.0,65.0,316.58,24.02,16.64,1000.0,1000.0
2023,Mar,Navarai/Kodai,KANCHEEPURAM,cauliflower,colecrops,LoamySandy,6.5,6.8,55.0,100.0,171.5,29.24,10.0,380.0,500.0
2023,Jul,Kuruvai/Sornavari,ARIYALUR,muskmelon,vegetables,Sandy Loam,6.5,7.5,70.0,100.0,460.18,35.38,25.02,900.0,1200.0
2022,Jun,Kuruvai/Sornavari,KANYAKUMARI,safflower,oil seeds,"Loams, silt loams, clay loams, or silty clay loams",5.4,8.2,120.0,125.0,461.26,32.17,25.33,550.0,725.0
2021,Jun,Kuruvai/Sornavari,THIRUVANNAMALAI,bengalgram,pulses,medium to heavy black soil,5.5,7.0,90.0,120.0,421.1,29.31,23.32,650.0,1000.0
2022,Jun,Kuruvai/Sornavari,TIRUVARUR,Celery,minor vegetables,Sandy loam,5.8,6.8,120.0,150.0,248.88,23.6,14.19,900.0,1200.0
2025,Jan,Navarai/Kodai,DHARMAPURI,thinai,millets,"alluvial,loamy ",5.5,7.0,85.0,90.0,488.62,27.62,23.11,500.0,900.0
2025,Sep,Kuruvai/Sornavari,VIRUDHUNAGAR,maize,millets,temperate podzols to the leached red soils of the tropics. ,5.5,7.0,105.0,110.0,429.39,27.15,20.11,500.0,800.0
2021,Nov,Samba/Thaladi,KOLLI HILLS,muyal masal,forage crops,Well drained sandy loam and clayey loam soils ,5.5,7.5,75.0,65.0,198.54,36.33,25.38,500.0,480.0
2021,Jan,Navarai/Kodai,NAMAKAL,elephant foot yam,Root&tuber,Rich red loamy soil,5.5,7.0,240.0,240.0,522.39,33.22,28.65,1000.0,1500.0
2021,Aug,Kuruvai/Sornavari,THENI,Mint,minor vegetables,Loamy soil,6.5,7.0,100.0,120.0,356.95,25.13,19.94,1000.0,1100.0
2021,Feb,Navarai/Kodai,THIRUVALLUR,capsicum,vegetables,Loamy soil/ Lateritic soil,5.5,7.0,60.0,60.0,150.1,31.78,15.24,500.0,1200.0
2025,Feb,Navarai/Kodai,VELLORE,Brussels sprout,minor vegetables,Sandy loam,6.5,6.8,12.0,12.0,693.76,26.9,19.61,900.0,1200.0
2021,Jun,Kuruvai/Sornavari,MADURAI,ash gourd,vegetables,Sandy loam,6.0,6.7,120.0,120.0,436.99,26.12,28.63,900.0,1200.0
2023,Sep,Kuruvai/Sornavari,DINDIGUL,varagu,millets,clay-based soil,5.5,6.5,120.0,120.0,338.92,25.57,25.44,500.0,900.0
2023,Feb,Navarai/Kodai,TIRUVARUR,watermelon,vegetables,Sandy,6.0,7.5,70.0,85.0,371.99,28.7,23.51,900.0,1200.0
2025,May,Navarai/Kodai,NAGAPATTINAM,varagu,millets,clay-based soil,5.5,6.5,120.0,120.0,286.69,28.51,25.31,500.0,900.0
2023,Jul,Kuruvai/Sornavari,NAMAKAL,Coccinia,minor vegetables,Sandy loam,6.0,6.5,90.0,90.0,704.28,30.13,22.66,900.0,1200.0
2021,Mar,Navarai/Kodai,CUDDALORE,paprika,vegetables,Sandy loam,5.8,6.5,160.0,180.0,428.2,33.11,27.58,700.0,1000.0
2023,Oct,Samba/Thaladi,ERODE,Knol-khol,minor vegetables,Sandy loam,5.5,7.0,50.0,65.0,792.05,29.45,14.62,900.0,1200.0
2023,Nov,Samba/Thaladi,ARIYALUR,velimasal,forage crops,Well drained sandy loam and clayey loam soils ,5.8,7.0,45.0,55.0,101.64,32.76,24.86,300.0,350.0
2021,May,Navarai/Kodai,HILLY REGIONS OF SHEVROY,paprika,vegetables,Sandy loam,5.8,6.5,160.0,180.0,360.63,33.65,27.64,700.0,1000.0
2023,Mar,Navarai/Kodai,CUDDALORE,Knol-khol,minor vegetables,Sandy loam,5.5,7.0,50.0,65.0,260.09,29.29,17.83,900.0,1200.0
2022,Nov,Samba/Thaladi,NAGAPATTINAM,Phaseolus lunatus,minor vegetables,Sandy loam,6.0,6.8,90.0,90.0,1174.02,26.38,18.14,900.0,2000.0
2023,Dec,Samba/Thaladi,CAUVERY,french bean,vegetables,Well drained loamy soil,5.5,6.0,40.0,50.0,508.37,25.81,14.97,900.0,1200.0
2022,Dec,Samba/Thaladi,THIRUCHIRAPALLI,radish,Root&tuber,Well grained deep loamy moist and alluviual soil,5.5,6.8,21.0,21.0,479.92,23.29,10.87,1000.0,1000.0
2025,Jan,Navarai/Kodai,THE NILGRIS,guinea grass,forage crops,Well drained sandy loam and clayey loam soils ,5.0,7.0,45.0,55.0,306.78,39.78,18.27,1000.0,480.0
2025,Nov,Samba/Thaladi,CUDDALORE,Palak,minor vegetables,Sandy loam,6.5,7.0,37.0,45.0,368.38,32.4,14.02,900.0,1200.0
2023,Sep,Kuruvai/Sornavari,PUDUKKOTTAI,muyal masal,forage crops,Well drained sandy loam and clayey loam soils ,5.5,7.5,75.0,65.0,216.22,35.28,23.77,500.0,480.0
2025,Aug,Kuruvai/Sornavari,THIRUVANNAMALAI,peas,vegetables,Sandy loam,6.5,7.5,60.0,70.0,736.93,29.42,12.84,900.0,1200.0
2022,Dec,Samba/Thaladi,DINDIGUL,panivaragu,millets,sandy loam to clays of black cotton soils,5.5,7.0,70.0,75.0,228.8,41.01,13.37,330.0,350.0
2022,Jan,Navarai/Kodai,THIRUVANNAMALAI,gardenlablab,pulses,wide range of soils,6.0,7.0,75.0,100.0,422.11,35.03,21.13,650.0,1000.0
2022,Sep,Kuruvai/Sornavari,CAUVERY,sugarbeet,sugar crops,Well drained sandy loam and clayey loam soils ,6.0,8.0,150.0,180.0,369.23,25.13,17.85,600.0,800.0
2021,Nov,Samba/Thaladi,KRISHNAGIRI,panivaragu,millets,sandy loam to clays of black cotton soils,5.5,7.0,70.0,75.0,150.19,42.21,11.65,330.0,350.0
2023,Jun,Kuruvai/Sornavari,CAUVERY,Chinese cabbage,minor vegetables,Sandy loam,5.5,7.0,50.0,80.0,722.71,24.66,13.33,900.0,1200.0
2025,Nov,Samba/Thaladi,COIMBATORE,radish,Root&tuber,Well grained deep loamy moist and alluviual soil,5.5,6.8,21.0,21.0,306.11,22.78,14.74,1000.0,1000.0
2021,May,Navarai/Kodai,THIRUNELVELI,Phaseolus lunatus,minor vegetables,Sandy loam,6.0,6.8,90.0,90.0,1208.63,26.29,20.45,900.0,2000.0
2023,Jun,Kuruvai/Sornavari,VIRUDHUNAGAR,Butter bean,minor vegetables,Sandy loam,6.0,7.0,80.0,100.0,513.69,27.76,16.43,900.0,1200.0
2022,Apr,Navarai/Kodai,KANCHEEPURAM,Winged Bean,minor vegetables,Sandy loam,7.0,12.0,42.0,42.0,344.24,27.41,25.16,900.0,1200.0
2023,Feb,Navarai/Kodai,THIRUVALLUR,redgram,pulses,deep loam soils,6.5,7.0,120.0,150.0,728.5,29.86,18.55,600.0,1400.0
2022,Jul,Kuruvai/Sornavari,THIRUVANNAMALAI,french bean,vegetables,Well drained loamy soil,5.5,6.0,40.0,50.0,766.55,25.05,14.22,900.0,1200.0
2022,Oct,Samba/Thaladi,KARUR,velimasal,forage crops,Well drained sandy loam and clayey loam soils ,5.8,7.0,45.0,55.0,81.05,34.0,26.69,300.0,350.0
2022,Oct,Samba/Thaladi,HILLY REGIONS OF SHEVROY,small onion,bulbvegetables,Sandy loam,6.0,7.0,70.0,90.0,290.72,26.4,16.38,650.0,750.0
2022,May,Navarai/Kodai,MADURAI,sunflower,oil seeds,"Loams, silt loams, clay loams, or silty clay loams",6.5,8.0,85.0,95.0,105.91,25.97,21.0,350.0,500.0
2023,Jun,Kuruvai/Sornavari,DINDIGUL,guinea grass,forage crops,Well drained sandy loam and clayey loam soils ,5.0,7.0,45.0,55.0,284.63,33.44,18.71,1000.0,480.0
2022,Jul,Kuruvai/Sornavari,CHENGLEPUT,Chinese cabbage,minor vegetables,Sandy loam,5.5,7.0,50.0,80.0,460.79,24.7,19.06,900.0,1200.0
2023,Oct,Samba/Thaladi,KOLLI HILLS,Chakravathi keerai,minor vegetables,Sandy loam,4.5,8.3,100.0,100.0,581.14,25.77,15.21,900.0,1200.0
2025,Dec,Samba/Thaladi,RAMANATHANPURAM,watermelon,vegetables,Sandy,6.0,7.5,70.0,85.0,284.66,28.74,23.49,900.0,1200.0
2023,Mar,Navarai/Kodai,NAGAPATTINAM,kollukattai pullu,forage crops,Well drained sandy loam and clayey loam soils ,7.0,7.5,45.0,55.0,161.24,28.28,24.57,500.0,480.0
2021,Mar,Navarai/Kodai,KOLLI HILLS,beetroot,Root&tuber,all types of friable soil,6.0,7.0,45.0,65.0,375.94,23.98,22.91,1000.0,1000.0
2024,May,Navarai/Kodai,MADURAI,Palak,minor vegetables,Sandy loam,6.5,7.0,37.0,45.0,781.93,29.93,14.74,900.0,1200.0
2023,Aug,Kuruvai/Sornavari,TANJORE,soyabean,pulses,"Well-drained, Loamy Soil",6.0,7.0,90.0,100.0,399.54,27.12,14.36,450.0,700.0
2023,Nov,Samba/Thaladi,TIRUVARUR,ribbed gourd,vegetables,Sandy Loam,6.5,7.5,125.0,125.0,435.83,34.01,28.47,900.0,1200.0
2024,Aug,Kuruvai/Sornavari,KRISHNAGIRI,Lettuce,minor vegetables,Sandy loam,6.0,6.5,45.0,55.0,332.55,24.73,21.79,900.0,1200.0
2022,Oct,Samba/Thaladi,NAMAKAL,fodder cumbu,forage crops,Well drained sandy loam and clayey loam soils ,4.0,7.5,45.0,120.0,215.65,32.86,27.63,500.0,480.0
2024,Jul,Kuruvai/Sornavari,KRISHNAGIRI,gingely,oil seeds,"Loams, silt loams, clay loams, or silty clay loams",5.5,8.0,85.0,90.0,260.71,36.07,24.71,350.0,400.0
2024,Nov,Samba/Thaladi,KRISHNAGIRI,tomato,vegetables,Sandy loam,6.5,7.5,90.0,140.0,337.81,28.34,19.46,600.0,800.0
2021,Aug,Kuruvai/Sornavari,VELLORE,Chakravathi keerai,minor vegetables,Sandy loam,4.5,8.3,100.0,100.0,690.92,25.01,17.4,900.0,1200.0
2023,Feb,Navarai/Kodai,SIVAGANGAI,muskmelon,vegetables,Sandy Loam,6.5,7.5,70.0,100.0,780.1,36.61,23.14,900.0,1200.0
2024,Jul,Kuruvai/Sornavari,COIMBATORE,broadbean,vegetables,Well drained loamy soil,5.5,6.0,80.0,100.0,236.34,25.0,14.41,900.0,1200.0
2021,May,Navarai/Kodai,THENI,Basella,minor vegetables,Sandy loam,5.5,8.0,70.0,70.0,729.3,30.45,19.31,900.0,1200.0
2023,Jan,Navarai/Kodai,THALAVADI HILLS,niger,oil seeds,"Loams, silt loams, clay loams, or silty clay loams",5.2,7.3,80.0,80.0,536.13,25.0,14.06,1000.0,1300.0
2023,Nov,Samba/Thaladi,THIRUCHIRAPALLI,gardenlablab,pulses,wide range of soils,6.0,7.0,75.0,100.0,381.04,32.63,21.63,650.0,1000.0
2022,Jun,Kuruvai/Sornavari,COIMBATORE,kudirai masi,forage crops,Well drained sandy loam and clayey loam soils ,6.5,7.5,45.0,55.0,137.49,36.91,29.17,300.0,350.0
2021,Apr,Navarai/Kodai,VELLORE,tomato,vegetables,Sandy loam,6.5,7.5,90.0,140.0,162.81,27.27,18.05,600.0,800.0
2021,Aug,Kuruvai/Sornavari,DINDIGUL,muskmelon,vegetables,Sandy Loam,6.5,7.5,70.0,100.0,629.17,31.33,28.95,900.0,1200.0
2021,Sep,Kuruvai/Sornavari,VIRUDHUNAGAR,Rhubarb,minor vegetables,Sandy loam,6.0,6.8,56.0,70.0,759.85,25.48,10.0,900.0,1200.0
2025,Apr,Navarai/Kodai,DINDIGUL,swordbean,pulses, well-drained sandy loams or sandy soils ,5.0,6.0,110.0,120.0,642.26,36.28,11.74,900.0,1500.0
2023,Oct,Samba/Thaladi,COIMBATORE,muskmelon,vegetables,Sandy Loam,6.5,7.5,70.0,100.0,748.98,30.55,24.34,900.0,1200.0
2021,Jan,Navarai/Kodai,THENI,gardenlablab,pulses,wide range of soils,6.0,7.0,75.0,100.0,607.02,31.3,20.65,650.0,1000.0
2024,Apr,Navarai/Kodai,KRISHNAGIRI,celery,greenleafy,Silt Loam to loamy,6.0,8.5,120.0,150.0,338.29,26.19,10.15,1000.0,1000.0
2024,Jun,Kuruvai/Sornavari,TANJORE,varagu,millets,clay-based soil,5.5,6.5,120.0,120.0,540.26,28.6,27.56,500.0,900.0
2023,Jan,Navarai/Kodai,KANCHEEPURAM,sorghum,millets,well-drained loamy soils,6.0,7.5,95.0,105.0,165.99,40.11,17.86,450.0,650.0
2022,Oct,Samba/Thaladi,TIRUVARUR,cotton,fibre crop," black soils, (ii) red soils and (iii) alluvial soils.",7.0,8.0,135.0,140.0,774.55,29.51,23.56,700.0,1300.0
2023,Nov,Samba/Thaladi,THALAVADI HILLS,fodder cumbu,forage crops,Well drained sandy loam and clayey loam soils ,4.0,7.5,45.0,120.0,159.33,35.14,25.13,500.0,480.0
2022,Feb,Navarai/Kodai,THOOTHUKUDI,ribbed gourd,vegetables,Sandy Loam,6.5,7.5,125.0,125.0,333.3,32.4,23.74,900.0,1200.0
2022,Mar,Navarai/Kodai,CHENGLEPUT,chinese potato,Root&tuber,well-drained soil,4.8,5.8,120.0,150.0,616.66,22.79,13.11,1000.0,1000.0
2021,Jun,Kuruvai/Sornavari,KANCHEEPURAM,fieldlablab,pulses,Well drained loamy soil,6.2,7.0,105.0,105.0,447.95,27.52,21.49,650.0,1000.0
2023,Aug,Kuruvai/Sornavari,KRISHNAGIRI,kudiraivali,millets,Loamy Soil,5.5,7.0,75.0,95.0,232.48,22.41,22.13,500.0,900.0
2023,Nov,Samba/Thaladi,VIRUDHUNAGAR,Mint,minor vegetables,Loamy soil,6.5,7.0,100.0,120.0,372.13,25.89,23.88,1000.0,1100.0
2025,Feb,Navarai/Kodai,CUDDALORE,Winged Bean,minor vegetables,Sandy loam,7.0,12.0,42.0,42.0,399.41,31.65,27.26,900.0,1200.0
2025,Jul,Kuruvai/Sornavari,SALEM,fodder cholam,forage crops,Well drained sandy loam and clayey loam soils ,5.5,7.5,1095.0,1095.0,195.43,35.4,28.9,300.0,350.0
2024,Jul,Kuruvai/Sornavari,RAMANATHANPURAM,maize,millets,temperate podzols to the leached red soils of the tropics. ,5.5,7.0,105.0,110.0,197.28,25.68,17.95,500.0,800.0
2021,Aug,Kuruvai/Sornavari,THIRUCHIRAPALLI,Turnip,minor vegetables,Loamy soil,5.5,6.8,42.0,56.0,697.72,21.99,10.98,900.0,1200.0
2022,Sep,Kuruvai/Sornavari,VILLUPURAM,carrot,Root&tuber,light or sandy loam soil,6.0,7.0,75.0,75.0,259.55,22.41,17.93,1000.0,1000.0
2022,Apr,Navarai/Kodai,ARIYALUR,Chakravathi keerai,minor vegetables,Sandy loam,4.5,8.3,100.0,100.0,656.38,25.79,13.73,900.0,1200.0
2022,Aug,Kuruvai/Sornavari,THIRUNELVELI,lablab,vegetables,Well drained loamy soil,6.5,8.5,70.0,75.0,406.25,36.78,24.77,900.0,1200.0
2022,Jun,Kuruvai/Sornavari,PERAMBALUR,kudiraivali,millets,Loamy Soil,5.5,7.0,75.0,95.0,465.85,22.41,18.01,500.0,900.0
2023,Dec,Samba/Thaladi,NAMAKAL,gardenlablab,pulses,wide range of soils,6.0,7.0,75.0,100.0,339.22,32.25,17.54,650.0,1000.0
2025,Apr,Navarai/Kodai,VIRUDHUNAGAR,gingely,oil seeds,"Loams, silt loams, clay loams, or silty clay loams",5.5,8.0,85.0,90.0,98.98,30.62,27.74,350.0,400.0
2023,Oct,Samba/Thaladi,NAGAPATTINAM,brinjal,vegetables,Loamy soil/ Lateritic soil,6.0,7.5,100.0,150.0,772.66,31.31,18.3,900.0,1200.0
2023,Aug,Kuruvai/Sornavari,RAMANATHANPURAM,beetroot,Root&tuber,all types of friable soil,6.0,7.0,45.0,65.0,551.06,23.45,18.82,1000.0,1000.0
2021,Aug,Kuruvai/Sornavari,SALEM,varagu,millets,clay-based soil,5.5,6.5,120.0,120.0,508.04,25.25,26.59,500.0,900.0
2022,Apr,Navarai/Kodai,KRISHNAGIRI,chinese potato,Root&tuber,well-drained soil,4.8,5.8,120.0,150.0,599.25,22.03,14.7,1000.0,1000.0
2022,Nov,Samba/Thaladi,DINDIGUL,Chekurmanis,minor vegetables,Sandy loam,5.5,7.5,90.0,120.0,688.65,33.09,24.91,900.0,1200.0
2021,Apr,Navarai/Kodai,SIVAGANGAI,Chakravathi keerai,minor vegetables,Sandy loam,4.5,8.3,100.0,100.0,275.46,25.7,19.41,900.0,1200.0
2022,Mar,Navarai/Kodai,COIMBATORE,watermelon,vegetables,Sandy,6.0,7.5,70.0,85.0,310.54,25.54,24.91,900.0,1200.0
2023,Jul,Kuruvai/Sornavari,KOLLI HILLS,tinda,vegetables,Sandy loam,6.5,7.5,70.0,70.0,683.81,26.31,26.42,900.0,1200.0
2022,Apr,Navarai/Kodai,HILLY REGIONS OF SHEVROY,ash gourd,vegetables,Sandy loam,6.0,6.7,120.0,120.0,469.95,32.68,27.88,900.0,1200.0
2025,Apr,Navarai/Kodai,HILLY REGIONS OF SHEVROY,sweet sorghum,sugar crops,Well drained sandy loam and clayey loam soils ,6.0,8.5,115.0,125.0,145.98,29.9,26.41,500.0,600.0
2025,Apr,Navarai/Kodai,THIRUCHIRAPALLI,cluster bean,vegetables,Sandy Loam,7.0,8.5,60.0,90.0,694.39,26.0,24.77,900.0,1200.0
2024,Jan,Navarai/Kodai,KANCHEEPURAM,bellary onion,minor vegetables,Sandy loam,5.8,6.5,150.0,150.0,622.43,25.3,14.38,900.0,1200.0
2024,Jan,Navarai/Kodai,KANCHEEPURAM,Cabbage,colecrops,LoamySandy,6.0,6.5,80.0,180.0,116.11,28.77,11.97,380.0,500.0
2021,Feb,Navarai/Kodai,CAUVERY,sugarbeet,sugar crops,Well drained sandy loam and clayey loam soils ,6.0,8.0,150.0,180.0,409.55,26.89,16.64,600.0,800.0
2022,Aug,Kuruvai/Sornavari,THIRUCHIRAPALLI,tomato,vegetables,Sandy loam,6.5,7.5,90.0,140.0,489.2,29.5,22.25,600.0,800.0
2023,Jan,Navarai/Kodai,ERODE,bitter gourd,vegetables,Well drained loamy soil,6.5,7.0,55.0,60.0,733.34,26.95,29.6,900.0,1200.0
2022,Oct,Samba/Thaladi,THIRUVALLUR,Chinese cabbage,minor vegetables,Sandy loam,5.5,7.0,50.0,80.0,670.81,24.71,17.21,900.0,1200.0
2024,May,Navarai/Kodai,MADURAI,kudiraivali,millets,Loamy Soil,5.5,7.0,75.0,95.0,191.76,23.64,22.82,500.0,900.0
2021,Oct,Samba/Thaladi,THOOTHUKUDI,peas,vegetables,Sandy loam,6.5,7.5,60.0,70.0,264.4,25.45,10.96,900.0,1200.0
2025,Feb,Navarai/Kodai,RAMANATHANPURAM,bengalgram,pulses,medium to heavy black soil,5.5,7.0,90.0,120.0,576.27,27.51,23.76,650.0,1000.0
2021,Jul,Kuruvai/Sornavari,SALEM,bitter gourd,vegetables,Well drained loamy soil,6.5,7.0,55.0,60.0,466.15,27.63,26.27,900.0,1200.0
2023,Nov,Samba/Thaladi,ERODE,Rhubarb,minor vegetables,Sandy loam,6.0,6.8,56.0,70.0,664.81,25.94,10.0,900.0,1200.0
2024,Feb,Navarai/Kodai,RAMANATHANPURAM,kudiraivali,millets,Loamy Soil,5.5,7.0,75.0,95.0,286.79,23.06,22.46,500.0,900.0
2023,Aug,Kuruvai/Sornavari,RAMANATHANPURAM,bottle gourd,vegetables,Sandy loam,6.0,6.7,120.0,120.0,615.05,27.99,18.83,900.0,1200.0
2022,Feb,Navarai/Kodai,NAMAKAL,Rhubarb,minor vegetables,Sandy loam,6.0,6.8,56.0,70.0,594.14,25.71,10.0,900.0,1200.0
2024,Jul,Kuruvai/Sornavari,THIRUPPUR,tapoica,Root&tuber,Red lateritic loam,5.5,7.0,270.0,300.0,601.9,27.69,23.43,1000.0,1000.0
2023,May,Navarai/Kodai,THIRUPPUR,kudirai masi,forage crops,Well drained sandy loam and clayey loam soils ,6.5,7.5,45.0,55.0,109.84,32.19,28.28,300.0,350.0
2025,Jun,Kuruvai/Sornavari,PUDUKKOTTAI,beetroot,Root&tuber,all types of friable soil,6.0,7.0,45.0,65.0,522.26,23.54,18.59,1000.0,1000.0
2023,Feb,Navarai/Kodai,THENI,pumpkin,vegetables,Loamy soil/ Lateritic soil,6.0,7.0,115.0,120.0,364.66,25.19,19.97,900.0,1200.0
2025,Dec,Samba/Thaladi,THIRUVANNAMALAI,Butter bean,minor vegetables,Sandy loam,6.0,7.0,80.0,100.0,393.57,25.02,16.44,900.0,1200.0
2025,Sep,Kuruvai/Sornavari,ARIYALUR,fodder maize,forage crops,Well drained sandy loam and clayey loam soils ,5.5,8.0,60.0,70.0,274.95,43.4,11.83,500.0,480.0
2025,Sep,Kuruvai/Sornavari,CAUVERY,cluster bean,vegetables,Sandy Loam,7.0,8.5,60.0,90.0,431.49,25.68,20.57,900.0,1200.0
2024,Jan,Navarai/Kodai,TANJORE,fodder cholam,forage crops,Well drained sandy loam and clayey loam soils ,5.5,7.5,1095.0,1095.0,168.23,33.69,25.82,300.0,350.0
2025,May,Navarai/Kodai,THIRUNELVELI,sunflower,oil seeds,"Loams, silt loams, clay loams, or silty clay loams",6.5,8.0,85.0,95.0,144.14,25.58,24.47,350.0,500.0
2025,Dec,Samba/Thaladi,THE NILGRIS,Chinese cabbage,minor vegetables,Sandy loam,5.5,7.0,50.0,80.0,628.23,24.26,15.28,900.0,1200.0
2022,Oct,Samba/Thaladi,KRISHNAGIRI,fieldlablab,pulses,Well drained loamy soil,6.2,7.0,105.0,105.0,646.96,30.87,21.62,650.0,1000.0
2025,Sep,Kuruvai/Sornavari,THIRUPPUR,Chekurmanis,minor vegetables,Sandy loam,5.5,7.5,90.0,120.0,638.58,32.38,25.14,900.0,1200.0
2021,Jul,Kuruvai/Sornavari,DHARMAPURI,varagu,millets,clay-based soil,5.5,6.5,120.0,120.0,480.91,28.45,26.22,500.0,900.0
2021,Oct,Samba/Thaladi,THALAVADI HILLS,niger,oil seeds,"Loams, silt loams, clay loams, or silty clay loams",5.2,7.3,80.0,80.0,569.89,25.0,15.42,1000.0,1300.0
2024,Sep,Kuruvai/Sornavari,HILLY REGIONS OF SHEVROY,chillies,vegetables,Loamy soil/ Lateritic soil,6.0,6.8,120.0,120.0,209.12,29.63,27.38,500.0,500.0
2023,Jul,Kuruvai/Sornavari,TANJORE,tobacco,other crops,Well drained sandy loam and clayey loam soils ,7.5,8.5,90.0,100.0,500.42,33.85,28.37,800.0,1000.0
2024,May,Navarai/Kodai,CAUVERY,sugarbeet,sugar crops,Well drained sandy loam and clayey loam soils ,6.0,8.0,150.0,180.0,342.22,26.54,14.47,600.0,800.0
2025,Oct,Samba/Thaladi,VILLUPURAM,onion,vegetables, Any Loamy,5.8,6.5,100.0,120.0,212.63,26.12,19.31,350.0,550.0
2025,Jan,Navarai/Kodai,SALEM,fodder cumbu,forage crops,Well drained sandy loam and clayey loam soils ,4.0,7.5,45.0,120.0,282.55,33.98,28.68,500.0,480.0
2022,Oct,Samba/Thaladi,COIMBATORE,kudirai masi,forage crops,Well drained sandy loam and clayey loam soils ,6.5,7.5,45.0,55.0,219.64,32.63,23.44,300.0,350.0
2023,Feb,Navarai/Kodai,CAUVERY,sugarbeet,sugar crops,Well drained sandy loam and clayey loam soils ,6.0,8.0,150.0,180.0,336.47,26.34,14.14,600.0,800.0
2022,Nov,Samba/Thaladi,MADURAI,cotton,fibre crop," black soils, (ii) red soils and (iii) alluvial soils.",7.0,8.0,135.0,140.0,327.91,29.66,20.51,700.0,1300.0
2022,Jan,Navarai/Kodai,THIRUNELVELI,bengalgram,pulses,medium to heavy black soil,5.5,7.0,90.0,120.0,623.8,28.26,23.41,650.0,1000.0
2025,Apr,Navarai/Kodai,CAUVERY,Mint,minor vegetables,Loamy soil,6.5,7.0,100.0,120.0,272.88,25.05,20.56,1000.0,1100.0
2025,Oct,Samba/Thaladi,THE NILGRIS,fodder maize,forage crops,Well drained sandy loam and clayey loam soils ,5.5,8.0,60.0,70.0,205.14,40.61,10.34,500.0,480.0
2021,Oct,Samba/Thaladi,CUDDALORE,Phaseolus lunatus,minor vegetables,Sandy loam,6.0,6.8,90.0,90.0,656.51,28.08,17.62,900.0,2000.0
2024,Jun,Kuruvai/Sornavari,KANCHEEPURAM,Turnip,minor vegetables,Loamy soil,5.5,6.8,42.0,56.0,689.03,20.29,14.05,900.0,1200.0
2022,Mar,Navarai/Kodai,DINDIGUL,Chakravathi keerai,minor vegetables,Sandy loam,4.5,8.3,100.0,100.0,230.71,25.09,16.43,900.0,1200.0
2022,May,Navarai/Kodai,THIRUNELVELI,Winged Bean,minor vegetables,Sandy loam,7.0,12.0,42.0,42.0,259.34,31.02,26.32,900.0,1200.0
2025,Sep,Kuruvai/Sornavari,KANCHEEPURAM,cowpea,pulses, well-drained sandy loams or sandy soils ,5.0,6.5,60.0,90.0,316.42,29.19,19.41,400.0,700.0
2025,Apr,Navarai/Kodai,SALEM,ash gourd,vegetables,Sandy loam,6.0,6.7,120.0,120.0,759.38,30.01,28.08,900.0,1200.0
2021,Feb,Navarai/Kodai,THENI,kudiraivali,millets,Loamy Soil,5.5,7.0,75.0,95.0,356.64,24.69,20.69,500.0,900.0
2023,Jan,Navarai/Kodai,SIVAGANGAI,guinea grass,forage crops,Well drained sandy loam and clayey loam soils ,5.0,7.0,45.0,55.0,250.75,39.45,19.85,1000.0,480.0
2022,Dec,Samba/Thaladi,KANYAKUMARI,cauliflower,colecrops,LoamySandy,6.5,6.8,55.0,100.0,312.39,26.93,10.0,380.0,500.0
2021,Feb,Navarai/Kodai,NAGAPATTINAM,vegetable cowpea,vegetables,Sandy loam,5.6,6.0,45.0,90.0,295.86,26.99,22.03,900.0,1200.0
2021,Jun,Kuruvai/Sornavari,ERODE,Butter bean,minor vegetables,Sandy loam,6.0,7.0,80.0,100.0,792.53,27.93,20.67,900.0,1200.0
2022,Nov,Samba/Thaladi,CHENGLEPUT,castor,oil seeds,"Loams, silt loams, clay loams, or silty clay loams",5.0,8.5,120.0,160.0,168.03,26.87,26.54,500.0,500.0
2022,Apr,Navarai/Kodai,DINDIGUL,Brussels sprout,minor vegetables,Sandy loam,6.5,6.8,12.0,12.0,571.67,25.81,13.18,900.0,1200.0
2022,Feb,Navarai/Kodai,RAMANATHANPURAM,lablab,vegetables,Well drained loamy soil,6.5,8.5,70.0,75.0,761.9,32.83,22.22,900.0,1200.0
2023,Jul,Kuruvai/Sornavari,HILLY REGIONS OF SHEVROY,fodder cumbu,forage crops,Well drained sandy loam and clayey loam soils ,4.0,7.5,45.0,120.0,199.67,34.94,26.42,500.0,480.0
2025,Mar,Navarai/Kodai,THALAVADI HILLS,horsegram,pulses, light to heavy soils ,6.0,7.5,100.0,105.0,459.84,40.76,26.89,800.0,800.0
2023,Dec,Samba/Thaladi,SIVAGANGAI,sugarcane,sugar crops,Clayey Loamy Soil/ Black Cotton Soil/ Red Loamy Soil/ Brown Loamy Soil,6.5,8.0,300.0,330.0,1616.99,26.35,19.63,1500.0,2500.0
2025,Mar,Navarai/Kodai,JAWAD HILLS,Mint,minor vegetables,Loamy soil,6.5,7.0,100.0,120.0,545.32,25.35,23.1,1000.0,1100.0
2022,Dec,Samba/Thaladi,SIVAGANGAI,groundnut,oil seeds,Well-drained sandy loam or sandy clay loam soil ,6.5,7.0,140.0,150.0,286.44,42.58,12.83,500.0,700.0
2022,Jul,Kuruvai/Sornavari,SALEM,Basella,minor vegetables,Sandy loam,5.5,8.0,70.0,70.0,400.28,28.82,19.24,900.0,1200.0
2023,Jul,Kuruvai/Sornavari,SIVAGANGAI,sweet potato,Root&tuber,well-drained soil,5.7,6.7,90.0,120.0,373.04,27.08,25.66,1000.0,1000.0
2024,Jul,Kuruvai/Sornavari,THIRUPPUR,Lettuce,minor vegetables,Sandy loam,6.0,6.5,45.0,55.0,533.28,24.92,16.81,900.0,1200.0
2024,Jan,Navarai/Kodai,TIRUVARUR,sweet sorghum,sugar crops,Well drained sandy loam and clayey loam soils ,6.0,8.5,115.0,125.0,364.43,31.78,29.6,500.0,600.0
2024,Dec,Samba/Thaladi,JAWAD HILLS,Bread fruit,minor vegetables,Sandy loam,6.1,7.4,100.0,100.0,1511.86,34.25,18.55,2030.0,2540.0
2025,Dec,Samba/Thaladi,THIRUNELVELI,bengalgram,pulses,medium to heavy black soil,5.5,7.0,90.0,120.0,496.15,29.29,24.57,650.0,1000.0
2021,Nov,Samba/Thaladi,COIMBATORE,bengalgram,pulses,medium to heavy black soil,5.5,7.0,90.0,120.0,664.85,30.97,24.5,650.0,1000.0
2021,Jul,Kuruvai/Sornavari,DINDIGUL,sunflower,oil seeds,"Loams, silt loams, clay loams, or silty clay loams",6.5,8.0,85.0,95.0,117.35,26.17,18.87,350.0,500.0
2024,May,Navarai/Kodai,RAMANATHANPURAM,muskmelon,vegetables,Sandy Loam,6.5,7.5,70.0,100.0,414.87,30.0,28.64,900.0,1200.0
2025,Aug,Kuruvai/Sornavari,COIMBATORE,samai,millets,Loamy Soil,8.5,9.0,80.0,100.0,427.38,39.61,29.66,480.0,750.0
2025,Mar,Navarai/Kodai,MADURAI,chillies,vegetables,Loamy soil/ Lateritic soil,6.0,6.8,120.0,120.0,188.2,25.17,23.78,500.0,500.0
2023,Oct,Samba/Thaladi,KARUR,tapoica,Root&tuber,Red lateritic loam,5.5,7.0,270.0,300.0,416.0,27.14,23.98,1000.0,1000.0
2023,Aug,Kuruvai/Sornavari,THENI,cotton,fibre crop," black soils, (ii) red soils and (iii) alluvial soils.",7.0,8.0,135.0,140.0,583.68,25.46,22.85,700.0,1300.0
2023,Feb,Navarai/Kodai,PERAMBALUR,Coccinia,minor vegetables,Sandy loam,6.0,6.5,90.0,90.0,309.3,28.69,18.44,900.0,1200.0
2023,Dec,Samba/Thaladi,CHENGLEPUT,Brussels sprout,minor vegetables,Sandy loam,6.5,6.8,12.0,12.0,575.41,26.19,19.6,900.0,1200.0
2021,Sep,Kuruvai/Sornavari,CHENGLEPUT,soundal,forage crops,Well drained sandy loam and clayey loam soils ,5.5,7.5,40.0,80.0,306.85,32.37,20.17,500.0,480.0
2022,Feb,Navarai/Kodai,CAUVERY,broadbean,vegetables,Well drained loamy soil,5.5,6.0,80.0,100.0,421.25,23.51,11.01,900.0,1200.0
2022,Feb,Navarai/Kodai,KARUR,Winged Bean,minor vegetables,Sandy loam,7.0,12.0,42.0,42.0,302.37,31.23,26.26,900.0,1200.0
2024,Jan,Navarai/Kodai,THOOTHUKUDI,french bean,vegetables,Well drained loamy soil,5.5,6.0,40.0,50.0,723.19,25.78,12.39,900.0,1200.0
2025,Jun,Kuruvai/Sornavari,CUDDALORE,sunflower,oil seeds,"Loams, silt loams, clay loams, or silty clay loams",6.5,8.0,85.0,95.0,174.72,25.95,19.18,350.0,500.0
2022,Aug,Kuruvai/Sornavari,THOOTHUKUDI,greengram,pulses,well-drained sandy loams or sandy soils ,6.5,7.5,100.0,100.0,301.94,31.69,29.72,850.0,1000.0
2023,Sep,Kuruvai/Sornavari,HILLY REGIONS OF SHEVROY,amaranthus,greenleafy,Silt Loam to loamy,6.5,7.5,70.0,75.0,431.78,28.62,23.9,1000.0,1000.0
2025,Jun,Kuruvai/Sornavari,THIRUNELVELI,chowchow,vegetables,Loamy soil/ Lateritic soil,5.5,6.5,150.0,150.0,714.89,24.87,21.93,1200.0,1500.0
2023,Apr,Navarai/Kodai,NAGAPATTINAM,gardenlablab,pulses,wide range of soils,6.0,7.0,75.0,100.0,576.62,33.75,21.85,650.0,1000.0
2023,Nov,Samba/Thaladi,ARIYALUR,brinjal,vegetables,Loamy soil/ Lateritic soil,6.0,7.5,100.0,150.0,454.9,27.56,21.8,900.0,1200.0
2021,Jan,Navarai/Kodai,THIRUVANNAMALAI,soyabean,pulses,"Well-drained, Loamy Soil",6.0,7.0,90.0,100.0,143.01,27.15,19.88,450.0,700.0
2024,Feb,Navarai/Kodai,THIRUNELVELI,bengalgram,pulses,medium to heavy black soil,5.5,7.0,90.0,120.0,221.28,28.04,19.15,650.0,1000.0
2022,Jun,Kuruvai/Sornavari,SIVAGANGAI,sunflower,oil seeds,"Loams, silt loams, clay loams, or silty clay loams",6.5,8.0,85.0,95.0,211.62,25.48,19.36,350.0,500.0
2021,Feb,Navarai/Kodai,KANCHEEPURAM,varagu,millets,clay-based soil,5.5,6.5,120.0,120.0,449.78,26.67,23.62,500.0,900.0
2022,Aug,Kuruvai/Sornavari,HILLY REGIONS OF SHEVROY,redgram,pulses,deep loam soils,6.5,7.0,120.0,150.0,450.83,28.87,21.69,600.0,1400.0
2025,May,Navarai/Kodai,THIRUVALLUR,redgram,pulses,deep loam soils,6.5,7.0,120.0,150.0,489.0,26.0,17.06,600.0,1400.0
2024,Oct,Samba/Thaladi,THIRUCHIRAPALLI,Palak,minor vegetables,Sandy loam,6.5,7.0,37.0,45.0,487.73,31.33,14.61,900.0,1200.0
2023,Feb,Navarai/Kodai,ARIYALUR,peas,vegetables,Sandy loam,6.5,7.5,60.0,70.0,342.56,26.26,13.75,900.0,1200.0
2024,Mar,Navarai/Kodai,COIMBATORE,kollukattai pullu,forage crops,Well drained sandy loam and clayey loam soils ,7.0,7.5,45.0,55.0,254.03,31.69,23.14,500.0,480.0
2025,Jun,Kuruvai/Sornavari,CUDDALORE,small onion,bulbvegetables,Sandy loam,6.0,7.0,70.0,90.0,243.38,25.36,17.58,650.0,750.0
2023,Jul,Kuruvai/Sornavari,RAMANATHANPURAM,bitter gourd,vegetables,Well drained loamy soil,6.5,7.0,55.0,60.0,701.45,30.11,26.72,900.0,1200.0
2022,Nov,Samba/Thaladi,KANYAKUMARI,brinjal,vegetables,Loamy soil/ Lateritic soil,6.0,7.5,100.0,150.0,250.28,29.97,20.63,900.0,1200.0
2025,Dec,Samba/Thaladi,TANJORE,rice,cereals,Alluvia or loamy and clayey soil,5.0,8.0,150.0,150.0,1658.68,38.4,21.14,900.0,2500.0
2022,Aug,Kuruvai/Sornavari,THIRUVANNAMALAI,ribbed gourd,vegetables,Sandy Loam,6.5,7.5,125.0,125.0,675.38,35.53,26.34,900.0,1200.0
2024,Nov,Samba/Thaladi,COIMBATORE,guinea grass,forage crops,Well drained sandy loam and clayey loam soils ,5.0,7.0,45.0,55.0,282.38,39.59,16.4,1000.0,480.0
2022,Jul,Kuruvai/Sornavari,CHENGLEPUT,fodder cholam,forage crops,Well drained sandy loam and clayey loam soils ,5.5,7.5,1095.0,1095.0,138.71,35.0,26.36,300.0,350.0
2023,Apr,Navarai/Kodai,KRISHNAGIRI,french bean,vegetables,Well drained loamy soil,5.5,6.0,40.0,50.0,429.52,26.6,12.41,900.0,1200.0
2024,Apr,Navarai/Kodai,TIRUVARUR,Turnip,minor vegetables,Loamy soil,5.5,6.8,42.0,56.0,494.55,20.85,10.69,900.0,1200.0
2025,Apr,Navarai/Kodai,THIRUCHIRAPALLI,french bean,vegetables,Well drained loamy soil,5.5,6.0,40.0,50.0,491.7,25.23,11.87,900.0,1200.0
2025,Jun,Kuruvai/Sornavari,THIRUCHIRAPALLI,chillies,vegetables,Loamy soil/ Lateritic soil,6.0,6.8,120.0,120.0,274.43,29.86,27.52,500.0,500.0
2025,Apr,Navarai/Kodai,KRISHNAGIRI,Butter bean,minor vegetables,Sandy loam,6.0,7.0,80.0,100.0,470.85,25.89,17.48,900.0,1200.0
2022,Feb,Navarai/Kodai,PERAMBALUR,chowchow,vegetables,Loamy soil/ Lateritic soil,5.5,6.5,150.0,150.0,538.22,24.56,20.59,1200.0,1500.0
2025,Nov,Samba/Thaladi,VELLORE,horsegram,pulses, light to heavy soils ,6.0,7.5,100.0,105.0,272.9,39.38,28.23,800.0,800.0
2021,Dec,Samba/Thaladi,CHENGLEPUT,elephant foot yam,Root&tuber,Rich red loamy soil,5.5,7.0,240.0,240.0,753.14,32.21,28.46,1000.0,1500.0
2022,Sep,Kuruvai/Sornavari,NAMAKAL,Chinese cabbage,minor vegetables,Sandy loam,5.5,7.0,50.0,80.0,564.18,24.87,15.6,900.0,1200.0
2024,Nov,Samba/Thaladi,VILLUPURAM,gherkins,vegetables,Sandy loam,5.8,7.0,90.0,90.0,459.56,34.22,16.18,900.0,1200.0
2024,Jun,Kuruvai/Sornavari,THIRUPPUR,colocasia,Root&tuber,Well grained deep loamy moist and alluviual soil,5.5,7.0,150.0,180.0,364.85,32.03,21.81,1000.0,1000.0
2022,Nov,Samba/Thaladi,KOLLI HILLS,peas,vegetables,Sandy loam,6.5,7.5,60.0,70.0,489.12,29.56,12.67,900.0,1200.0
2024,Dec,Samba/Thaladi,THENI,Palak,minor vegetables,Sandy loam,6.5,7.0,37.0,45.0,776.17,31.92,14.27,900.0,1200.0
2025,Mar,Navarai/Kodai,THIRUCHIRAPALLI,tobacco,other crops,Well drained sandy loam and clayey loam soils ,7.5,8.5,90.0,100.0,515.98,27.58,28.94,800.0,1000.0
2025,Dec,Samba/Thaladi,TIRUVARUR,cauliflower,colecrops,LoamySandy,6.5,6.8,55.0,100.0,325.11,27.86,10.0,380.0,500.0
2021,Oct,Samba/Thaladi,VELLORE,vegetable cowpea,vegetables,Sandy loam,5.6,6.0,45.0,90.0,549.63,26.43,19.97,900.0,1200.0
2022,Feb,Navarai/Kodai,THOOTHUKUDI,colocasia,Root&tuber,Well grained deep loamy moist and alluviual soil,5.5,7.0,150.0,180.0,610.74,33.15,24.26,1000.0,1000.0
2024,May,Navarai/Kodai,TANJORE,fieldlablab,pulses,Well drained loamy soil,6.2,7.0,105.0,105.0,406.79,26.08,16.58,650.0,1000.0
2021,Jan,Navarai/Kodai,THIRUNELVELI,redgram,pulses,deep loam soils,6.5,7.0,120.0,150.0,524.85,30.14,18.39,600.0,1400.0
2021,Aug,Kuruvai/Sornavari,THIRUNELVELI,sorghum,millets,well-drained loamy soils,6.0,7.5,95.0,105.0,149.34,38.55,14.7,450.0,650.0
2025,Aug,Kuruvai/Sornavari,VIRUDHUNAGAR,sugarcane,sugar crops,Clayey Loamy Soil/ Black Cotton Soil/ Red Loamy Soil/ Brown Loamy Soil,6.5,8.0,300.0,330.0,1431.72,27.14,24.52,1500.0,2500.0
2022,May,Navarai/Kodai,DINDIGUL,beetroot,Root&tuber,all types of friable soil,6.0,7.0,45.0,65.0,414.56,24.06,18.76,1000.0,1000.0
2024,Oct,Samba/Thaladi,DINDIGUL,fodder maize,forage crops,Well drained sandy loam and clayey loam soils ,5.5,8.0,60.0,70.0,229.43,44.7,12.68,500.0,480.0
2023,Jun,Kuruvai/Sornavari,JAWAD HILLS,kollukattai pullu,forage crops,Well drained sandy loam and clayey loam soils ,7.0,7.5,45.0,55.0,278.46,29.66,22.84,500.0,480.0
2023,May,Navarai/Kodai,DHARMAPURI,beetroot,Root&tuber,all types of friable soil,6.0,7.0,45.0,65.0,646.59,23.75,20.48,1000.0,1000.0
2024,Jun,Kuruvai/Sornavari,HILLY REGIONS OF SHEVROY,Rhubarb,minor vegetables,Sandy loam,6.0,6.8,56.0,70.0,588.65,25.97,10.0,900.0,1200.0
2024,Aug,Kuruvai/Sornavari,TIRUVARUR,fodder cumbu,forage crops,Well drained sandy loam and clayey loam soils ,4.0,7.5,45.0,120.0,297.14,36.2,28.87,500.0,480.0
2023,Nov,Samba/Thaladi,TANJORE,beetroot,Root&tuber,all types of friable soil,6.0,7.0,45.0,65.0,346.72,24.31,19.68,1000.0,1000.0
2025,May,Navarai/Kodai,HILLY REGIONS OF SHEVROY,niger,oil seeds,"Loams, silt loams, clay loams, or silty clay loams",5.2,7.3,80.0,80.0,749.0,25.0,15.62,1000.0,1300.0
2023,Feb,Navarai/Kodai,KANCHEEPURAM,amaranthus,greenleafy,Silt Loam to loamy,6.5,7.5,70.0,75.0,382.0,31.3,21.54,1000.0,1000.0
2022,Jan,Navarai/Kodai,HILLY REGIONS OF SHEVROY,carrot,Root&tuber,light or sandy loam soil,6.0,7.0,75.0,75.0,512.92,23.03,15.91,1000.0,1000.0
2024,Nov,Samba/Thaladi,SIVAGANGAI,sorghum,millets,well-drained loamy soils,6.0,7.5,95.0,105.0,405.34,39.11,13.23,450.0,650.0
2025,Jun,Kuruvai/Sornavari,THIRUCHIRAPALLI,bengalgram,pulses,medium to heavy black soil,5.5,7.0,90.0,120.0,577.74,27.67,23.66,650.0,1000.0
2021,Apr,Navarai/Kodai,SALEM,tobacco,other crops,Well drained sandy loam and clayey loam soils ,7.5,8.5,90.0,100.0,642.16,28.03,29.83,800.0,1000.0
2021,Oct,Samba/Thaladi,THIRUVANNAMALAI,fodder cholam,forage crops,Well drained sandy loam and clayey loam soils ,5.5,7.5,1095.0,1095.0,143.11,34.49,23.16,300.0,350.0
2022,May,Navarai/Kodai,KANYAKUMARI,Phaseolus lunatus,minor vegetables,Sandy loam,6.0,6.8,90.0,90.0,259.49,25.38,20.14,900.0,2000.0
2021,Oct,Samba/Thaladi,HILLY REGIONS OF SHEVROY,Chakravathi keerai,minor vegetables,Sandy loam,4.5,8.3,100.0,100.0,731.28,25.01,14.11,900.0,1200.0
2023,Jan,Navarai/Kodai,THOOTHUKUDI,gingely,oil seeds,"Loams, silt loams, clay loams, or silty clay loams",5.5,8.0,85.0,90.0,147.5,36.77,29.61,350.0,400.0
2025,Sep,Kuruvai/Sornavari,COIMBATORE,vegetable cowpea,vegetables,Sandy loam,5.6,6.0,45.0,90.0,617.33,28.52,18.54,900.0,1200.0
2022,Aug,Kuruvai/Sornavari,DHARMAPURI,guinea grass,forage crops,Well drained sandy loam and clayey loam soils ,5.0,7.0,45.0,55.0,286.87,33.03,15.19,1000.0,480.0
2024,Feb,Navarai/Kodai,KOLLI HILLS,blackgram,pulses,sandy soils to heavy cotton soils,6.5,7.8,70.0,75.0,633.77,39.96,20.64,600.0,1000.0
2024,Sep,Kuruvai/Sornavari,THIRUVALLUR,redgram,pulses,deep loam soils,6.5,7.0,120.0,150.0,922.21,31.11,19.16,600.0,1400.0
2024,Jul,Kuruvai/Sornavari,PUDUKKOTTAI,ribbed gourd,vegetables,Sandy Loam,6.5,7.5,125.0,125.0,233.86,36.14,28.47,900.0,1200.0
2022,Feb,Navarai/Kodai,NAMAKAL,redgram,pulses,deep loam soils,6.5,7.0,120.0,150.0,418.47,29.66,19.9,600.0,1400.0
2025,Aug,Kuruvai/Sornavari,CHENGLEPUT,carrot,Root&tuber,light or sandy loam soil,6.0,7.0,75.0,75.0,495.05,24.55,18.48,1000.0,1000.0
2024,Mar,Navarai/Kodai,THE NILGRIS,sugarcane,sugar crops,Clayey Loamy Soil/ Black Cotton Soil/ Red Loamy Soil/ Brown Loamy Soil,6.5,8.0,300.0,330.0,945.8,25.71,25.22,1500.0,2500.0
2025,Jul,Kuruvai/Sornavari,SALEM,tobacco,other crops,Well drained sandy loam and clayey loam soils ,7.5,8.5,90.0,100.0,277.56,29.71,25.51,800.0,1000.0
2023,Aug,Kuruvai/Sornavari,TIRUVARUR,paprika,vegetables,Sandy loam,5.8,6.5,160.0,180.0,438.98,28.38,22.11,700.0,1000.0
2022,Sep,Kuruvai/Sornavari,MADURAI,Brussels sprout,minor vegetables,Sandy loam,6.5,6.8,12.0,12.0,318.04,26.5,19.01,900.0,1200.0
2024,Dec,Samba/Thaladi,KANYAKUMARI,tapoica,Root&tuber,Red lateritic loam,5.5,7.0,270.0,300.0,528.14,29.51,24.42,1000.0,1000.0
2021,Oct,Samba/Thaladi,ERODE,cucumber,vegetables,Loamy,6.5,7.5,120.0,120.0,908.86,36.94,26.02,1200.0,1500.0
2024,Jan,Navarai/Kodai,NAMAKAL,cotton,fibre crop," black soils, (ii) red soils and (iii) alluvial soils.",7.0,8.0,135.0,140.0,833.26,26.0,21.73,700.0,1300.0
2022,Jun,Kuruvai/Sornavari,KANCHEEPURAM,horsegram,pulses, light to heavy soils ,6.0,7.5,100.0,105.0,532.54,38.18,28.46,800.0,800.0
2023,Feb,Navarai/Kodai,CAUVERY,Basella,minor vegetables,Sandy loam,5.5,8.0,70.0,70.0,394.99,33.17,13.49,900.0,1200.0
2024,Jan,Navarai/Kodai,THALAVADI HILLS,kollukattai pullu,forage crops,Well drained sandy loam and clayey loam soils ,7.0,7.5,45.0,55.0,233.62,31.37,18.13,500.0,480.0
2025,Sep,Kuruvai/Sornavari,DINDIGUL,peas,vegetables,Sandy loam,6.5,7.5,60.0,70.0,225.19,31.33,10.02,900.0,1200.0
2024,Oct,Samba/Thaladi,ERODE,Turnip,minor vegetables,Loamy soil,5.5,6.8,42.0,56.0,338.52,23.63,11.98,900.0,1200.0
2022,Feb,Navarai/Kodai,THIRUNELVELI,ragi,millets,"red, black, sandy, loamy and shallow black soils.",5.0,8.2,100.0,120.0,337.38,28.92,13.79,700.0,1200.0
2021,Oct,Samba/Thaladi,KANCHEEPURAM,tomato,vegetables,Sandy loam,6.5,7.5,90.0,140.0,337.79,29.92,20.19,600.0,800.0
2021,Feb,Navarai/Kodai,DHARMAPURI,kudirai masi,forage crops,Well drained sandy loam and clayey loam soils ,6.5,7.5,45.0,55.0,116.11,35.6,25.42,300.0,350.0
2022,May,Navarai/Kodai,RAMANATHANPURAM,broadbean,vegetables,Well drained loamy soil,5.5,6.0,80.0,100.0,553.01,23.57,13.29,900.0,1200.0
2023,Sep,Kuruvai/Sornavari,COIMBATORE,Celery,minor vegetables,Sandy loam,5.8,6.8,120.0,150.0,505.46,24.56,19.53,900.0,1200.0
2023,Apr,Navarai/Kodai,KARUR,soundal,forage crops,Well drained sandy loam and clayey loam soils ,5.5,7.5,40.0,80.0,281.58,32.71,21.94,500.0,480.0
2024,Jan,Navarai/Kodai,THIRUVALLUR,gingely,oil seeds,"Loams, silt loams, clay loams, or silty clay loams",5.5,8.0,85.0,90.0,213.9,35.58,25.37,350.0,400.0
2022,May,Navarai/Kodai,DHARMAPURI,horsegram,pulses, light to heavy soils ,6.0,7.5,100.0,105.0,327.42,38.08,23.93,800.0,800.0
2025,Dec,Samba/Thaladi,VILLUPURAM,cumbu napier hybrid,forage crops,Well drained sandy loam and clayey loam soils ,5.0,8.6,45.0,55.0,466.96,25.25,22.75,800.0,1000.0
2024,Sep,Kuruvai/Sornavari,NAMAKAL,brinjal,vegetables,Loamy soil/ Lateritic soil,6.0,7.5,100.0,150.0,488.39,25.3,16.08,900.0,1200.0
2022,Jun,Kuruvai/Sornavari,SIVAGANGAI,pumpkin,vegetables,Loamy soil/ Lateritic soil,6.0,7.0,115.0,120.0,479.13,28.83,22.71,900.0,1200.0
2024,Feb,Navarai/Kodai,THENI,Palak,minor vegetables,Sandy loam,6.5,7.0,37.0,45.0,695.13,27.14,11.97,900.0,1200.0
2022,Mar,Navarai/Kodai,KANCHEEPURAM,sugarcane,sugar crops,Clayey Loamy Soil/ Black Cotton Soil/ Red Loamy Soil/ Brown Loamy Soil,6.5,8.0,300.0,330.0,1532.66,26.64,25.29,1500.0,2500.0
2023,Aug,Kuruvai/Sornavari,THIRUPPUR,colocasia,Root&tuber,Well grained deep loamy moist and alluviual soil,5.5,7.0,150.0,180.0,626.86,34.5,18.72,1000.0,1000.0
2024,Jun,Kuruvai/Sornavari,KARUR,annual moringa,vegetables,Sandy loam,6.5,8.0,210.0,240.0,555.84,36.98,24.98,900.0,1200.0
2025,Jan,Navarai/Kodai,THENI,gingely,oil seeds,"Loams, silt loams, clay loams, or silty clay loams",5.5,8.0,85.0,90.0,179.61,30.05,28.35,350.0,400.0
2021,Mar,Navarai/Kodai,VILLUPURAM,french bean,vegetables,Well drained loamy soil,5.5,6.0,40.0,50.0,733.8,26.48,11.07,900.0,1200.0
2021,Jan,Navarai/Kodai,KARUR,soundal,forage crops,Well drained sandy loam and clayey loam soils ,5.5,7.5,40.0,80.0,255.99,34.27,24.57,500.0,480.0
2021,Aug,Kuruvai/Sornavari,TIRUVARUR,lablab,vegetables,Well drained loamy soil,6.5,8.5,70.0,75.0,610.58,31.52,25.79,900.0,1200.0
2023,Oct,Samba/Thaladi,ERODE,gardenlablab,pulses,wide range of soils,6.0,7.0,75.0,100.0,657.44,35.94,19.82,650.0,1000.0
2022,Dec,Samba/Thaladi,THIRUPPUR,chinese potato,Root&tuber,well-drained soil,4.8,5.8,120.0,150.0,269.18,22.46,15.48,1000.0,1000.0
2023,Feb,Navarai/Kodai,HILLY REGIONS OF SHEVROY,tapoica,Root&tuber,Red lateritic loam,5.5,7.0,270.0,300.0,583.15,26.1,26.07,1000.0,1000.0
2021,Jul,Kuruvai/Sornavari,THIRUPPUR,safflower,oil seeds,"Loams, silt loams, clay loams, or silty clay loams",5.4,8.2,120.0,125.0,173.7,30.65,21.01,550.0,725.0
2022,Nov,Samba/Thaladi,THIRUPPUR,Knol-khol,minor vegetables,Sandy loam,5.5,7.0,50.0,65.0,360.26,27.0,16.54,900.0,1200.0
2021,Apr,Navarai/Kodai,COIMBATORE,fodder cholam,forage crops,Well drained sandy loam and clayey loam soils ,5.5,7.5,1095.0,1095.0,117.0,35.97,29.4,300.0,350.0
2023,May,Navarai/Kodai,ERODE,samai,millets,Loamy Soil,8.5,9.0,80.0,100.0,128.7,40.73,25.94,480.0,750.0
2025,Sep,Kuruvai/Sornavari,THIRUPPUR,chowchow,vegetables,Loamy soil/ Lateritic soil,5.5,6.5,150.0,150.0,902.34,24.9,18.12,1200.0,1500.0
2025,Nov,Samba/Thaladi,THENI,sweet potato,Root&tuber,well-drained soil,5.7,6.7,90.0,120.0,400.56,25.45,20.84,1000.0,1000.0
2022,Jul,Kuruvai/Sornavari,DINDIGUL,Winged Bean,minor vegetables,Sandy loam,7.0,12.0,42.0,42.0,601.69,25.83,28.32,900.0,1200.0
2021,Sep,Kuruvai/Sornavari,KOLLI HILLS,french bean,vegetables,Well drained loamy soil,5.5,6.0,40.0,50.0,321.07,28.95,10.11,900.0,1200.0
2025,Aug,Kuruvai/Sornavari,THIRUNELVELI,watermelon,vegetables,Sandy,6.0,7.5,70.0,85.0,706.94,28.25,26.33,900.0,1200.0
2021,Aug,Kuruvai/Sornavari,DINDIGUL,tinda,vegetables,Sandy loam,6.5,7.5,70.0,70.0,406.23,26.81,23.66,900.0,1200.0
2022,Jun,Kuruvai/Sornavari,HILLY REGIONS OF SHEVROY,ribbed gourd,vegetables,Sandy Loam,6.5,7.5,125.0,125.0,354.85,36.41,29.36,900.0,1200.0
2021,Feb,Navarai/Kodai,THOOTHUKUDI,panivaragu,millets,sandy loam to clays of black cotton soils,5.5,7.0,70.0,75.0,136.67,44.96,11.42,330.0,350.0
2022,Dec,Samba/Thaladi,CHENGLEPUT,guinea grass,forage crops,Well drained sandy loam and clayey loam soils ,5.0,7.0,45.0,55.0,313.92,34.51,17.14,1000.0,480.0
2025,Jul,Kuruvai/Sornavari,COIMBATORE,redgram,pulses,deep loam soils,6.5,7.0,120.0,150.0,769.94,26.41,18.21,600.0,1400.0
2023,Jul,Kuruvai/Sornavari,DINDIGUL,small onion,bulbvegetables,Sandy loam,6.0,7.0,70.0,90.0,244.45,25.46,18.55,650.0,750.0
2022,Aug,Kuruvai/Sornavari,TANJORE,snake gourd,vegetables,Loamy soil/ Lateritic soil,6.0,6.7,90.0,90.0,558.08,27.07,17.59,900.0,1200.0
2023,Nov,Samba/Thaladi,DINDIGUL,cauliflower,colecrops,LoamySandy,6.5,6.8,55.0,100.0,310.29,30.8,10.0,380.0,500.0
2022,Jul,Kuruvai/Sornavari,SALEM,ash gourd,vegetables,Sandy loam,6.0,6.7,120.0,120.0,382.88,26.3,26.11,900.0,1200.0
2025,Aug,Kuruvai/Sornavari,MADURAI,cumbu napier hybrid,forage crops,Well drained sandy loam and clayey loam soils ,5.0,8.6,45.0,55.0,500.93,25.24,22.92,800.0,1000.0
2023,Jul,Kuruvai/Sornavari,PERAMBALUR,sweet sorghum,sugar crops,Well drained sandy loam and clayey loam soils ,6.0,8.5,115.0,125.0,138.57,25.37,26.67,500.0,600.0
2023,Oct,Samba/Thaladi,NAGAPATTINAM,horsegram,pulses, light to heavy soils ,6.0,7.5,100.0,105.0,408.82,36.35,23.35,800.0,800.0
2021,Jan,Navarai/Kodai,VILLUPURAM,muyal masal,forage crops,Well drained sandy loam and clayey loam soils ,5.5,7.5,75.0,65.0,216.12,35.57,29.78,500.0,480.0
2022,Nov,Samba/Thaladi,TIRUVARUR,rice,cereals,Alluvia or loamy and clayey soil,5.0,8.0,150.0,150.0,1123.59,35.81,24.04,900.0,2500.0
2023,Mar,Navarai/Kodai,THIRUCHIRAPALLI,fodder maize,forage crops,Well drained sandy loam and clayey loam soils ,5.5,8.0,60.0,70.0,170.55,44.68,10.49,500.0,480.0
2023,Oct,Samba/Thaladi,SALEM,cotton,fibre crop," black soils, (ii) red soils and (iii) alluvial soils.",7.0,8.0,135.0,140.0,526.98,28.79,24.63,700.0,1300.0
2024,May,Navarai/Kodai,NAGAPATTINAM,french bean,vegetables,Well drained loamy soil,5.5,6.0,40.0,50.0,548.94,28.64,13.95,900.0,1200.0
2024,Jun,Kuruvai/Sornavari,HILLY REGIONS OF SHEVROY,dioscorea,Root&tuber,well-drained soil,6.0,6.5,270.0,300.0,936.8,32.08,30.0,1000.0,2000.0
2024,Aug,Kuruvai/Sornavari,THOOTHUKUDI,onion,vegetables, Any Loamy,5.8,6.5,100.0,120.0,184.14,25.66,21.14,350.0,550.0
2025,Sep,Kuruvai/Sornavari,DINDIGUL,sunflower,oil seeds,"Loams, silt loams, clay loams, or silty clay loams",6.5,8.0,85.0,95.0,211.56,26.4,20.88,350.0,500.0
2023,Sep,Kuruvai/Sornavari,PUDUKKOTTAI,Rhubarb,minor vegetables,Sandy loam,6.0,6.8,56.0,70.0,228.36,25.51,10.0,900.0,1200.0
2021,Sep,Kuruvai/Sornavari,THENI,muyal masal,forage crops,Well drained sandy loam and clayey loam soils ,5.5,7.5,75.0,65.0,208.6,36.19,27.31,500.0,480.0
2023,Nov,Samba/Thaladi,SIVAGANGAI,tinda,vegetables,Sandy loam,6.5,7.5,70.0,70.0,262.45,25.09,24.52,900.0,1200.0
2024,Oct,Samba/Thaladi,THIRUPPUR,kudirai masi,forage crops,Well drained sandy loam and clayey loam soils ,6.5,7.5,45.0,55.0,125.59,32.46,28.68,300.0,350.0
2024,May,Navarai/Kodai,DINDIGUL,samai,millets,Loamy Soil,8.5,9.0,80.0,100.0,417.42,36.19,24.45,480.0,750.0
2024,Dec,Samba/Thaladi,THOOTHUKUDI,horsegram,pulses, light to heavy soils ,6.0,7.5,100.0,105.0,406.46,37.03,26.27,800.0,800.0
2023,Apr,Navarai/Kodai,VELLORE,wheat,cereals,Well Drained,6.0,7.0,80.0,90.0,288.71,25.16,20.75,450.0,650.0
2025,Mar,Navarai/Kodai,DHARMAPURI,gingely,oil seeds,"Loams, silt loams, clay loams, or silty clay loams",5.5,8.0,85.0,90.0,239.78,32.84,23.02,350.0,400.0
2024,Nov,Samba/Thaladi,DHARMAPURI,niger,oil seeds,"Loams, silt loams, clay loams, or silty clay loams",5.2,7.3,80.0,80.0,419.1,25.0,15.17,1000.0,1300.0
2022,Jul,Kuruvai/Sornavari,KOLLI HILLS,muskmelon,vegetables,Sandy Loam,6.5,7.5,70.0,100.0,242.77,34.62,27.03,900.0,1200.0
2021,Oct,Samba/Thaladi,PUDUKKOTTAI,chinese potato,Root&tuber,well-drained soil,4.8,5.8,120.0,150.0,462.33,22.15,17.89,1000.0,1000.0
2024,Jul,Kuruvai/Sornavari,CAUVERY,Pearl millet,millets,"clay, clay loam, or sandy loam soils",5.5,7.5,75.0,85.0,92.73,40.12,16.09,350.0,500.0
2022,Dec,Samba/Thaladi,THENI,muyal masal,forage crops,Well drained sandy loam and clayey loam soils ,5.5,7.5,75.0,65.0,127.31,36.13,25.09,500.0,480.0
2024,Jul,Kuruvai/Sornavari,ERODE,samai,millets,Loamy Soil,8.5,9.0,80.0,100.0,353.78,41.98,28.88,480.0,750.0
2023,Sep,Kuruvai/Sornavari,THIRUCHIRAPALLI,sorghum,millets,well-drained loamy soils,6.0,7.5,95.0,105.0,304.69,38.96,18.01,450.0,650.0
2021,Sep,Kuruvai/Sornavari,SALEM,tobacco,other crops,Well drained sandy loam and clayey loam soils ,7.5,8.5,90.0,100.0,219.25,27.75,29.44,800.0,1000.0
2022,Nov,Samba/Thaladi,ARIYALUR,vegetable cowpea,vegetables,Sandy loam,5.6,6.0,45.0,90.0,733.18,31.71,23.07,900.0,1200.0
2025,Oct,Samba/Thaladi,SALEM,cucumber,vegetables,Loamy,6.5,7.5,120.0,120.0,564.72,35.99,26.05,1200.0,1500.0
2022,Jan,Navarai/Kodai,THOOTHUKUDI,cluster bean,vegetables,Sandy Loam,7.0,8.5,60.0,90.0,449.36,26.11,23.54,900.0,1200.0
2023,Apr,Navarai/Kodai,DHARMAPURI,bhendi,vegetables,Loamy soil/ Lateritic soil,6.0,6.8,55.0,65.0,937.61,27.35,28.42,1200.0,2200.0
2021,Feb,Navarai/Kodai,SALEM,tobacco,other crops,Well drained sandy loam and clayey loam soils ,7.5,8.5,90.0,100.0,313.27,28.55,25.62,800.0,1000.0
2025,Jan,Navarai/Kodai,NAMAKAL,sunflower,oil seeds,"Loams, silt loams, clay loams, or silty clay loams",6.5,8.0,85.0,95.0,146.26,25.68,20.84,350.0,500.0
2025,Jul,Kuruvai/Sornavari,THENI,sorghum,millets,well-drained loamy soils,6.0,7.5,95.0,105.0,281.79,37.06,18.0,450.0,650.0
2021,Oct,Samba/Thaladi,THALAVADI HILLS,annual moringa,vegetables,Sandy loam,6.5,8.0,210.0,240.0,708.59,34.37,28.3,900.0,1200.0
2025,Oct,Samba/Thaladi,CUDDALORE,varagu,millets,clay-based soil,5.5,6.5,120.0,120.0,164.05,25.1,27.86,500.0,900.0
2024,Apr,Navarai/Kodai,THE NILGRIS,Celery,minor vegetables,Sandy loam,5.8,6.8,120.0,150.0,279.78,22.77,15.77,900.0,1200.0
2023,Jul,Kuruvai/Sornavari,NAGAPATTINAM,kollukattai pullu,forage crops,Well drained sandy loam and clayey loam soils ,7.0,7.5,45.0,55.0,181.15,29.17,24.41,500.0,480.0
2022,Feb,Navarai/Kodai,COIMBATORE,bellary onion,minor vegetables,Sandy loam,5.8,6.5,150.0,150.0,782.62,25.49,16.06,900.0,1200.0
2021,Apr,Navarai/Kodai,COIMBATORE,kudirai masi,forage crops,Well drained sandy loam and clayey loam soils ,6.5,7.5,45.0,55.0,203.25,33.8,29.85,300.0,350.0
2021,Mar,Navarai/Kodai,DHARMAPURI,blackgram,pulses,sandy soils to heavy cotton soils,6.5,7.8,70.0,75.0,297.65,41.12,20.63,600.0,1000.0
2022,Jan,Navarai/Kodai,VILLUPURAM,Winged Bean,minor vegetables,Sandy loam,7.0,12.0,42.0,42.0,710.54,31.92,27.24,900.0,1200.0
2021,Jun,Kuruvai/Sornavari,ERODE,kudirai masi,forage crops,Well drained sandy loam and clayey loam soils ,6.5,7.5,45.0,55.0,141.2,32.51,25.65,300.0,350.0
2021,Dec,Samba/Thaladi,PUDUKKOTTAI,ash gourd,vegetables,Sandy loam,6.0,6.7,120.0,120.0,248.01,29.84,22.02,900.0,1200.0
2025,Aug,Kuruvai/Sornavari,THIRUNELVELI,Knol-khol,minor vegetables,Sandy loam,5.5,7.0,50.0,65.0,682.47,30.62,14.28,900.0,1200.0
2023,May,Navarai/Kodai,DHARMAPURI,Phaseolus lunatus,minor vegetables,Sandy loam,6.0,6.8,90.0,90.0,266.26,28.89,14.35,900.0,2000.0
2025,May,Navarai/Kodai,VIRUDHUNAGAR,Ceylon spinach,minor vegetables,Sandy loam,6.5,7.0,40.0,50.0,236.05,24.14,10.87,900.0,1200.0
2021,Jun,Kuruvai/Sornavari,THENI,broadbean,vegetables,Well drained loamy soil,5.5,6.0,80.0,100.0,266.69,23.52,13.67,900.0,1200.0
2024,Nov,Samba/Thaladi,CHENGLEPUT,Chekurmanis,minor vegetables,Sandy loam,5.5,7.5,90.0,120.0,440.32,34.01,24.22,900.0,1200.0
2025,Jan,Navarai/Kodai,NAMAKAL,ash gourd,vegetables,Sandy loam,6.0,6.7,120.0,120.0,447.72,29.72,25.04,900.0,1200.0
2023,Apr,Navarai/Kodai,KANYAKUMARI,vegetable cowpea,vegetables,Sandy loam,5.6,6.0,45.0,90.0,284.67,30.38,24.14,900.0,1200.0
2021,Feb,Navarai/Kodai,TIRUVARUR,watermelon,vegetables,Sandy,6.0,7.5,70.0,85.0,678.93,28.37,25.59,900.0,1200.0
2025,Mar,Navarai/Kodai,KRISHNAGIRI,brinjal,vegetables,Loamy soil/ Lateritic soil,6.0,7.5,100.0,150.0,668.99,25.91,20.48,900.0,1200.0
2022,Aug,Kuruvai/Sornavari,COIMBATORE,Ceylon spinach,minor vegetables,Sandy loam,6.5,7.0,40.0,50.0,498.4,24.69,10.95,900.0,1200.0
2025,Dec,Samba/Thaladi,THENI,greengram,pulses,well-drained sandy loams or sandy soils ,6.5,7.5,100.0,100.0,567.08,30.91,26.92,850.0,1000.0
2023,Jan,Navarai/Kodai,TANJORE,soundal,forage crops,Well drained sandy loam and clayey loam soils ,5.5,7.5,40.0,80.0,314.53,32.83,21.15,500.0,480.0
2025,Jan,Navarai/Kodai,MADURAI,chinese potato,Root&tuber,well-drained soil,4.8,5.8,120.0,150.0,253.99,22.85,19.03,1000.0,1000.0
2023,May,Navarai/Kodai,PUDUKKOTTAI,dioscorea,Root&tuber,well-drained soil,6.0,6.5,270.0,300.0,388.94,29.26,30.0,1000.0,2000.0
2022,Sep,Kuruvai/Sornavari,CAUVERY,tapoica,Root&tuber,Red lateritic loam,5.5,7.0,270.0,300.0,363.05,26.91,23.22,1000.0,1000.0
2024,Apr,Navarai/Kodai,TANJORE,sweet potato,Root&tuber,well-drained soil,5.7,6.7,90.0,120.0,295.37,27.97,23.07,1000.0,1000.0
2023,Nov,Samba/Thaladi,THIRUNELVELI,dioscorea,Root&tuber,well-drained soil,6.0,6.5,270.0,300.0,914.55,31.7,30.0,1000.0,2000.0
2022,Nov,Samba/Thaladi,KOLLI HILLS,Asparagus,minor vegetables,Sandy loam,6.0,6.7,730.0,730.0,760.93,26.83,15.27,900.0,1200.0
2023,Feb,Navarai/Kodai,TIRUVARUR,Palak,minor vegetables,Sandy loam,6.5,7.0,37.0,45.0,694.74,27.9,10.5,900.0,1200.0
2023,Feb,Navarai/Kodai,PUDUKKOTTAI,blackgram,pulses,sandy soils to heavy cotton soils,6.5,7.8,70.0,75.0,213.51,39.5,22.53,600.0,1000.0
2023,May,Navarai/Kodai,THIRUPPUR,lablab,vegetables,Well drained loamy soil,6.5,8.5,70.0,75.0,676.37,32.26,25.76,900.0,1200.0
2022,Apr,Navarai/Kodai,SIVAGANGAI,vegetable cowpea,vegetables,Sandy loam,5.6,6.0,45.0,90.0,673.94,27.74,18.83,900.0,1200.0
2021,Apr,Navarai/Kodai,NAGAPATTINAM,ribbed gourd,vegetables,Sandy Loam,6.5,7.5,125.0,125.0,773.76,33.47,26.02,900.0,1200.0
2021,Sep,Kuruvai/Sornavari,DHARMAPURI,sugarcane,sugar crops,Clayey Loamy Soil/ Black Cotton Soil/ Red Loamy Soil/ Brown Loamy Soil,6.5,8.0,300.0,330.0,1432.05,26.94,22.79,1500.0,2500.0
2022,Dec,Samba/Thaladi,COIMBATORE,fodder cumbu,forage crops,Well drained sandy loam and clayey loam soils ,4.0,7.5,45.0,120.0,268.43,33.7,28.67,500.0,480.0
2021,Jun,Kuruvai/Sornavari,CHENGLEPUT,curry leaf,greenleafy,Red sandy loam,5.2,5.5,90.0,85.0,339.94,34.28,24.54,1000.0,1000.0
2022,Jun,Kuruvai/Sornavari,THIRUCHIRAPALLI,Cabbage,colecrops,LoamySandy,6.0,6.5,80.0,180.0,328.78,27.93,11.05,380.0,500.0
2024,Feb,Navarai/Kodai,PERAMBALUR,muskmelon,vegetables,Sandy Loam,6.5,7.5,70.0,100.0,731.17,33.32,28.29,900.0,1200.0
2023,Sep,Kuruvai/Sornavari,NAGAPATTINAM,capsicum,vegetables,Loamy soil/ Lateritic soil,5.5,7.0,60.0,60.0,684.51,30.08,15.2,500.0,1200.0
2021,Dec,Samba/Thaladi,VELLORE,guinea grass,forage crops,Well drained sandy loam and clayey loam soils ,5.0,7.0,45.0,55.0,278.44,39.52,13.78,1000.0,480.0
2022,Oct,Samba/Thaladi,KANCHEEPURAM,Chekurmanis,minor vegetables,Sandy loam,5.5,7.5,90.0,120.0,709.29,33.57,24.76,900.0,1200.0
2025,Mar,Navarai/Kodai,NAGAPATTINAM,sweet sorghum,sugar crops,Well drained sandy loam and clayey loam soils ,6.0,8.5,115.0,125.0,388.89,28.85,28.9,500.0,600.0
2021,Aug,Kuruvai/Sornavari,CUDDALORE,thinai,millets,"alluvial,loamy ",5.5,7.0,85.0,90.0,246.32,29.0,18.07,500.0,900.0
2021,Sep,Kuruvai/Sornavari,CUDDALORE,jute,fibre crop,Sandy and Clay Loam,6.0,7.5,120.0,140.0,505.14,36.66,22.17,1000.0,1300.0
2021,Nov,Samba/Thaladi,KANCHEEPURAM,kollukattai pullu,forage crops,Well drained sandy loam and clayey loam soils ,7.0,7.5,45.0,55.0,221.95,25.32,19.86,500.0,480.0
2025,Jun,Kuruvai/Sornavari,KOLLI HILLS,ash gourd,vegetables,Sandy loam,6.0,6.7,120.0,120.0,434.2,32.71,27.86,900.0,1200.0
2023,Jan,Navarai/Kodai,THIRUPPUR,sweet potato,Root&tuber,well-drained soil,5.7,6.7,90.0,120.0,433.89,26.83,21.85,1000.0,1000.0
2024,May,Navarai/Kodai,DHARMAPURI,kudirai masi,forage crops,Well drained sandy loam and clayey loam soils ,6.5,7.5,45.0,55.0,101.03,33.66,29.29,300.0,350.0
2021,Mar,Navarai/Kodai,ARIYALUR,cowpea,pulses, well-drained sandy loams or sandy soils ,5.0,6.5,60.0,90.0,411.84,25.85,18.88,400.0,700.0
2024,Jun,Kuruvai/Sornavari,THOOTHUKUDI,thinai,millets,"alluvial,loamy ",5.5,7.0,85.0,90.0,307.32,27.46,23.88,500.0,900.0
2024,Jul,Kuruvai/Sornavari,PERAMBALUR,thinai,millets,"alluvial,loamy ",5.5,7.0,85.0,90.0,393.64,30.7,19.42,500.0,900.0
2022,Jul,Kuruvai/Sornavari,THIRUNELVELI,Phaseolus lunatus,minor vegetables,Sandy loam,6.0,6.8,90.0,90.0,1244.96,26.14,15.81,900.0,2000.0
2025,Dec,Samba/Thaladi,RAMANATHANPURAM,bhendi,vegetables,Loamy soil/ Lateritic soil,6.0,6.8,55.0,65.0,1142.87,27.54,22.13,1200.0,2200.0
2025,Oct,Samba/Thaladi,VELLORE,Asparagus,minor vegetables,Sandy loam,6.0,6.7,730.0,730.0,583.72,30.17,14.91,900.0,1200.0
2023,Mar,Navarai/Kodai,ARIYALUR,small onion,bulbvegetables,Sandy loam,6.0,7.0,70.0,90.0,399.67,25.1,20.65,650.0,750.0
2025,Nov,Samba/Thaladi,MADURAI,velimasal,forage crops,Well drained sandy loam and clayey loam soils ,5.8,7.0,45.0,55.0,118.72,31.25,28.77,300.0,350.0
2024,Dec,Samba/Thaladi,THE NILGRIS,guinea grass,forage crops,Well drained sandy loam and clayey loam soils ,5.0,7.0,45.0,55.0,262.59,38.75,16.88,1000.0,480.0
2022,Dec,Samba/Thaladi,RAMANATHANPURAM,Palak,minor vegetables,Sandy loam,6.5,7.0,37.0,45.0,698.43,28.18,13.73,900.0,1200.0
2021,Jan,Navarai/Kodai,THENI,cowpea,pulses, well-drained sandy loams or sandy soils ,5.0,6.5,60.0,90.0,264.57,26.2,24.81,400.0,700.0
2025,Oct,Samba/Thaladi,NAMAKAL,curry leaf,greenleafy,Red sandy loam,5.2,5.5,90.0,85.0,657.5,38.23,29.24,1000.0,1000.0
2025,Jan,Navarai/Kodai,CAUVERY,annual moringa,vegetables,Sandy loam,6.5,8.0,210.0,240.0,797.23,31.58,29.83,900.0,1200.0
2021,Dec,Samba/Thaladi,THIRUNELVELI,safflower,oil seeds,"Loams, silt loams, clay loams, or silty clay loams",5.4,8.2,120.0,125.0,445.63,30.27,23.19,550.0,725.0
2022,Nov,Samba/Thaladi,CAUVERY,sugarbeet,sugar crops,Well drained sandy loam and clayey loam soils ,6.0,8.0,150.0,180.0,334.76,26.76,15.87,600.0,800.0
2025,Apr,Navarai/Kodai,COIMBATORE,kudiraivali,millets,Loamy Soil,5.5,7.0,75.0,95.0,236.64,23.48,22.74,500.0,900.0
2021,May,Navarai/Kodai,SALEM,tapoica,Root&tuber,Red lateritic loam,5.5,7.0,270.0,300.0,622.45,27.36,27.43,1000.0,1000.0
2024,Jan,Navarai/Kodai,KANYAKUMARI,guinea grass,forage crops,Well drained sandy loam and clayey loam soils ,5.0,7.0,45.0,55.0,298.88,38.81,19.69,1000.0,480.0
2021,Feb,Navarai/Kodai,CAUVERY,sweet sorghum,sugar crops,Well drained sandy loam and clayey loam soils ,6.0,8.5,115.0,125.0,159.22,25.42,27.11,500.0,600.0
2021,Oct,Samba/Thaladi,MADURAI,panivaragu,millets,sandy loam to clays of black cotton soils,5.5,7.0,70.0,75.0,118.1,44.85,12.27,330.0,350.0
2023,Dec,Samba/Thaladi,VIRUDHUNAGAR,Phaseolus lunatus,minor vegetables,Sandy loam,6.0,6.8,90.0,90.0,247.15,28.43,20.1,900.0,2000.0
2022,Nov,Samba/Thaladi,TIRUVARUR,Winged Bean,minor vegetables,Sandy loam,7.0,12.0,42.0,42.0,350.09,29.07,29.17,900.0,1200.0
2025,Nov,Samba/Thaladi,SALEM,wheat,cereals,Well Drained,6.0,7.0,80.0,90.0,239.76,25.43,20.56,450.0,650.0
2022,Jun,Kuruvai/Sornavari,DHARMAPURI,panivaragu,millets,sandy loam to clays of black cotton soils,5.5,7.0,70.0,75.0,223.36,40.61,12.26,330.0,350.0
2024,Jan,Navarai/Kodai,RAMANATHANPURAM,sorghum,millets,well-drained loamy soils,6.0,7.5,95.0,105.0,145.29,40.08,17.15,450.0,650.0
2025,Sep,Kuruvai/Sornavari,VELLORE,guinea grass,forage crops,Well drained sandy loam and clayey loam soils ,5.0,7.0,45.0,55.0,269.41,36.28,15.06,1000.0,480.0
2025,Dec,Samba/Thaladi,THIRUNELVELI,Phaseolus lunatus,minor vegetables,Sandy loam,6.0,6.8,90.0,90.0,1118.48,28.37,16.81,900.0,2000.0
2025,Jun,Kuruvai/Sornavari,VIRUDHUNAGAR,castor,oil seeds,"Loams, silt loams, clay loams, or silty clay loams",5.0,8.5,120.0,160.0,141.14,27.27,23.78,500.0,500.0
2021,Apr,Navarai/Kodai,SIVAGANGAI,bhendi,vegetables,Loamy soil/ Lateritic soil,6.0,6.8,55.0,65.0,568.33,26.66,27.9,1200.0,2200.0
2021,Jun,Kuruvai/Sornavari,ARIYALUR,dioscorea,Root&tuber,well-drained soil,6.0,6.5,270.0,300.0,923.9,34.26,30.0,1000.0,2000.0
2021,Sep,Kuruvai/Sornavari,TANJORE,Chakravathi keerai,minor vegetables,Sandy loam,4.5,8.3,100.0,100.0,285.6,25.73,18.14,900.0,1200.0
2023,Sep,Kuruvai/Sornavari,THIRUNELVELI,watermelon,vegetables,Sandy,6.0,7.5,70.0,85.0,295.87,26.09,24.04,900.0,1200.0
2021,Mar,Navarai/Kodai,THENI,bengalgram,pulses,medium to heavy black soil,5.5,7.0,90.0,120.0,626.71,25.66,21.4,650.0,1000.0
2023,Mar,Navarai/Kodai,COIMBATORE,Chakravathi keerai,minor vegetables,Sandy loam,4.5,8.3,100.0,100.0,743.22,25.77,18.27,900.0,1200.0
2025,Mar,Navarai/Kodai,JAWAD HILLS,muyal masal,forage crops,Well drained sandy loam and clayey loam soils ,5.5,7.5,75.0,65.0,145.74,30.05,28.27,500.0,480.0
2023,May,Navarai/Kodai,PUDUKKOTTAI,Knol-khol,minor vegetables,Sandy loam,5.5,7.0,50.0,65.0,653.93,29.49,15.79,900.0,1200.0
2024,Nov,Samba/Thaladi,CUDDALORE,elephant foot yam,Root&tuber,Rich red loamy soil,5.5,7.0,240.0,240.0,595.79,33.15,25.6,1000.0,1500.0
2024,Oct,Samba/Thaladi,THIRUCHIRAPALLI,amaranthus,greenleafy,Silt Loam to loamy,6.5,7.5,70.0,75.0,603.31,27.81,23.2,1000.0,1000.0
2025,Dec,Samba/Thaladi,TIRUVARUR,ragi,millets,"red, black, sandy, loamy and shallow black soils.",5.0,8.2,100.0,120.0,422.2,27.35,10.18,700.0,1200.0
2025,Dec,Samba/Thaladi,KANCHEEPURAM,chowchow,vegetables,Loamy soil/ Lateritic soil,5.5,6.5,150.0,150.0,675.16,24.32,20.88,1200.0,1500.0
2025,Jul,Kuruvai/Sornavari,RAMANATHANPURAM,peas,vegetables,Sandy loam,6.5,7.5,60.0,70.0,764.23,31.75,12.86,900.0,1200.0
2024,Nov,Samba/Thaladi,DHARMAPURI,swordbean,pulses, well-drained sandy loams or sandy soils ,5.0,6.0,110.0,120.0,806.45,31.76,11.63,900.0,1500.0
2025,Jan,Navarai/Kodai,THIRUCHIRAPALLI,bitter gourd,vegetables,Well drained loamy soil,6.5,7.0,55.0,60.0,257.55,30.02,26.91,900.0,1200.0
2025,Aug,Kuruvai/Sornavari,SALEM,beetroot,Root&tuber,all types of friable soil,6.0,7.0,45.0,65.0,613.79,24.7,16.41,1000.0,1000.0
2022,Apr,Navarai/Kodai,ERODE,fodder cowpea,forage crops,Well drained sandy loam and clayey loam soils ,5.0,6.5,50.0,65.0,114.58,29.82,24.57,300.0,350.0
2022,Sep,Kuruvai/Sornavari,THALAVADI HILLS,Palak,minor vegetables,Sandy loam,6.5,7.0,37.0,45.0,280.21,32.17,12.74,900.0,1200.0
2023,Nov,Samba/Thaladi,ERODE,muskmelon,vegetables,Sandy Loam,6.5,7.5,70.0,100.0,540.49,31.86,25.31,900.0,1200.0
2024,Feb,Navarai/Kodai,ARIYALUR,Bread fruit,minor vegetables,Sandy loam,6.1,7.4,100.0,100.0,1623.2,34.02,14.03,2030.0,2540.0
2023,Feb,Navarai/Kodai,VILLUPURAM,guinea grass,forage crops,Well drained sandy loam and clayey loam soils ,5.0,7.0,45.0,55.0,267.63,35.89,19.02,1000.0,480.0
2024,Dec,Samba/Thaladi,ARIYALUR,annual moringa,vegetables,Sandy loam,6.5,8.0,210.0,240.0,725.61,32.44,27.09,900.0,1200.0
2024,Dec,Samba/Thaladi,ARIYALUR,soundal,forage crops,Well drained sandy loam and clayey loam soils ,5.5,7.5,40.0,80.0,166.93,35.66,23.47,500.0,480.0
2021,Apr,Navarai/Kodai,VELLORE,ash gourd,vegetables,Sandy loam,6.0,6.7,120.0,120.0,314.3,32.44,28.54,900.0,1200.0
2025,Oct,Samba/Thaladi,NAMAKAL,fodder cumbu,forage crops,Well drained sandy loam and clayey loam soils ,4.0,7.5,45.0,120.0,184.72,35.23,25.18,500.0,480.0
2024,Sep,Kuruvai/Sornavari,KOLLI HILLS,Brussels sprout,minor vegetables,Sandy loam,6.5,6.8,12.0,12.0,763.25,26.6,15.5,900.0,1200.0
2025,May,Navarai/Kodai,COIMBATORE,greengram,pulses,well-drained sandy loams or sandy soils ,6.5,7.5,100.0,100.0,513.63,36.77,24.57,850.0,1000.0
2023,Jan,Navarai/Kodai,DHARMAPURI,groundnut,oil seeds,Well-drained sandy loam or sandy clay loam soil ,6.5,7.0,140.0,150.0,193.11,43.55,12.48,500.0,700.0
2023,May,Navarai/Kodai,NAGAPATTINAM,Chinese cabbage,minor vegetables,Sandy loam,5.5,7.0,50.0,80.0,630.55,24.8,16.47,900.0,1200.0
2022,Nov,Samba/Thaladi,THIRUCHIRAPALLI,gherkins,vegetables,Sandy loam,5.8,7.0,90.0,90.0,332.55,36.79,19.89,900.0,1200.0
2022,Oct,Samba/Thaladi,COIMBATORE,Lettuce,minor vegetables,Sandy loam,6.0,6.5,45.0,55.0,783.81,24.34,16.69,900.0,1200.0
2021,Aug,Kuruvai/Sornavari,MADURAI,tobacco,other crops,Well drained sandy loam and clayey loam soils ,7.5,8.5,90.0,100.0,386.25,30.76,29.97,800.0,1000.0
2025,Jul,Kuruvai/Sornavari,KANYAKUMARI,Chekurmanis,minor vegetables,Sandy loam,5.5,7.5,90.0,120.0,603.69,35.62,26.21,900.0,1200.0
2023,Nov,Samba/Thaladi,NAGAPATTINAM,gingely,oil seeds,"Loams, silt loams, clay loams, or silty clay loams",5.5,8.0,85.0,90.0,149.66,31.19,25.69,350.0,400.0
2023,Nov,Samba/Thaladi,THOOTHUKUDI,swordbean,pulses, well-drained sandy loams or sandy soils ,5.0,6.0,110.0,120.0,273.93,31.85,12.91,900.0,1500.0
2024,Mar,Navarai/Kodai,SALEM,panivaragu,millets,sandy loam to clays of black cotton soils,5.5,7.0,70.0,75.0,183.29,40.37,13.02,330.0,350.0
2022,Apr,Navarai/Kodai,SALEM,samai,millets,Loamy Soil,8.5,9.0,80.0,100.0,291.14,38.75,24.58,480.0,750.0
2025,Jul,Kuruvai/Sornavari,THIRUCHIRAPALLI,cotton,fibre crop," black soils, (ii) red soils and (iii) alluvial soils.",7.0,8.0,135.0,140.0,811.08,28.13,25.69,700.0,1300.0
2025,Dec,Samba/Thaladi,COIMBATORE,ribbed gourd,vegetables,Sandy Loam,6.5,7.5,125.0,125.0,492.1,36.23,25.39,900.0,1200.0
2021,Jun,Kuruvai/Sornavari,NAMAKAL,panivaragu,millets,sandy loam to clays of black cotton soils,5.5,7.0,70.0,75.0,97.19,40.35,12.19,330.0,350.0
2024,Jun,Kuruvai/Sornavari,ERODE,broadbean,vegetables,Well drained loamy soil,5.5,6.0,80.0,100.0,282.15,24.84,14.72,900.0,1200.0
2021,Jan,Navarai/Kodai,NAGAPATTINAM,french bean,vegetables,Well drained loamy soil,5.5,6.0,40.0,50.0,242.02,26.16,13.69,900.0,1200.0
2025,Apr,Navarai/Kodai,KANYAKUMARI,sorghum,millets,well-drained loamy soils,6.0,7.5,95.0,105.0,134.02,38.52,17.17,450.0,650.0
2022,May,Navarai/Kodai,PUDUKKOTTAI,Brussels sprout,minor vegetables,Sandy loam,6.5,6.8,12.0,12.0,262.09,25.87,16.42,900.0,1200.0
2023,Apr,Navarai/Kodai,THOOTHUKUDI,maize,millets,temperate podzols to the leached red soils of the tropics. ,5.5,7.0,105.0,110.0,134.06,25.19,17.88,500.0,800.0
2021,Sep,Kuruvai/Sornavari,ERODE,Celery,minor vegetables,Sandy loam,5.8,6.8,120.0,150.0,323.25,23.28,13.87,900.0,1200.0
2023,May,Navarai/Kodai,THENI,paprika,vegetables,Sandy loam,5.8,6.5,160.0,180.0,418.63,27.63,22.92,700.0,1000.0
2024,May,Navarai/Kodai,RAMANATHANPURAM,celery,greenleafy,Silt Loam to loamy,6.0,8.5,120.0,150.0,567.27,27.71,16.92,1000.0,1000.0
2022,Mar,Navarai/Kodai,COIMBATORE,gherkins,vegetables,Sandy loam,5.8,7.0,90.0,90.0,608.43,34.53,16.88,900.0,1200.0
2024,Dec,Samba/Thaladi,NAMAKAL,panivaragu,millets,sandy loam to clays of black cotton soils,5.5,7.0,70.0,75.0,203.62,41.42,11.54,330.0,350.0
2025,Jul,Kuruvai/Sornavari,KARUR,Chinese cabbage,minor vegetables,Sandy loam,5.5,7.0,50.0,80.0,798.34,24.43,15.08,900.0,1200.0
2023,Sep,Kuruvai/Sornavari,THALAVADI HILLS,muskmelon,vegetables,Sandy Loam,6.5,7.5,70.0,100.0,282.52,35.83,28.62,900.0,1200.0
2024,Jan,Navarai/Kodai,CAUVERY,ash gourd,vegetables,Sandy loam,6.0,6.7,120.0,120.0,433.03,32.38,25.51,900.0,1200.0
2025,Mar,Navarai/Kodai,THENI,fodder maize,forage crops,Well drained sandy loam and clayey loam soils ,5.5,8.0,60.0,70.0,220.67,44.01,11.32,500.0,480.0
2023,Mar,Navarai/Kodai,SALEM,wheat,cereals,Well Drained,6.0,7.0,80.0,90.0,131.17,25.43,23.82,450.0,650.0
2024,Jan,Navarai/Kodai,NAMAKAL,gherkins,vegetables,Sandy loam,5.8,7.0,90.0,90.0,745.71,32.51,15.84,900.0,1200.0
2023,Aug,Kuruvai/Sornavari,VILLUPURAM,ribbed gourd,vegetables,Sandy Loam,6.5,7.5,125.0,125.0,556.52,31.33,24.31,900.0,1200.0
2021,May,Navarai/Kodai,VELLORE,gardenlablab,pulses,wide range of soils,6.0,7.0,75.0,100.0,623.2,35.53,18.15,650.0,1000.0
2021,Dec,Samba/Thaladi,COIMBATORE,horsegram,pulses, light to heavy soils ,6.0,7.5,100.0,105.0,344.59,40.38,26.5,800.0,800.0
2025,Feb,Navarai/Kodai,CUDDALORE,curry leaf,greenleafy,Red sandy loam,5.2,5.5,90.0,85.0,267.81,33.3,28.24,1000.0,1000.0
2024,Apr,Navarai/Kodai,THALAVADI HILLS,dioscorea,Root&tuber,well-drained soil,6.0,6.5,270.0,300.0,1001.21,29.1,30.0,1000.0,2000.0
2021,Jun,Kuruvai/Sornavari,CHENGLEPUT,Chekurmanis,minor vegetables,Sandy loam,5.5,7.5,90.0,120.0,328.97,34.49,25.67,900.0,1200.0
2024,Dec,Samba/Thaladi,KOLLI HILLS,brinjal,vegetables,Loamy soil/ Lateritic soil,6.0,7.5,100.0,150.0,306.81,25.36,22.68,900.0,1200.0
2021,Jan,Navarai/Kodai,THIRUCHIRAPALLI,sweet potato,Root&tuber,well-drained soil,5.7,6.7,90.0,120.0,373.15,27.77,20.25,1000.0,1000.0
2025,Jan,Navarai/Kodai,TANJORE,tobacco,other crops,Well drained sandy loam and clayey loam soils ,7.5,8.5,90.0,100.0,306.14,32.76,24.62,800.0,1000.0
2023,May,Navarai/Kodai,CUDDALORE,tapoica,Root&tuber,Red lateritic loam,5.5,7.0,270.0,300.0,373.41,29.25,23.23,1000.0,1000.0
2021,May,Navarai/Kodai,CUDDALORE,ribbed gourd,vegetables,Sandy Loam,6.5,7.5,125.0,125.0,423.09,36.61,27.13,900.0,1200.0
2022,Apr,Navarai/Kodai,THIRUNELVELI,gardenlablab,pulses,wide range of soils,6.0,7.0,75.0,100.0,468.91,31.56,19.63,650.0,1000.0
2023,Mar,Navarai/Kodai,THIRUVALLUR,vegetable cowpea,vegetables,Sandy loam,5.6,6.0,45.0,90.0,448.33,30.85,22.26,900.0,1200.0
2021,Apr,Navarai/Kodai,VELLORE,capsicum,vegetables,Loamy soil/ Lateritic soil,5.5,7.0,60.0,60.0,787.43,30.1,15.94,500.0,1200.0
2023,Jan,Navarai/Kodai,CUDDALORE,lablab,vegetables,Well drained loamy soil,6.5,8.5,70.0,75.0,292.66,33.67,20.55,900.0,1200.0
2022,Jul,Kuruvai/Sornavari,SALEM,wheat,cereals,Well Drained,6.0,7.0,80.0,90.0,162.24,25.67,21.3,450.0,650.0
2025,May,Navarai/Kodai,TIRUVARUR,brinjal,vegetables,Loamy soil/ Lateritic soil,6.0,7.5,100.0,150.0,665.52,29.45,17.04,900.0,1200.0
2023,Apr,Navarai/Kodai,TIRUVARUR,kollukattai pullu,forage crops,Well drained sandy loam and clayey loam soils ,7.0,7.5,45.0,55.0,158.18,31.96,21.89,500.0,480.0
2025,Mar,Navarai/Kodai,THIRUVALLUR,Rhubarb,minor vegetables,Sandy loam,6.0,6.8,56.0,70.0,658.2,25.4,10.0,900.0,1200.0
2025,Jan,Navarai/Kodai,TANJORE,Chekurmanis,minor vegetables,Sandy loam,5.5,7.5,90.0,120.0,504.44,35.21,26.51,900.0,1200.0
2022,Feb,Navarai/Kodai,THIRUPPUR,Palak,minor vegetables,Sandy loam,6.5,7.0,37.0,45.0,465.68,30.27,14.74,900.0,1200.0
2024,Mar,Navarai/Kodai,KANCHEEPURAM,greengram,pulses,well-drained sandy loams or sandy soils ,6.5,7.5,100.0,100.0,646.83,35.26,24.6,850.0,1000.0
2023,Mar,Navarai/Kodai,THIRUVANNAMALAI,radish,Root&tuber,Well grained deep loamy moist and alluviual soil,5.5,6.8,21.0,21.0,291.57,21.45,12.05,1000.0,1000.0
2025,Aug,Kuruvai/Sornavari,THIRUVANNAMALAI,bottle gourd,vegetables,Sandy loam,6.0,6.7,120.0,120.0,760.24,27.74,22.75,900.0,1200.0
2021,Sep,Kuruvai/Sornavari,KRISHNAGIRI,cowpea,pulses, well-drained sandy loams or sandy soils ,5.0,6.5,60.0,90.0,260.48,29.93,24.79,400.0,700.0
2025,Dec,Samba/Thaladi,KRISHNAGIRI,kollukattai pullu,forage crops,Well drained sandy loam and clayey loam soils ,7.0,7.5,45.0,55.0,289.68,29.51,18.72,500.0,480.0
2021,Mar,Navarai/Kodai,COIMBATORE,broadbean,vegetables,Well drained loamy soil,5.5,6.0,80.0,100.0,341.63,23.52,13.99,900.0,1200.0
2025,Jul,Kuruvai/Sornavari,KRISHNAGIRI,french bean,vegetables,Well drained loamy soil,5.5,6.0,40.0,50.0,275.3,27.11,12.57,900.0,1200.0
2022,Mar,Navarai/Kodai,THIRUVALLUR,colocasia,Root&tuber,Well grained deep loamy moist and alluviual soil,5.5,7.0,150.0,180.0,375.17,33.66,23.75,1000.0,1000.0
2021,Sep,Kuruvai/Sornavari,DHARMAPURI,Basella,minor vegetables,Sandy loam,5.5,8.0,70.0,70.0,357.45,27.82,17.97,900.0,1200.0
2023,May,Navarai/Kodai,KRISHNAGIRI,cauliflower,colecrops,LoamySandy,6.5,6.8,55.0,100.0,255.78,25.36,10.0,380.0,500.0
2023,Aug,Kuruvai/Sornavari,KRISHNAGIRI,watermelon,vegetables,Sandy,6.0,7.5,70.0,85.0,736.61,27.39,24.72,900.0,1200.0
2022,Nov,Samba/Thaladi,SIVAGANGAI,tapoica,Root&tuber,Red lateritic loam,5.5,7.0,270.0,300.0,429.1,30.05,25.81,1000.0,1000.0
2024,Nov,Samba/Thaladi,VILLUPURAM,broadbean,vegetables,Well drained loamy soil,5.5,6.0,80.0,100.0,755.55,23.48,13.92,900.0,1200.0
2022,May,Navarai/Kodai,RAMANATHANPURAM,guinea grass,forage crops,Well drained sandy loam and clayey loam soils ,5.0,7.0,45.0,55.0,263.48,38.13,19.1,1000.0,480.0
2021,May,Navarai/Kodai,DINDIGUL,samai,millets,Loamy Soil,8.5,9.0,80.0,100.0,395.32,38.1,26.67,480.0,750.0
2023,Sep,Kuruvai/Sornavari,THIRUVANNAMALAI,panivaragu,millets,sandy loam to clays of black cotton soils,5.5,7.0,70.0,75.0,197.92,40.55,13.25,330.0,350.0
2021,Jan,Navarai/Kodai,THIRUPPUR,Ceylon spinach,minor vegetables,Sandy loam,6.5,7.0,40.0,50.0,540.07,24.54,11.69,900.0,1200.0
2021,Jul,Kuruvai/Sornavari,JAWAD HILLS,Lettuce,minor vegetables,Sandy loam,6.0,6.5,45.0,55.0,413.91,24.24,20.96,900.0,1200.0
2022,Aug,Kuruvai/Sornavari,THIRUPPUR,kollukattai pullu,forage crops,Well drained sandy loam and clayey loam soils ,7.0,7.5,45.0,55.0,244.21,25.71,20.16,500.0,480.0
2024,Sep,Kuruvai/Sornavari,DHARMAPURI,wheat,cereals,Well Drained,6.0,7.0,80.0,90.0,348.34,25.63,25.14,450.0,650.0
2023,Sep,Kuruvai/Sornavari,VILLUPURAM,tomato,vegetables,Sandy loam,6.5,7.5,90.0,140.0,386.73,26.18,22.8,600.0,800.0
2024,Feb,Navarai/Kodai,KANCHEEPURAM,Mint,minor vegetables,Loamy soil,6.5,7.0,100.0,120.0,282.32,25.21,22.94,1000.0,1100.0
2022,Aug,Kuruvai/Sornavari,THENI,french bean,vegetables,Well drained loamy soil,5.5,6.0,40.0,50.0,439.77,27.87,10.16,900.0,1200.0
2023,May,Navarai/Kodai,KARUR,fodder maize,forage crops,Well drained sandy loam and clayey loam soils ,5.5,8.0,60.0,70.0,318.19,41.59,11.14,500.0,480.0
2024,Feb,Navarai/Kodai,KARUR,annual moringa,vegetables,Sandy loam,6.5,8.0,210.0,240.0,536.67,31.77,24.38,900.0,1200.0
2022,Feb,Navarai/Kodai,VELLORE,cucumber,vegetables,Loamy,6.5,7.5,120.0,120.0,971.15,30.15,28.17,1200.0,1500.0
2023,May,Navarai/Kodai,NAGAPATTINAM,fodder cholam,forage crops,Well drained sandy loam and clayey loam soils ,5.5,7.5,1095.0,1095.0,147.03,33.59,24.87,300.0,350.0
2022,Aug,Kuruvai/Sornavari,JAWAD HILLS,niger,oil seeds,"Loams, silt loams, clay loams, or silty clay loams",5.2,7.3,80.0,80.0,329.6,25.0,14.05,1000.0,1300.0
2023,Jun,Kuruvai/Sornavari,KARUR,dioscorea,Root&tuber,well-drained soil,6.0,6.5,270.0,300.0,347.35,32.83,30.0,1000.0,2000.0
2023,May,Navarai/Kodai,CAUVERY,sugarcane,sugar crops,Clayey Loamy Soil/ Black Cotton Soil/ Red Loamy Soil/ Brown Loamy Soil,6.5,8.0,300.0,330.0,380.06,26.22,19.17,1500.0,2500.0
2025,Nov,Samba/Thaladi,KANCHEEPURAM,ribbed gourd,vegetables,Sandy Loam,6.5,7.5,125.0,125.0,792.15,33.03,26.28,900.0,1200.0
2022,Dec,Samba/Thaladi,VILLUPURAM,greengram,pulses,well-drained sandy loams or sandy soils ,6.5,7.5,100.0,100.0,645.27,34.89,25.77,850.0,1000.0
2023,Jun,Kuruvai/Sornavari,THIRUVALLUR,bellary onion,minor vegetables,Sandy loam,5.8,6.5,150.0,150.0,335.22,25.6,14.15,900.0,1200.0
2025,Aug,Kuruvai/Sornavari,PUDUKKOTTAI,chowchow,vegetables,Loamy soil/ Lateritic soil,5.5,6.5,150.0,150.0,577.58,24.06,22.92,1200.0,1500.0
2023,Mar,Navarai/Kodai,VILLUPURAM,Mint,minor vegetables,Loamy soil,6.5,7.0,100.0,120.0,590.48,25.03,21.03,1000.0,1100.0
2023,Apr,Navarai/Kodai,KRISHNAGIRI,castor,oil seeds,"Loams, silt loams, clay loams, or silty clay loams",5.0,8.5,120.0,160.0,174.1,25.7,24.47,500.0,500.0
2021,Jul,Kuruvai/Sornavari,VELLORE,curry leaf,greenleafy,Red sandy loam,5.2,5.5,90.0,85.0,388.04,33.95,24.87,1000.0,1000.0
2025,Apr,Navarai/Kodai,VELLORE,jute,fibre crop,Sandy and Clay Loam,6.0,7.5,120.0,140.0,398.09,38.28,28.69,1000.0,1300.0
2025,Oct,Samba/Thaladi,VIRUDHUNAGAR,Lettuce,minor vegetables,Sandy loam,6.0,6.5,45.0,55.0,445.27,24.57,16.93,900.0,1200.0
2022,Feb,Navarai/Kodai,MADURAI,beetroot,Root&tuber,all types of friable soil,6.0,7.0,45.0,65.0,650.53,23.64,16.76,1000.0,1000.0
2024,May,Navarai/Kodai,THIRUPPUR,curry leaf,greenleafy,Red sandy loam,5.2,5.5,90.0,85.0,509.56,32.02,29.47,1000.0,1000.0
2021,Mar,Navarai/Kodai,KANYAKUMARI,sorghum,millets,well-drained loamy soils,6.0,7.5,95.0,105.0,400.16,39.88,19.98,450.0,650.0
2025,Apr,Navarai/Kodai,VELLORE,sugarcane,sugar crops,Clayey Loamy Soil/ Black Cotton Soil/ Red Loamy Soil/ Brown Loamy Soil,6.5,8.0,300.0,330.0,767.03,27.2,24.78,1500.0,2500.0
2022,Apr,Navarai/Kodai,HILLY REGIONS OF SHEVROY,velimasal,forage crops,Well drained sandy loam and clayey loam soils ,5.8,7.0,45.0,55.0,224.19,33.52,23.36,300.0,350.0
2022,Sep,Kuruvai/Sornavari,PUDUKKOTTAI,fodder cholam,forage crops,Well drained sandy loam and clayey loam soils ,5.5,7.5,1095.0,1095.0,81.22,30.46,29.93,300.0,350.0
2024,Jul,Kuruvai/Sornavari,SALEM,blackgram,pulses,sandy soils to heavy cotton soils,6.5,7.8,70.0,75.0,666.39,40.33,22.44,600.0,1000.0
2024,Jul,Kuruvai/Sornavari,THENI,fodder cowpea,forage crops,Well drained sandy loam and clayey loam soils ,5.0,6.5,50.0,65.0,221.83,26.86,24.3,300.0,350.0
2025,Apr,Navarai/Kodai,VILLUPURAM,Knol-khol,minor vegetables,Sandy loam,5.5,7.0,50.0,65.0,234.13,28.02,15.07,900.0,1200.0
2022,May,Navarai/Kodai,NAMAKAL,thinai,millets,"alluvial,loamy ",5.5,7.0,85.0,90.0,210.78,29.49,21.9,500.0,900.0
2023,Jul,Kuruvai/Sornavari,VELLORE,curry leaf,greenleafy,Red sandy loam,5.2,5.5,90.0,85.0,443.47,36.79,27.09,1000.0,1000.0
2024,Sep,Kuruvai/Sornavari,DHARMAPURI,samai,millets,Loamy Soil,8.5,9.0,80.0,100.0,290.92,35.91,29.32,480.0,750.0
2024,Aug,Kuruvai/Sornavari,RAMANATHANPURAM,maize,millets,temperate podzols to the leached red soils of the tropics. ,5.5,7.0,105.0,110.0,270.36,27.19,19.74,500.0,800.0
2024,Aug,Kuruvai/Sornavari,THIRUPPUR,Butter bean,minor vegetables,Sandy loam,6.0,7.0,80.0,100.0,560.95,26.38,20.82,900.0,1200.0
2025,May,Navarai/Kodai,VILLUPURAM,maize,millets,temperate podzols to the leached red soils of the tropics. ,5.5,7.0,105.0,110.0,426.11,26.59,16.73,500.0,800.0
2024,May,Navarai/Kodai,CUDDALORE,fodder cumbu,forage crops,Well drained sandy loam and clayey loam soils ,4.0,7.5,45.0,120.0,192.72,30.65,28.11,500.0,480.0
2024,Jan,Navarai/Kodai,THIRUCHIRAPALLI,Mint,minor vegetables,Loamy soil,6.5,7.0,100.0,120.0,441.01,25.18,23.89,1000.0,1100.0
2024,Sep,Kuruvai/Sornavari,KARUR,tinda,vegetables,Sandy loam,6.5,7.5,70.0,70.0,312.63,27.6,25.08,900.0,1200.0
2023,Feb,Navarai/Kodai,CUDDALORE,Ceylon spinach,minor vegetables,Sandy loam,6.5,7.0,40.0,50.0,374.96,24.23,12.88,900.0,1200.0
2022,Sep,Kuruvai/Sornavari,THIRUPPUR,soundal,forage crops,Well drained sandy loam and clayey loam soils ,5.5,7.5,40.0,80.0,172.17,33.48,20.4,500.0,480.0
2021,May,Navarai/Kodai,HILLY REGIONS OF SHEVROY,Winged Bean,minor vegetables,Sandy loam,7.0,12.0,42.0,42.0,657.11,25.05,25.41,900.0,1200.0
2023,Jun,Kuruvai/Sornavari,THOOTHUKUDI,fodder cumbu,forage crops,Well drained sandy loam and clayey loam soils ,4.0,7.5,45.0,120.0,125.25,34.7,25.76,500.0,480.0
2024,May,Navarai/Kodai,DINDIGUL,kollukattai pullu,forage crops,Well drained sandy loam and clayey loam soils ,7.0,7.5,45.0,55.0,281.5,27.35,23.71,500.0,480.0
2023,Jan,Navarai/Kodai,THIRUNELVELI,paprika,vegetables,Sandy loam,5.8,6.5,160.0,180.0,546.74,32.69,22.83,700.0,1000.0
2022,Jan,Navarai/Kodai,HILLY REGIONS OF SHEVROY,cumbu napier hybrid,forage crops,Well drained sandy loam and clayey loam soils ,5.0,8.6,45.0,55.0,530.95,26.51,23.12,800.0,1000.0
2021,Jan,Navarai/Kodai,THIRUPPUR,fieldlablab,pulses,Well drained loamy soil,6.2,7.0,105.0,105.0,210.06,28.05,20.67,650.0,1000.0
2021,Jul,Kuruvai/Sornavari,THALAVADI HILLS,niger,oil seeds,"Loams, silt loams, clay loams, or silty clay loams",5.2,7.3,80.0,80.0,625.97,25.0,15.64,1000.0,1300.0
2025,Apr,Navarai/Kodai,CAUVERY,sugarbeet,sugar crops,Well drained sandy loam and clayey loam soils ,6.0,8.0,150.0,180.0,252.43,25.91,14.2,600.0,800.0
2025,Oct,Samba/Thaladi,DINDIGUL,cluster bean,vegetables,Sandy Loam,7.0,8.5,60.0,90.0,677.3,26.16,24.59,900.0,1200.0
2021,Mar,Navarai/Kodai,THIRUVANNAMALAI,gherkins,vegetables,Sandy loam,5.8,7.0,90.0,90.0,567.02,33.68,15.04,900.0,1200.0
2025,Oct,Samba/Thaladi,VILLUPURAM,tomato,vegetables,Sandy loam,6.5,7.5,90.0,140.0,326.69,29.76,16.6,600.0,800.0
2021,Jan,Navarai/Kodai,TANJORE,celery,greenleafy,Silt Loam to loamy,6.0,8.5,120.0,150.0,265.82,27.59,11.49,1000.0,1000.0
2021,Mar,Navarai/Kodai,THIRUVALLUR,muskmelon,vegetables,Sandy Loam,6.5,7.5,70.0,100.0,739.18,34.14,25.51,900.0,1200.0
2022,Oct,Samba/Thaladi,KARUR,greengram,pulses,well-drained sandy loams or sandy soils ,6.5,7.5,100.0,100.0,482.08,31.82,26.06,850.0,1000.0
2022,Feb,Navarai/Kodai,ERODE,kudirai masi,forage crops,Well drained sandy loam and clayey loam soils ,6.5,7.5,45.0,55.0,85.07,34.58,23.18,300.0,350.0
2025,May,Navarai/Kodai,CUDDALORE,fodder cowpea,forage crops,Well drained sandy loam and clayey loam soils ,5.0,6.5,50.0,65.0,197.27,26.84,19.78,300.0,350.0
2022,Nov,Samba/Thaladi,VELLORE,chowchow,vegetables,Loamy soil/ Lateritic soil,5.5,6.5,150.0,150.0,660.54,24.95,19.81,1200.0,1500.0
2022,Jun,Kuruvai/Sornavari,PUDUKKOTTAI,Rhubarb,minor vegetables,Sandy loam,6.0,6.8,56.0,70.0,536.89,25.64,10.0,900.0,1200.0
2022,Jul,Kuruvai/Sornavari,TANJORE,Butter bean,minor vegetables,Sandy loam,6.0,7.0,80.0,100.0,743.23,27.62,21.65,900.0,1200.0
2021,Jul,Kuruvai/Sornavari,CAUVERY,swordbean,pulses, well-drained sandy loams or sandy soils ,5.0,6.0,110.0,120.0,714.81,37.76,13.0,900.0,1500.0
2023,Jun,Kuruvai/Sornavari,KARUR,thinai,millets,"alluvial,loamy ",5.5,7.0,85.0,90.0,430.6,25.75,20.7,500.0,900.0
2025,Sep,Kuruvai/Sornavari,THIRUPPUR,muskmelon,vegetables,Sandy Loam,6.5,7.5,70.0,100.0,551.5,30.42,27.81,900.0,1200.0
2021,Apr,Navarai/Kodai,VIRUDHUNAGAR,Basella,minor vegetables,Sandy loam,5.5,8.0,70.0,70.0,661.61,33.64,17.02,900.0,1200.0
2023,Jan,Navarai/Kodai,VIRUDHUNAGAR,sugarcane,sugar crops,Clayey Loamy Soil/ Black Cotton Soil/ Red Loamy Soil/ Brown Loamy Soil,6.5,8.0,300.0,330.0,395.83,26.24,23.86,1500.0,2500.0
2025,Feb,Navarai/Kodai,DHARMAPURI,safflower,oil seeds,"Loams, silt loams, clay loams, or silty clay loams",5.4,8.2,120.0,125.0,386.05,35.61,23.16,550.0,725.0
2023,Jun,Kuruvai/Sornavari,HILLY REGIONS OF SHEVROY,capsicum,vegetables,Loamy soil/ Lateritic soil,5.5,7.0,60.0,60.0,586.25,26.96,19.52,500.0,1200.0
2021,Feb,Navarai/Kodai,DHARMAPURI,elephant foot yam,Root&tuber,Rich red loamy soil,5.5,7.0,240.0,240.0,686.95,35.77,23.55,1000.0,1500.0
2021,May,Navarai/Kodai,KOLLI HILLS,fodder maize,forage crops,Well drained sandy loam and clayey loam soils ,5.5,8.0,60.0,70.0,238.46,42.19,10.84,500.0,480.0
2024,Dec,Samba/Thaladi,VILLUPURAM,greengram,pulses,well-drained sandy loams or sandy soils ,6.5,7.5,100.0,100.0,587.09,35.42,25.47,850.0,1000.0
2021,Sep,Kuruvai/Sornavari,VIRUDHUNAGAR,safflower,oil seeds,"Loams, silt loams, clay loams, or silty clay loams",5.4,8.2,120.0,125.0,456.96,30.68,21.17,550.0,725.0
2021,Apr,Navarai/Kodai,SALEM,Rhubarb,minor vegetables,Sandy loam,6.0,6.8,56.0,70.0,566.82,25.03,10.0,900.0,1200.0
2021,Dec,Samba/Thaladi,VELLORE,Basella,minor vegetables,Sandy loam,5.5,8.0,70.0,70.0,775.29,33.63,17.79,900.0,1200.0
2023,May,Navarai/Kodai,THIRUNELVELI,broadbean,vegetables,Well drained loamy soil,5.5,6.0,80.0,100.0,392.88,24.28,12.41,900.0,1200.0
2025,May,Navarai/Kodai,CUDDALORE,ribbed gourd,vegetables,Sandy Loam,6.5,7.5,125.0,125.0,627.33,32.26,26.61,900.0,1200.0
2024,Apr,Navarai/Kodai,HILLY REGIONS OF SHEVROY,cowpea,pulses, well-drained sandy loams or sandy soils ,5.0,6.5,60.0,90.0,346.57,30.88,19.32,400.0,700.0
2022,Dec,Samba/Thaladi,THIRUVANNAMALAI,gingely,oil seeds,"Loams, silt loams, clay loams, or silty clay loams",5.5,8.0,85.0,90.0,243.32,30.52,23.81,350.0,400.0
2021,Mar,Navarai/Kodai,THENI,gingely,oil seeds,"Loams, silt loams, clay loams, or silty clay loams",5.5,8.0,85.0,90.0,99.82,36.04,26.36,350.0,400.0
2025,Jan,Navarai/Kodai,COIMBATORE,cumbu napier hybrid,forage crops,Well drained sandy loam and clayey loam soils ,5.0,8.6,45.0,55.0,313.02,25.56,23.12,800.0,1000.0
2022,Jul,Kuruvai/Sornavari,TANJORE,cotton,fibre crop," black soils, (ii) red soils and (iii) alluvial soils.",7.0,8.0,135.0,140.0,223.7,26.24,25.69,700.0,1300.0
2025,Oct,Samba/Thaladi,PUDUKKOTTAI,Mint,minor vegetables,Loamy soil,6.5,7.0,100.0,120.0,702.1,25.22,19.57,1000.0,1100.0
2024,Apr,Navarai/Kodai,THOOTHUKUDI,panivaragu,millets,sandy loam to clays of black cotton soils,5.5,7.0,70.0,75.0,164.31,43.8,12.5,330.0,350.0
2024,Jul,Kuruvai/Sornavari,THIRUNELVELI,gardenlablab,pulses,wide range of soils,6.0,7.0,75.0,100.0,248.15,34.34,21.2,650.0,1000.0
2023,Feb,Navarai/Kodai,THIRUPPUR,gherkins,vegetables,Sandy loam,5.8,7.0,90.0,90.0,300.49,36.21,18.02,900.0,1200.0
2024,Apr,Navarai/Kodai,MADURAI,soyabean,pulses,"Well-drained, Loamy Soil",6.0,7.0,90.0,100.0,308.52,28.13,16.3,450.0,700.0
2022,Aug,Kuruvai/Sornavari,ERODE,carrot,Root&tuber,light or sandy loam soil,6.0,7.0,75.0,75.0,332.33,22.28,14.64,1000.0,1000.0
2023,Jul,Kuruvai/Sornavari,THOOTHUKUDI,cumbu napier hybrid,forage crops,Well drained sandy loam and clayey loam soils ,5.0,8.6,45.0,55.0,214.55,25.2,22.95,800.0,1000.0
2024,Jan,Navarai/Kodai,VELLORE,samai,millets,Loamy Soil,8.5,9.0,80.0,100.0,126.72,40.96,24.0,480.0,750.0
2023,Jul,Kuruvai/Sornavari,VELLORE,fodder cholam,forage crops,Well drained sandy loam and clayey loam soils ,5.5,7.5,1095.0,1095.0,101.67,33.47,26.81,300.0,350.0
2023,Jun,Kuruvai/Sornavari,THIRUVANNAMALAI,blackgram,pulses,sandy soils to heavy cotton soils,6.5,7.8,70.0,75.0,550.6,40.64,19.0,600.0,1000.0
2025,Feb,Navarai/Kodai,CAUVERY,celery,greenleafy,Silt Loam to loamy,6.0,8.5,120.0,150.0,566.69,25.45,10.56,1000.0,1000.0
2023,Oct,Samba/Thaladi,NAGAPATTINAM,fodder cholam,forage crops,Well drained sandy loam and clayey loam soils ,5.5,7.5,1095.0,1095.0,210.48,35.12,24.08,300.0,350.0
2021,Nov,Samba/Thaladi,VILLUPURAM,onion,vegetables, Any Loamy,5.8,6.5,100.0,120.0,123.73,26.45,21.57,350.0,550.0
2024,Jun,Kuruvai/Sornavari,TANJORE,chinese potato,Root&tuber,well-drained soil,4.8,5.8,120.0,150.0,387.99,22.08,15.86,1000.0,1000.0
2023,Jan,Navarai/Kodai,CAUVERY,sugarbeet,sugar crops,Well drained sandy loam and clayey loam soils ,6.0,8.0,150.0,180.0,326.67,26.89,14.98,600.0,800.0
2025,Jan,Navarai/Kodai,THENI,tapoica,Root&tuber,Red lateritic loam,5.5,7.0,270.0,300.0,541.0,29.6,29.85,1000.0,1000.0
2023,Nov,Samba/Thaladi,DHARMAPURI,muyal masal,forage crops,Well drained sandy loam and clayey loam soils ,5.5,7.5,75.0,65.0,232.07,33.62,29.47,500.0,480.0
2024,Jan,Navarai/Kodai,SIVAGANGAI,capsicum,vegetables,Loamy soil/ Lateritic soil,5.5,7.0,60.0,60.0,217.22,31.78,18.59,500.0,1200.0
2021,Apr,Navarai/Kodai,ERODE,watermelon,vegetables,Sandy,6.0,7.5,70.0,85.0,247.89,28.18,25.43,900.0,1200.0
2021,Jun,Kuruvai/Sornavari,KANCHEEPURAM,gardenlablab,pulses,wide range of soils,6.0,7.0,75.0,100.0,417.42,32.29,18.48,650.0,1000.0
2021,Mar,Navarai/Kodai,CUDDALORE,varagu,millets,clay-based soil,5.5,6.5,120.0,120.0,533.57,27.09,23.8,500.0,900.0
2021,May,Navarai/Kodai,JAWAD HILLS,tinda,vegetables,Sandy loam,6.5,7.5,70.0,70.0,297.81,27.44,23.92,900.0,1200.0
2022,Aug,Kuruvai/Sornavari,KRISHNAGIRI,muskmelon,vegetables,Sandy Loam,6.5,7.5,70.0,100.0,468.99,32.53,29.03,900.0,1200.0
2025,Jan,Navarai/Kodai,THALAVADI HILLS,bellary onion,minor vegetables,Sandy loam,5.8,6.5,150.0,150.0,790.16,25.95,13.62,900.0,1200.0
2025,Jan,Navarai/Kodai,KARUR,carrot,Root&tuber,light or sandy loam soil,6.0,7.0,75.0,75.0,539.83,24.1,17.63,1000.0,1000.0
2023,Jan,Navarai/Kodai,THIRUVALLUR,brinjal,vegetables,Loamy soil/ Lateritic soil,6.0,7.5,100.0,150.0,283.61,27.0,18.99,900.0,1200.0
2021,Oct,Samba/Thaladi,CUDDALORE,soundal,forage crops,Well drained sandy loam and clayey loam soils ,5.5,7.5,40.0,80.0,223.43,35.79,18.75,500.0,480.0
2023,May,Navarai/Kodai,KARUR,horsegram,pulses, light to heavy soils ,6.0,7.5,100.0,105.0,202.09,37.55,26.96,800.0,800.0
2024,May,Navarai/Kodai,THIRUVALLUR,fodder cholam,forage crops,Well drained sandy loam and clayey loam soils ,5.5,7.5,1095.0,1095.0,159.96,30.17,28.67,300.0,350.0
2021,Nov,Samba/Thaladi,CUDDALORE,soundal,forage crops,Well drained sandy loam and clayey loam soils ,5.5,7.5,40.0,80.0,288.55,35.5,24.17,500.0,480.0
2021,Apr,Navarai/Kodai,SIVAGANGAI,chinese potato,Root&tuber,well-drained soil,4.8,5.8,120.0,150.0,609.08,22.43,14.24,1000.0,1000.0
2025,Oct,Samba/Thaladi,KRISHNAGIRI,sorghum,millets,well-drained loamy soils,6.0,7.5,95.0,105.0,243.64,36.9,17.51,450.0,650.0
2025,Jun,Kuruvai/Sornavari,COIMBATORE,redgram,pulses,deep loam soils,6.5,7.0,120.0,150.0,399.98,29.3,19.67,600.0,1400.0
2025,Feb,Navarai/Kodai,THE NILGRIS,Asparagus,minor vegetables,Sandy loam,6.0,6.7,730.0,730.0,618.38,30.66,19.3,900.0,1200.0
2022,Oct,Samba/Thaladi,KOLLI HILLS,chinese potato,Root&tuber,well-drained soil,4.8,5.8,120.0,150.0,545.4,23.97,16.56,1000.0,1000.0
2024,Jan,Navarai/Kodai,KANCHEEPURAM,tapoica,Root&tuber,Red lateritic loam,5.5,7.0,270.0,300.0,362.43,25.37,26.33,1000.0,1000.0
2024,Mar,Navarai/Kodai,KARUR,brinjal,vegetables,Loamy soil/ Lateritic soil,6.0,7.5,100.0,150.0,290.41,25.63,19.94,900.0,1200.0
2023,Nov,Samba/Thaladi,CHENGLEPUT,Bread fruit,minor vegetables,Sandy loam,6.1,7.4,100.0,100.0,1657.2,33.24,17.86,2030.0,2540.0
2022,Aug,Kuruvai/Sornavari,SALEM,vegetable cowpea,vegetables,Sandy loam,5.6,6.0,45.0,90.0,446.97,29.07,24.36,900.0,1200.0
2022,Jul,Kuruvai/Sornavari,TIRUVARUR,pumpkin,vegetables,Loamy soil/ Lateritic soil,6.0,7.0,115.0,120.0,480.34,27.4,18.45,900.0,1200.0
2023,Nov,Samba/Thaladi,VILLUPURAM,Ceylon spinach,minor vegetables,Sandy loam,6.5,7.0,40.0,50.0,235.91,24.57,14.45,900.0,1200.0
2025,Jun,Kuruvai/Sornavari,VELLORE,french bean,vegetables,Well drained loamy soil,5.5,6.0,40.0,50.0,450.54,28.16,11.15,900.0,1200.0
2021,May,Navarai/Kodai,VILLUPURAM,Butter bean,minor vegetables,Sandy loam,6.0,7.0,80.0,100.0,538.74,26.26,21.31,900.0,1200.0
2025,Feb,Navarai/Kodai,MADURAI,snake gourd,vegetables,Loamy soil/ Lateritic soil,6.0,6.7,90.0,90.0,290.22,28.71,16.63,900.0,1200.0
2023,Mar,Navarai/Kodai,COIMBATORE,sweet sorghum,sugar crops,Well drained sandy loam and clayey loam soils ,6.0,8.5,115.0,125.0,238.29,31.38,27.69,500.0,600.0
2025,Jun,Kuruvai/Sornavari,THIRUVALLUR,varagu,millets,clay-based soil,5.5,6.5,120.0,120.0,141.47,25.96,28.56,500.0,900.0
2023,Feb,Navarai/Kodai,NAGAPATTINAM,onion,vegetables, Any Loamy,5.8,6.5,100.0,120.0,323.57,25.72,18.32,350.0,550.0
2025,Oct,Samba/Thaladi,KRISHNAGIRI,broadbean,vegetables,Well drained loamy soil,5.5,6.0,80.0,100.0,748.75,24.9,13.59,900.0,1200.0
2022,Sep,Kuruvai/Sornavari,TIRUVARUR,varagu,millets,clay-based soil,5.5,6.5,120.0,120.0,409.1,25.68,26.55,500.0,900.0
2025,Feb,Navarai/Kodai,ARIYALUR,small onion,bulbvegetables,Sandy loam,6.0,7.0,70.0,90.0,277.55,26.95,14.97,650.0,750.0
2021,Apr,Navarai/Kodai,COIMBATORE,Pearl millet,millets,"clay, clay loam, or sandy loam soils",5.5,7.5,75.0,85.0,187.4,44.72,10.99,350.0,500.0
2023,Apr,Navarai/Kodai,ARIYALUR,beetroot,Root&tuber,all types of friable soil,6.0,7.0,45.0,65.0,431.75,24.81,19.26,1000.0,1000.0
2024,Oct,Samba/Thaladi,THIRUVANNAMALAI,panivaragu,millets,sandy loam to clays of black cotton soils,5.5,7.0,70.0,75.0,112.24,43.27,11.9,330.0,350.0
2021,Mar,Navarai/Kodai,KRISHNAGIRI,niger,oil seeds,"Loams, silt loams, clay loams, or silty clay loams",5.2,7.3,80.0,80.0,682.63,25.0,11.43,1000.0,1300.0
2022,Oct,Samba/Thaladi,KANCHEEPURAM,Pearl millet,millets,"clay, clay loam, or sandy loam soils",5.5,7.5,75.0,85.0,160.54,41.78,15.03,350.0,500.0
2024,Jun,Kuruvai/Sornavari,VELLORE,Chekurmanis,minor vegetables,Sandy loam,5.5,7.5,90.0,120.0,463.19,34.64,26.29,900.0,1200.0
2021,Oct,Samba/Thaladi,TIRUVARUR,jute,fibre crop,Sandy and Clay Loam,6.0,7.5,120.0,140.0,467.21,39.58,22.33,1000.0,1300.0
2024,Oct,Samba/Thaladi,THIRUVANNAMALAI,jute,fibre crop,Sandy and Clay Loam,6.0,7.5,120.0,140.0,624.3,39.22,25.22,1000.0,1300.0
2024,Jan,Navarai/Kodai,RAMANATHANPURAM,muyal masal,forage crops,Well drained sandy loam and clayey loam soils ,5.5,7.5,75.0,65.0,286.59,35.91,26.03,500.0,480.0
2022,Apr,Navarai/Kodai,KANCHEEPURAM,annual moringa,vegetables,Sandy loam,6.5,8.0,210.0,240.0,377.32,36.13,24.23,900.0,1200.0
2024,May,Navarai/Kodai,ERODE,ragi,millets,"red, black, sandy, loamy and shallow black soils.",5.0,8.2,100.0,120.0,266.2,27.9,14.49,700.0,1200.0
2025,Oct,Samba/Thaladi,CHENGLEPUT,beetroot,Root&tuber,all types of friable soil,6.0,7.0,45.0,65.0,281.77,23.85,21.18,1000.0,1000.0
2024,Jun,Kuruvai/Sornavari,THALAVADI HILLS,castor,oil seeds,"Loams, silt loams, clay loams, or silty clay loams",5.0,8.5,120.0,160.0,129.41,25.62,24.97,500.0,500.0
2021,Jun,Kuruvai/Sornavari,KANYAKUMARI,tinda,vegetables,Sandy loam,6.5,7.5,70.0,70.0,694.43,25.21,27.71,900.0,1200.0
2025,Sep,Kuruvai/Sornavari,ARIYALUR,Turnip,minor vegetables,Loamy soil,5.5,6.8,42.0,56.0,255.61,21.51,12.53,900.0,1200.0
2023,Feb,Navarai/Kodai,THIRUPPUR,chillies,vegetables,Loamy soil/ Lateritic soil,6.0,6.8,120.0,120.0,283.08,25.22,26.24,500.0,500.0
2022,Dec,Samba/Thaladi,NAMAKAL,safflower,oil seeds,"Loams, silt loams, clay loams, or silty clay loams",5.4,8.2,120.0,125.0,139.94,36.39,21.24,550.0,725.0
2023,Mar,Navarai/Kodai,TANJORE,tapoica,Root&tuber,Red lateritic loam,5.5,7.0,270.0,300.0,306.46,25.49,27.6,1000.0,1000.0
2021,Jul,Kuruvai/Sornavari,CAUVERY,Ceylon spinach,minor vegetables,Sandy loam,6.5,7.0,40.0,50.0,274.46,24.99,12.38,900.0,1200.0
2022,May,Navarai/Kodai,NAGAPATTINAM,Coccinia,minor vegetables,Sandy loam,6.0,6.5,90.0,90.0,492.94,32.29,22.72,900.0,1200.0
2023,Mar,Navarai/Kodai,KRISHNAGIRI,sugarcane,sugar crops,Clayey Loamy Soil/ Black Cotton Soil/ Red Loamy Soil/ Brown Loamy Soil,6.5,8.0,300.0,330.0,741.68,26.66,20.98,1500.0,2500.0
2022,Jun,Kuruvai/Sornavari,CHENGLEPUT,french bean,vegetables,Well drained loamy soil,5.5,6.0,40.0,50.0,631.69,25.87,13.47,900.0,1200.0
2025,Mar,Navarai/Kodai,THIRUCHIRAPALLI,celery,greenleafy,Silt Loam to loamy,6.0,8.5,120.0,150.0,386.16,31.05,12.18,1000.0,1000.0
2025,Dec,Samba/Thaladi,THOOTHUKUDI,small onion,bulbvegetables,Sandy loam,6.0,7.0,70.0,90.0,392.39,27.0,18.13,650.0,750.0
2021,Aug,Kuruvai/Sornavari,VELLORE,Knol-khol,minor vegetables,Sandy loam,5.5,7.0,50.0,65.0,587.39,32.22,13.14,900.0,1200.0
2021,Apr,Navarai/Kodai,KRISHNAGIRI,panivaragu,millets,sandy loam to clays of black cotton soils,5.5,7.0,70.0,75.0,173.28,43.88,12.03,330.0,350.0
2025,Feb,Navarai/Kodai,VELLORE,Turnip,minor vegetables,Loamy soil,5.5,6.8,42.0,56.0,742.56,23.55,14.95,900.0,1200.0
2022,Dec,Samba/Thaladi,DHARMAPURI,Chakravathi keerai,minor vegetables,Sandy loam,4.5,8.3,100.0,100.0,470.07,25.82,15.41,900.0,1200.0
2023,Dec,Samba/Thaladi,TIRUVARUR,cauliflower,colecrops,LoamySandy,6.5,6.8,55.0,100.0,270.08,29.26,10.0,380.0,500.0
2025,Aug,Kuruvai/Sornavari,THIRUCHIRAPALLI,Chinese cabbage,minor vegetables,Sandy loam,5.5,7.0,50.0,80.0,644.63,24.0,18.63,900.0,1200.0
2024,Jul,Kuruvai/Sornavari,NAGAPATTINAM,soundal,forage crops,Well drained sandy loam and clayey loam soils ,5.5,7.5,40.0,80.0,129.03,30.52,24.4,500.0,480.0
2021,Jun,Kuruvai/Sornavari,THIRUNELVELI,radish,Root&tuber,Well grained deep loamy moist and alluviual soil,5.5,6.8,21.0,21.0,345.58,23.4,12.3,1000.0,1000.0
2022,Mar,Navarai/Kodai,NAGAPATTINAM,Chinese cabbage,minor vegetables,Sandy loam,5.5,7.0,50.0,80.0,233.72,24.19,18.86,900.0,1200.0
2022,Dec,Samba/Thaladi,TIRUVARUR,paprika,vegetables,Sandy loam,5.8,6.5,160.0,180.0,308.33,28.66,25.52,700.0,1000.0
2024,Sep,Kuruvai/Sornavari,JAWAD HILLS,Lettuce,minor vegetables,Sandy loam,6.0,6.5,45.0,55.0,728.69,24.33,16.47,900.0,1200.0
2021,Mar,Navarai/Kodai,THIRUNELVELI,cumbu napier hybrid,forage crops,Well drained sandy loam and clayey loam soils ,5.0,8.6,45.0,55.0,222.55,27.0,24.22,800.0,1000.0
2023,Sep,Kuruvai/Sornavari,DINDIGUL,kudiraivali,millets,Loamy Soil,5.5,7.0,75.0,95.0,485.69,23.65,22.05,500.0,900.0
2023,Oct,Samba/Thaladi,THIRUNELVELI,muyal masal,forage crops,Well drained sandy loam and clayey loam soils ,5.5,7.5,75.0,65.0,152.6,34.49,28.39,500.0,480.0
2023,Feb,Navarai/Kodai,COIMBATORE,tomato,vegetables,Sandy loam,6.5,7.5,90.0,140.0,227.69,31.88,17.92,600.0,800.0
2024,Jul,Kuruvai/Sornavari,PUDUKKOTTAI,Chinese cabbage,minor vegetables,Sandy loam,5.5,7.0,50.0,80.0,464.72,24.47,13.82,900.0,1200.0
2025,Jul,Kuruvai/Sornavari,THIRUPPUR,sweet potato,Root&tuber,well-drained soil,5.7,6.7,90.0,120.0,320.42,27.13,22.11,1000.0,1000.0
2022,May,Navarai/Kodai,COIMBATORE,colocasia,Root&tuber,Well grained deep loamy moist and alluviual soil,5.5,7.0,150.0,180.0,529.5,33.58,22.41,1000.0,1000.0
2025,Jul,Kuruvai/Sornavari,ERODE,kudirai masi,forage crops,Well drained sandy loam and clayey loam soils ,6.5,7.5,45.0,55.0,129.83,32.81,28.92,300.0,350.0
2022,May,Navarai/Kodai,THIRUVANNAMALAI,amaranthus,greenleafy,Silt Loam to loamy,6.5,7.5,70.0,75.0,394.12,31.18,23.89,1000.0,1000.0
2022,Aug,Kuruvai/Sornavari,THIRUVALLUR,watermelon,vegetables,Sandy,6.0,7.5,70.0,85.0,280.09,28.82,22.53,900.0,1200.0
2024,Aug,Kuruvai/Sornavari,KARUR,cluster bean,vegetables,Sandy Loam,7.0,8.5,60.0,90.0,757.5,26.08,19.61,900.0,1200.0
2025,Dec,Samba/Thaladi,SALEM,annual moringa,vegetables,Sandy loam,6.5,8.0,210.0,240.0,611.73,33.08,25.73,900.0,1200.0
2025,Jul,Kuruvai/Sornavari,DHARMAPURI,niger,oil seeds,"Loams, silt loams, clay loams, or silty clay loams",5.2,7.3,80.0,80.0,270.61,25.0,17.71,1000.0,1300.0
2021,Feb,Navarai/Kodai,MADURAI,fodder cowpea,forage crops,Well drained sandy loam and clayey loam soils ,5.0,6.5,50.0,65.0,107.38,30.34,23.06,300.0,350.0
2023,Nov,Samba/Thaladi,HILLY REGIONS OF SHEVROY,cluster bean,vegetables,Sandy Loam,7.0,8.5,60.0,90.0,533.89,25.4,22.69,900.0,1200.0
2023,Sep,Kuruvai/Sornavari,KOLLI HILLS,swordbean,pulses, well-drained sandy loams or sandy soils ,5.0,6.0,110.0,120.0,501.82,37.83,12.58,900.0,1500.0
2022,Oct,Samba/Thaladi,TIRUVARUR,tomato,vegetables,Sandy loam,6.5,7.5,90.0,140.0,428.98,31.4,19.76,600.0,800.0
2025,Oct,Samba/Thaladi,CUDDALORE,chillies,vegetables,Loamy soil/ Lateritic soil,6.0,6.8,120.0,120.0,191.38,27.75,23.54,500.0,500.0
2025,Apr,Navarai/Kodai,CUDDALORE,Chekurmanis,minor vegetables,Sandy loam,5.5,7.5,90.0,120.0,797.29,33.32,27.34,900.0,1200.0
2022,Apr,Navarai/Kodai,KANCHEEPURAM,cauliflower,colecrops,LoamySandy,6.5,6.8,55.0,100.0,196.48,27.43,10.0,380.0,500.0
2022,Feb,Navarai/Kodai,VIRUDHUNAGAR,peas,vegetables,Sandy loam,6.5,7.5,60.0,70.0,424.72,31.24,13.16,900.0,1200.0
2021,Jun,Kuruvai/Sornavari,THIRUVALLUR,Mint,minor vegetables,Loamy soil,6.5,7.0,100.0,120.0,663.11,25.6,24.78,1000.0,1100.0
2021,Feb,Navarai/Kodai,THIRUNELVELI,paprika,vegetables,Sandy loam,5.8,6.5,160.0,180.0,410.77,33.73,24.25,700.0,1000.0
2024,Mar,Navarai/Kodai,THIRUVANNAMALAI,Brussels sprout,minor vegetables,Sandy loam,6.5,6.8,12.0,12.0,664.06,26.52,14.1,900.0,1200.0
2025,Mar,Navarai/Kodai,COIMBATORE,Turnip,minor vegetables,Loamy soil,5.5,6.8,42.0,56.0,760.18,18.75,13.77,900.0,1200.0
2025,Aug,Kuruvai/Sornavari,CHENGLEPUT,jute,fibre crop,Sandy and Clay Loam,6.0,7.5,120.0,140.0,298.03,33.55,28.17,1000.0,1300.0
2021,Apr,Navarai/Kodai,TANJORE,Cabbage,colecrops,LoamySandy,6.0,6.5,80.0,180.0,98.33,25.82,10.36,380.0,500.0
2024,Sep,Kuruvai/Sornavari,THIRUVANNAMALAI,carrot,Root&tuber,light or sandy loam soil,6.0,7.0,75.0,75.0,357.42,23.97,17.69,1000.0,1000.0
2022,Apr,Navarai/Kodai,THENI,muyal masal,forage crops,Well drained sandy loam and clayey loam soils ,5.5,7.5,75.0,65.0,251.98,35.27,29.05,500.0,480.0
2024,Sep,Kuruvai/Sornavari,CHENGLEPUT,soundal,forage crops,Well drained sandy loam and clayey loam soils ,5.5,7.5,40.0,80.0,146.33,30.07,19.92,500.0,480.0
2022,Nov,Samba/Thaladi,KOLLI HILLS,Bread fruit,minor vegetables,Sandy loam,6.1,7.4,100.0,100.0,1315.43,39.03,19.86,2030.0,2540.0
2021,Mar,Navarai/Kodai,RAMANATHANPURAM,curry leaf,greenleafy,Red sandy loam,5.2,5.5,90.0,85.0,361.68,32.36,26.88,1000.0,1000.0
2024,Dec,Samba/Thaladi,SIVAGANGAI,blackgram,pulses,sandy soils to heavy cotton soils,6.5,7.8,70.0,75.0,464.01,38.51,22.74,600.0,1000.0
2024,Nov,Samba/Thaladi,DHARMAPURI,capsicum,vegetables,Loamy soil/ Lateritic soil,5.5,7.0,60.0,60.0,390.25,31.31,13.88,500.0,1200.0
2023,Jun,Kuruvai/Sornavari,KRISHNAGIRI,Brussels sprout,minor vegetables,Sandy loam,6.5,6.8,12.0,12.0,502.2,26.84,16.93,900.0,1200.0
2021,Mar,Navarai/Kodai,ARIYALUR,cauliflower,colecrops,LoamySandy,6.5,6.8,55.0,100.0,123.06,29.72,10.0,380.0,500.0
2022,Jan,Navarai/Kodai,KARUR,wheat,cereals,Well Drained,6.0,7.0,80.0,90.0,207.24,25.36,20.78,450.0,650.0
2021,Nov,Samba/Thaladi,RAMANATHANPURAM,Knol-khol,minor vegetables,Sandy loam,5.5,7.0,50.0,65.0,579.76,32.94,16.4,900.0,1200.0
2025,Mar,Navarai/Kodai,PUDUKKOTTAI,soyabean,pulses,"Well-drained, Loamy Soil",6.0,7.0,90.0,100.0,203.08,31.28,15.07,450.0,700.0
2022,Oct,Samba/Thaladi,COIMBATORE,tobacco,other crops,Well drained sandy loam and clayey loam soils ,7.5,8.5,90.0,100.0,391.03,32.4,27.97,800.0,1000.0
2024,Oct,Samba/Thaladi,TANJORE,redgram,pulses,deep loam soils,6.5,7.0,120.0,150.0,256.03,27.9,21.11,600.0,1400.0
2024,Jun,Kuruvai/Sornavari,HILLY REGIONS OF SHEVROY,swordbean,pulses, well-drained sandy loams or sandy soils ,5.0,6.0,110.0,120.0,225.18,33.93,11.54,900.0,1500.0
2025,Dec,Samba/Thaladi,MADURAI,Ceylon spinach,minor vegetables,Sandy loam,6.5,7.0,40.0,50.0,726.19,24.34,11.42,900.0,1200.0
2023,Dec,Samba/Thaladi,CHENGLEPUT,Asparagus,minor vegetables,Sandy loam,6.0,6.7,730.0,730.0,756.8,26.13,16.51,900.0,1200.0
2025,Apr,Navarai/Kodai,NAGAPATTINAM,bottle gourd,vegetables,Sandy loam,6.0,6.7,120.0,120.0,526.91,28.11,16.39,900.0,1200.0
2025,Jan,Navarai/Kodai,PERAMBALUR,lablab,vegetables,Well drained loamy soil,6.5,8.5,70.0,75.0,773.69,32.87,22.77,900.0,1200.0
2022,Jun,Kuruvai/Sornavari,RAMANATHANPURAM,castor,oil seeds,"Loams, silt loams, clay loams, or silty clay loams",5.0,8.5,120.0,160.0,140.04,26.38,23.49,500.0,500.0
2021,Jul,Kuruvai/Sornavari,JAWAD HILLS,vegetable cowpea,vegetables,Sandy loam,5.6,6.0,45.0,90.0,695.83,29.8,18.24,900.0,1200.0
2021,Oct,Samba/Thaladi,TANJORE,tinda,vegetables,Sandy loam,6.5,7.5,70.0,70.0,585.71,31.79,25.07,900.0,1200.0
2022,Dec,Samba/Thaladi,RAMANATHANPURAM,sunflower,oil seeds,"Loams, silt loams, clay loams, or silty clay loams",6.5,8.0,85.0,95.0,301.02,25.81,24.95,350.0,500.0
2024,Jun,Kuruvai/Sornavari,CHENGLEPUT,Winged Bean,minor vegetables,Sandy loam,7.0,12.0,42.0,42.0,225.12,28.0,25.36,900.0,1200.0
2022,Sep,Kuruvai/Sornavari,COIMBATORE,samai,millets,Loamy Soil,8.5,9.0,80.0,100.0,180.54,39.26,27.04,480.0,750.0
2022,Sep,Kuruvai/Sornavari,CAUVERY,redgram,pulses,deep loam soils,6.5,7.0,120.0,150.0,338.23,29.25,18.72,600.0,1400.0
2025,Oct,Samba/Thaladi,MADURAI,tobacco,other crops,Well drained sandy loam and clayey loam soils ,7.5,8.5,90.0,100.0,463.88,30.85,26.95,800.0,1000.0
2024,Sep,Kuruvai/Sornavari,JAWAD HILLS,radish,Root&tuber,Well grained deep loamy moist and alluviual soil,5.5,6.8,21.0,21.0,253.21,21.94,12.61,1000.0,1000.0
2025,Feb,Navarai/Kodai,DHARMAPURI,kudiraivali,millets,Loamy Soil,5.5,7.0,75.0,95.0,523.31,24.49,19.73,500.0,900.0
2024,Nov,Samba/Thaladi,KRISHNAGIRI,safflower,oil seeds,"Loams, silt loams, clay loams, or silty clay loams",5.4,8.2,120.0,125.0,292.46,36.07,24.68,550.0,725.0
2024,Mar,Navarai/Kodai,DINDIGUL,elephant foot yam,Root&tuber,Rich red loamy soil,5.5,7.0,240.0,240.0,381.96,36.95,25.98,1000.0,1500.0
2025,Sep,Kuruvai/Sornavari,VILLUPURAM,elephant foot yam,Root&tuber,Rich red loamy soil,5.5,7.0,240.0,240.0,526.39,32.2,27.6,1000.0,1500.0
2023,Sep,Kuruvai/Sornavari,PUDUKKOTTAI,Cabbage,colecrops,LoamySandy,6.0,6.5,80.0,180.0,216.33,28.59,11.73,380.0,500.0
2022,Dec,Samba/Thaladi,COIMBATORE,cucumber,vegetables,Loamy,6.5,7.5,120.0,120.0,952.33,33.79,29.49,1200.0,1500.0
2022,Nov,Samba/Thaladi,CAUVERY,dioscorea,Root&tuber,well-drained soil,6.0,6.5,270.0,300.0,808.71,30.73,30.0,1000.0,2000.0
2023,Jul,Kuruvai/Sornavari,SALEM,kudiraivali,millets,Loamy Soil,5.5,7.0,75.0,95.0,255.81,23.71,22.71,500.0,900.0
2025,Feb,Navarai/Kodai,NAMAKAL,swordbean,pulses, well-drained sandy loams or sandy soils ,5.0,6.0,110.0,120.0,232.68,37.03,16.06,900.0,1500.0
2024,Mar,Navarai/Kodai,TANJORE,radish,Root&tuber,Well grained deep loamy moist and alluviual soil,5.5,6.8,21.0,21.0,548.76,20.57,12.55,1000.0,1000.0
2021,Mar,Navarai/Kodai,KARUR,thinai,millets,"alluvial,loamy ",5.5,7.0,85.0,90.0,344.42,28.05,20.71,500.0,900.0
2023,Jan,Navarai/Kodai,KANYAKUMARI,castor,oil seeds,"Loams, silt loams, clay loams, or silty clay loams",5.0,8.5,120.0,160.0,325.64,25.89,20.0,500.0,500.0
2022,Nov,Samba/Thaladi,JAWAD HILLS,niger,oil seeds,"Loams, silt loams, clay loams, or silty clay loams",5.2,7.3,80.0,80.0,626.4,25.0,17.6,1000.0,1300.0
2024,May,Navarai/Kodai,THOOTHUKUDI,capsicum,vegetables,Loamy soil/ Lateritic soil,5.5,7.0,60.0,60.0,544.31,28.42,16.52,500.0,1200.0
2023,Nov,Samba/Thaladi,KANCHEEPURAM,amaranthus,greenleafy,Silt Loam to loamy,6.5,7.5,70.0,75.0,489.96,26.83,22.25,1000.0,1000.0
2023,Oct,Samba/Thaladi,KANYAKUMARI,ribbed gourd,vegetables,Sandy Loam,6.5,7.5,125.0,125.0,307.1,31.5,29.8,900.0,1200.0
2022,Dec,Samba/Thaladi,KANYAKUMARI,muskmelon,vegetables,Sandy Loam,6.5,7.5,70.0,100.0,749.25,36.87,28.82,900.0,1200.0
2021,Jun,Kuruvai/Sornavari,DHARMAPURI,peas,vegetables,Sandy loam,6.5,7.5,60.0,70.0,289.38,28.16,12.17,900.0,1200.0
2024,Aug,Kuruvai/Sornavari,CAUVERY,radish,Root&tuber,Well grained deep loamy moist and alluviual soil,5.5,6.8,21.0,21.0,654.09,21.73,14.36,1000.0,1000.0
2024,Oct,Samba/Thaladi,NAGAPATTINAM,snake gourd,vegetables,Loamy soil/ Lateritic soil,6.0,6.7,90.0,90.0,357.01,28.4,18.49,900.0,1200.0
2025,May,Navarai/Kodai,KANCHEEPURAM,horsegram,pulses, light to heavy soils ,6.0,7.5,100.0,105.0,270.11,41.94,25.06,800.0,800.0
2025,Apr,Navarai/Kodai,TANJORE,tobacco,other crops,Well drained sandy loam and clayey loam soils ,7.5,8.5,90.0,100.0,508.62,27.38,24.07,800.0,1000.0
2024,May,Navarai/Kodai,NAGAPATTINAM,cotton,fibre crop," black soils, (ii) red soils and (iii) alluvial soils.",7.0,8.0,135.0,140.0,429.08,28.1,21.63,700.0,1300.0
2023,Feb,Navarai/Kodai,THIRUVANNAMALAI,fodder cowpea,forage crops,Well drained sandy loam and clayey loam soils ,5.0,6.5,50.0,65.0,204.91,27.58,24.72,300.0,350.0
2021,Apr,Navarai/Kodai,HILLY REGIONS OF SHEVROY,Coccinia,minor vegetables,Sandy loam,6.0,6.5,90.0,90.0,520.58,31.4,18.86,900.0,1200.0
2024,Feb,Navarai/Kodai,PUDUKKOTTAI,paprika,vegetables,Sandy loam,5.8,6.5,160.0,180.0,619.55,29.85,26.89,700.0,1000.0
2022,May,Navarai/Kodai,KANYAKUMARI,lablab,vegetables,Well drained loamy soil,6.5,8.5,70.0,75.0,290.35,35.33,26.57,900.0,1200.0
2025,Jun,Kuruvai/Sornavari,KOLLI HILLS,Ceylon spinach,minor vegetables,Sandy loam,6.5,7.0,40.0,50.0,453.26,24.55,14.71,900.0,1200.0
2024,Apr,Navarai/Kodai,THIRUPPUR,Lettuce,minor vegetables,Sandy loam,6.0,6.5,45.0,55.0,352.03,24.14,18.12,900.0,1200.0
2023,Mar,Navarai/Kodai,THIRUVANNAMALAI,colocasia,Root&tuber,Well grained deep loamy moist and alluviual soil,5.5,7.0,150.0,180.0,259.35,33.04,21.97,1000.0,1000.0
2021,Jul,Kuruvai/Sornavari,MADURAI,cauliflower,colecrops,LoamySandy,6.5,6.8,55.0,100.0,206.46,28.12,10.0,380.0,500.0
2023,May,Navarai/Kodai,COIMBATORE,gingely,oil seeds,"Loams, silt loams, clay loams, or silty clay loams",5.5,8.0,85.0,90.0,218.86,33.15,27.85,350.0,400.0
2024,Oct,Samba/Thaladi,ARIYALUR,sweet sorghum,sugar crops,Well drained sandy loam and clayey loam soils ,6.0,8.5,115.0,125.0,353.59,25.27,25.12,500.0,600.0
2025,Nov,Samba/Thaladi,HILLY REGIONS OF SHEVROY,sugarcane,sugar crops,Clayey Loamy Soil/ Black Cotton Soil/ Red Loamy Soil/ Brown Loamy Soil,6.5,8.0,300.0,330.0,1066.65,27.03,19.38,1500.0,2500.0
2025,Oct,Samba/Thaladi,JAWAD HILLS,vegetable cowpea,vegetables,Sandy loam,5.6,6.0,45.0,90.0,421.94,28.66,18.3,900.0,1200.0
2023,Dec,Samba/Thaladi,HILLY REGIONS OF SHEVROY,niger,oil seeds,"Loams, silt loams, clay loams, or silty clay loams",5.2,7.3,80.0,80.0,444.66,25.0,12.88,1000.0,1300.0
2023,Dec,Samba/Thaladi,VELLORE,rice,cereals,Alluvia or loamy and clayey soil,5.0,8.0,150.0,150.0,1465.89,37.99,23.73,900.0,2500.0
2023,Jan,Navarai/Kodai,SALEM,samai,millets,Loamy Soil,8.5,9.0,80.0,100.0,338.34,36.13,28.72,480.0,750.0
2022,Aug,Kuruvai/Sornavari,CAUVERY,velimasal,forage crops,Well drained sandy loam and clayey loam soils ,5.8,7.0,45.0,55.0,202.46,31.37,23.19,300.0,350.0
2025,Jul,Kuruvai/Sornavari,CHENGLEPUT,watermelon,vegetables,Sandy,6.0,7.5,70.0,85.0,778.79,27.39,22.86,900.0,1200.0
2025,Dec,Samba/Thaladi,CHENGLEPUT,pumpkin,vegetables,Loamy soil/ Lateritic soil,6.0,7.0,115.0,120.0,384.71,28.23,17.12,900.0,1200.0
2023,Mar,Navarai/Kodai,VELLORE,groundnut,oil seeds,Well-drained sandy loam or sandy clay loam soil ,6.5,7.0,140.0,150.0,257.16,43.83,11.44,500.0,700.0
2022,Aug,Kuruvai/Sornavari,CAUVERY,Winged Bean,minor vegetables,Sandy loam,7.0,12.0,42.0,42.0,746.45,31.82,26.99,900.0,1200.0
2025,Sep,Kuruvai/Sornavari,CHENGLEPUT,bitter gourd,vegetables,Well drained loamy soil,6.5,7.0,55.0,60.0,768.69,31.8,29.18,900.0,1200.0
2024,Feb,Navarai/Kodai,TIRUVARUR,cumbu napier hybrid,forage crops,Well drained sandy loam and clayey loam soils ,5.0,8.6,45.0,55.0,354.56,26.43,18.48,800.0,1000.0
2025,Sep,Kuruvai/Sornavari,COIMBATORE,tobacco,other crops,Well drained sandy loam and clayey loam soils ,7.5,8.5,90.0,100.0,466.32,28.64,27.53,800.0,1000.0
2025,Sep,Kuruvai/Sornavari,CUDDALORE,lablab,vegetables,Well drained loamy soil,6.5,8.5,70.0,75.0,793.99,34.38,22.74,900.0,1200.0
2023,Jan,Navarai/Kodai,DINDIGUL,Palak,minor vegetables,Sandy loam,6.5,7.0,37.0,45.0,452.86,31.42,12.09,900.0,1200.0
2021,Feb,Navarai/Kodai,TIRUVARUR,jute,fibre crop,Sandy and Clay Loam,6.0,7.5,120.0,140.0,402.1,36.71,22.19,1000.0,1300.0
2021,Nov,Samba/Thaladi,JAWAD HILLS,sweet potato,Root&tuber,well-drained soil,5.7,6.7,90.0,120.0,507.54,25.44,20.61,1000.0,1000.0
2022,Jan,Navarai/Kodai,PERAMBALUR,jute,fibre crop,Sandy and Clay Loam,6.0,7.5,120.0,140.0,285.91,39.92,25.26,1000.0,1300.0
2022,Apr,Navarai/Kodai,ARIYALUR,Phaseolus lunatus,minor vegetables,Sandy loam,6.0,6.8,90.0,90.0,1018.52,28.71,16.36,900.0,2000.0
2023,Aug,Kuruvai/Sornavari,NAMAKAL,cauliflower,colecrops,LoamySandy,6.5,6.8,55.0,100.0,261.61,25.34,10.0,380.0,500.0
2023,Dec,Samba/Thaladi,NAMAKAL,watermelon,vegetables,Sandy,6.0,7.5,70.0,85.0,367.13,25.49,23.23,900.0,1200.0
2022,Jan,Navarai/Kodai,DHARMAPURI,panivaragu,millets,sandy loam to clays of black cotton soils,5.5,7.0,70.0,75.0,139.72,41.26,11.8,330.0,350.0
2023,May,Navarai/Kodai,CHENGLEPUT,amaranthus,greenleafy,Silt Loam to loamy,6.5,7.5,70.0,75.0,445.31,26.58,22.63,1000.0,1000.0
2022,Sep,Kuruvai/Sornavari,THOOTHUKUDI,maize,millets,temperate podzols to the leached red soils of the tropics. ,5.5,7.0,105.0,110.0,431.08,28.94,18.64,500.0,800.0
2024,Dec,Samba/Thaladi,THIRUVALLUR,Coccinia,minor vegetables,Sandy loam,6.0,6.5,90.0,90.0,451.6,28.31,22.76,900.0,1200.0
2022,Mar,Navarai/Kodai,NAMAKAL,Asparagus,minor vegetables,Sandy loam,6.0,6.7,730.0,730.0,655.68,29.25,18.66,900.0,1200.0
2025,Jul,Kuruvai/Sornavari,NAMAKAL,blackgram,pulses,sandy soils to heavy cotton soils,6.5,7.8,70.0,75.0,524.51,43.34,19.87,600.0,1000.0
2021,Sep,Kuruvai/Sornavari,NAGAPATTINAM,snake gourd,vegetables,Loamy soil/ Lateritic soil,6.0,6.7,90.0,90.0,267.74,25.21,17.48,900.0,1200.0
2024,Feb,Navarai/Kodai,KANCHEEPURAM,Celery,minor vegetables,Sandy loam,5.8,6.8,120.0,150.0,634.24,24.38,14.93,900.0,1200.0
2022,Mar,Navarai/Kodai,ARIYALUR,radish,Root&tuber,Well grained deep loamy moist and alluviual soil,5.5,6.8,21.0,21.0,335.45,22.11,11.84,1000.0,1000.0
2024,Nov,Samba/Thaladi,SALEM,panivaragu,millets,sandy loam to clays of black cotton soils,5.5,7.0,70.0,75.0,175.62,40.97,10.83,330.0,350.0
2022,Sep,Kuruvai/Sornavari,KARUR,rice,cereals,Alluvia or loamy and clayey soil,5.0,8.0,150.0,150.0,1244.05,35.04,23.71,900.0,2500.0
2024,Sep,Kuruvai/Sornavari,COIMBATORE,bengalgram,pulses,medium to heavy black soil,5.5,7.0,90.0,120.0,597.83,29.9,22.32,650.0,1000.0
2021,Dec,Samba/Thaladi,VILLUPURAM,fodder cowpea,forage crops,Well drained sandy loam and clayey loam soils ,5.0,6.5,50.0,65.0,173.78,26.67,18.29,300.0,350.0
2023,Feb,Navarai/Kodai,TIRUVARUR,soundal,forage crops,Well drained sandy loam and clayey loam soils ,5.5,7.5,40.0,80.0,308.06,36.02,22.82,500.0,480.0
2025,Mar,Navarai/Kodai,HILLY REGIONS OF SHEVROY,velimasal,forage crops,Well drained sandy loam and clayey loam soils ,5.8,7.0,45.0,55.0,137.03,30.15,26.64,300.0,350.0
2022,Jun,Kuruvai/Sornavari,JAWAD HILLS,small onion,bulbvegetables,Sandy loam,6.0,7.0,70.0,90.0,193.29,26.99,14.21,650.0,750.0
2024,Jul,Kuruvai/Sornavari,COIMBATORE,rice,cereals,Alluvia or loamy and clayey soil,5.0,8.0,150.0,150.0,990.43,39.44,22.76,900.0,2500.0
2021,Nov,Samba/Thaladi,COIMBATORE,Cabbage,colecrops,LoamySandy,6.0,6.5,80.0,180.0,134.5,25.74,10.89,380.0,500.0
2021,Dec,Samba/Thaladi,CUDDALORE,bitter gourd,vegetables,Well drained loamy soil,6.5,7.0,55.0,60.0,656.24,28.44,24.36,900.0,1200.0
2022,Nov,Samba/Thaladi,PUDUKKOTTAI,capsicum,vegetables,Loamy soil/ Lateritic soil,5.5,7.0,60.0,60.0,204.05,31.31,13.69,500.0,1200.0
2021,May,Navarai/Kodai,PERAMBALUR,bitter gourd,vegetables,Well drained loamy soil,6.5,7.0,55.0,60.0,396.96,29.39,29.55,900.0,1200.0
2021,Dec,Samba/Thaladi,KANYAKUMARI,rice,cereals,Alluvia or loamy and clayey soil,5.0,8.0,150.0,150.0,474.93,39.27,23.83,900.0,2500.0
2024,Feb,Navarai/Kodai,ARIYALUR,soyabean,pulses,"Well-drained, Loamy Soil",6.0,7.0,90.0,100.0,371.35,29.48,15.12,450.0,700.0
2023,Apr,Navarai/Kodai,KANCHEEPURAM,fodder cholam,forage crops,Well drained sandy loam and clayey loam soils ,5.5,7.5,1095.0,1095.0,184.86,36.61,25.77,300.0,350.0
2024,Jun,Kuruvai/Sornavari,KOLLI HILLS,muyal masal,forage crops,Well drained sandy loam and clayey loam soils ,5.5,7.5,75.0,65.0,247.12,32.23,26.14,500.0,480.0
2024,Aug,Kuruvai/Sornavari,PERAMBALUR,Cabbage,colecrops,LoamySandy,6.0,6.5,80.0,180.0,181.61,25.92,10.24,380.0,500.0
2023,Feb,Navarai/Kodai,NAGAPATTINAM,cluster bean,vegetables,Sandy Loam,7.0,8.5,60.0,90.0,422.48,26.79,20.33,900.0,1200.0
2021,Jul,Kuruvai/Sornavari,ERODE,horsegram,pulses, light to heavy soils ,6.0,7.5,100.0,105.0,519.37,38.52,28.12,800.0,800.0
2021,Sep,Kuruvai/Sornavari,THIRUVALLUR,cluster bean,vegetables,Sandy Loam,7.0,8.5,60.0,90.0,291.35,25.6,25.65,900.0,1200.0
2025,Feb,Navarai/Kodai,THENI,brinjal,vegetables,Loamy soil/ Lateritic soil,6.0,7.5,100.0,150.0,571.21,31.61,21.46,900.0,1200.0
2021,Feb,Navarai/Kodai,THENI,bengalgram,pulses,medium to heavy black soil,5.5,7.0,90.0,120.0,441.98,26.62,19.86,650.0,1000.0
2021,Oct,Samba/Thaladi,VILLUPURAM,bhendi,vegetables,Loamy soil/ Lateritic soil,6.0,6.8,55.0,65.0,543.7,28.45,24.6,1200.0,2200.0
2022,Apr,Navarai/Kodai,KOLLI HILLS,capsicum,vegetables,Loamy soil/ Lateritic soil,5.5,7.0,60.0,60.0,331.13,25.69,15.91,500.0,1200.0
2024,Mar,Navarai/Kodai,THIRUNELVELI,bottle gourd,vegetables,Sandy loam,6.0,6.7,120.0,120.0,720.82,28.73,16.75,900.0,1200.0
2025,Oct,Samba/Thaladi,CAUVERY,radish,Root&tuber,Well grained deep loamy moist and alluviual soil,5.5,6.8,21.0,21.0,553.85,20.62,12.58,1000.0,1000.0
2022,Apr,Navarai/Kodai,CUDDALORE,greengram,pulses,well-drained sandy loams or sandy soils ,6.5,7.5,100.0,100.0,558.05,34.35,29.5,850.0,1000.0
2021,Jan,Navarai/Kodai,JAWAD HILLS,niger,oil seeds,"Loams, silt loams, clay loams, or silty clay loams",5.2,7.3,80.0,80.0,729.6,25.0,14.54,1000.0,1300.0
2025,Aug,Kuruvai/Sornavari,PERAMBALUR,Cabbage,colecrops,LoamySandy,6.0,6.5,80.0,180.0,324.28,28.33,10.81,380.0,500.0
2023,Mar,Navarai/Kodai,CAUVERY,lablab,vegetables,Well drained loamy soil,6.5,8.5,70.0,75.0,667.1,30.61,21.09,900.0,1200.0
2022,May,Navarai/Kodai,RAMANATHANPURAM,fieldlablab,pulses,Well drained loamy soil,6.2,7.0,105.0,105.0,487.31,29.42,16.38,650.0,1000.0
2023,Oct,Samba/Thaladi,VELLORE,Basella,minor vegetables,Sandy loam,5.5,8.0,70.0,70.0,571.51,31.45,16.47,900.0,1200.0
2021,Oct,Samba/Thaladi,THALAVADI HILLS,broadbean,vegetables,Well drained loamy soil,5.5,6.0,80.0,100.0,514.7,23.28,14.92,900.0,1200.0
2025,Oct,Samba/Thaladi,PUDUKKOTTAI,Chinese cabbage,minor vegetables,Sandy loam,5.5,7.0,50.0,80.0,447.66,24.28,18.98,900.0,1200.0
2025,Aug,Kuruvai/Sornavari,MADURAI,curry leaf,greenleafy,Red sandy loam,5.2,5.5,90.0,85.0,288.09,34.72,29.3,1000.0,1000.0
2022,Jan,Navarai/Kodai,THIRUCHIRAPALLI,chillies,vegetables,Loamy soil/ Lateritic soil,6.0,6.8,120.0,120.0,278.06,28.49,27.71,500.0,500.0
2021,May,Navarai/Kodai,RAMANATHANPURAM,cotton,fibre crop," black soils, (ii) red soils and (iii) alluvial soils.",7.0,8.0,135.0,140.0,181.92,26.12,25.2,700.0,1300.0
2021,Sep,Kuruvai/Sornavari,NAGAPATTINAM,cauliflower,colecrops,LoamySandy,6.5,6.8,55.0,100.0,215.69,25.69,10.0,380.0,500.0
2024,Jun,Kuruvai/Sornavari,SALEM,cowpea,pulses, well-drained sandy loams or sandy soils ,5.0,6.5,60.0,90.0,194.86,31.4,21.04,400.0,700.0
2024,Dec,Samba/Thaladi,RAMANATHANPURAM,sunflower,oil seeds,"Loams, silt loams, clay loams, or silty clay loams",6.5,8.0,85.0,95.0,245.52,25.61,24.88,350.0,500.0
2025,May,Navarai/Kodai,VELLORE,muskmelon,vegetables,Sandy Loam,6.5,7.5,70.0,100.0,612.41,34.52,25.49,900.0,1200.0
2022,Jun,Kuruvai/Sornavari,THIRUPPUR,Chakravathi keerai,minor vegetables,Sandy loam,4.5,8.3,100.0,100.0,499.41,25.21,15.52,900.0,1200.0
2021,Nov,Samba/Thaladi,SIVAGANGAI,gardenlablab,pulses,wide range of soils,6.0,7.0,75.0,100.0,512.37,34.72,17.25,650.0,1000.0
2024,May,Navarai/Kodai,PERAMBALUR,bengalgram,pulses,medium to heavy black soil,5.5,7.0,90.0,120.0,363.92,29.6,24.29,650.0,1000.0
2025,May,Navarai/Kodai,JAWAD HILLS,chinese potato,Root&tuber,well-drained soil,4.8,5.8,120.0,150.0,474.84,22.23,14.66,1000.0,1000.0
2023,Nov,Samba/Thaladi,MADURAI,broadbean,vegetables,Well drained loamy soil,5.5,6.0,80.0,100.0,661.83,24.98,10.02,900.0,1200.0
2022,Jun,Kuruvai/Sornavari,NAGAPATTINAM,cotton,fibre crop," black soils, (ii) red soils and (iii) alluvial soils.",7.0,8.0,135.0,140.0,248.18,26.33,21.57,700.0,1300.0
2024,Dec,Samba/Thaladi,THIRUNELVELI,cotton,fibre crop," black soils, (ii) red soils and (iii) alluvial soils.",7.0,8.0,135.0,140.0,547.18,25.26,24.02,700.0,1300.0
2025,Jun,Kuruvai/Sornavari,CAUVERY,pumpkin,vegetables,Loamy soil/ Lateritic soil,6.0,7.0,115.0,120.0,402.83,27.26,19.14,900.0,1200.0
2024,Jul,Kuruvai/Sornavari,MADURAI,elephant foot yam,Root&tuber,Rich red loamy soil,5.5,7.0,240.0,240.0,433.27,33.82,27.84,1000.0,1500.0
2023,Apr,Navarai/Kodai,NAMAKAL,sunflower,oil seeds,"Loams, silt loams, clay loams, or silty clay loams",6.5,8.0,85.0,95.0,127.96,25.34,21.83,350.0,500.0
2025,May,Navarai/Kodai,THENI,curry leaf,greenleafy,Red sandy loam,5.2,5.5,90.0,85.0,585.23,33.45,28.68,1000.0,1000.0
2025,Mar,Navarai/Kodai,DHARMAPURI,snake gourd,vegetables,Loamy soil/ Lateritic soil,6.0,6.7,90.0,90.0,230.24,25.33,20.32,900.0,1200.0
2024,Jan,Navarai/Kodai,THOOTHUKUDI,radish,Root&tuber,Well grained deep loamy moist and alluviual soil,5.5,6.8,21.0,21.0,292.22,21.46,11.74,1000.0,1000.0
2023,Jul,Kuruvai/Sornavari,THIRUNELVELI,amaranthus,greenleafy,Silt Loam to loamy,6.5,7.5,70.0,75.0,587.67,25.95,20.62,1000.0,1000.0
2025,May,Navarai/Kodai,THIRUVANNAMALAI,snake gourd,vegetables,Loamy soil/ Lateritic soil,6.0,6.7,90.0,90.0,553.66,27.77,18.26,900.0,1200.0
2025,Feb,Navarai/Kodai,THENI,bellary onion,minor vegetables,Sandy loam,5.8,6.5,150.0,150.0,570.32,25.69,12.79,900.0,1200.0
2024,Aug,Kuruvai/Sornavari,NAMAKAL,blackgram,pulses,sandy soils to heavy cotton soils,6.5,7.8,70.0,75.0,408.54,39.52,24.7,600.0,1000.0
2021,Jan,Navarai/Kodai,VELLORE,Turnip,minor vegetables,Loamy soil,5.5,6.8,42.0,56.0,634.18,21.7,10.72,900.0,1200.0
2025,Apr,Navarai/Kodai,THIRUPPUR,ribbed gourd,vegetables,Sandy Loam,6.5,7.5,125.0,125.0,355.11,32.75,23.45,900.0,1200.0
2022,Feb,Navarai/Kodai,CUDDALORE,muskmelon,vegetables,Sandy Loam,6.5,7.5,70.0,100.0,419.41,30.19,29.29,900.0,1200.0
2021,Sep,Kuruvai/Sornavari,VILLUPURAM,fodder cowpea,forage crops,Well drained sandy loam and clayey loam soils ,5.0,6.5,50.0,65.0,96.44,27.27,23.01,300.0,350.0
2021,Aug,Kuruvai/Sornavari,RAMANATHANPURAM,sunflower,oil seeds,"Loams, silt loams, clay loams, or silty clay loams",6.5,8.0,85.0,95.0,251.39,26.18,19.34,350.0,500.0
2024,Aug,Kuruvai/Sornavari,THIRUCHIRAPALLI,Coccinia,minor vegetables,Sandy loam,6.0,6.5,90.0,90.0,759.71,27.11,19.26,900.0,1200.0
2024,Sep,Kuruvai/Sornavari,KARUR,Chakravathi keerai,minor vegetables,Sandy loam,4.5,8.3,100.0,100.0,329.9,25.98,16.66,900.0,1200.0
2024,May,Navarai/Kodai,THENI,Basella,minor vegetables,Sandy loam,5.5,8.0,70.0,70.0,771.9,31.31,19.59,900.0,1200.0
2023,Mar,Navarai/Kodai,PERAMBALUR,bengalgram,pulses,medium to heavy black soil,5.5,7.0,90.0,120.0,262.57,31.57,21.17,650.0,1000.0
2022,Jan,Navarai/Kodai,THIRUVANNAMALAI,Chekurmanis,minor vegetables,Sandy loam,5.5,7.5,90.0,120.0,248.35,33.48,27.17,900.0,1200.0
2022,Jan,Navarai/Kodai,VILLUPURAM,Butter bean,minor vegetables,Sandy loam,6.0,7.0,80.0,100.0,421.58,26.87,21.39,900.0,1200.0
2021,Nov,Samba/Thaladi,THE NILGRIS,Coccinia,minor vegetables,Sandy loam,6.0,6.5,90.0,90.0,387.91,29.73,22.53,900.0,1200.0
2023,Jun,Kuruvai/Sornavari,KANYAKUMARI,french bean,vegetables,Well drained loamy soil,5.5,6.0,40.0,50.0,264.64,27.26,13.06,900.0,1200.0
2021,Jun,Kuruvai/Sornavari,TANJORE,cucumber,vegetables,Loamy,6.5,7.5,120.0,120.0,982.57,31.66,27.86,1200.0,1500.0
2022,Mar,Navarai/Kodai,THALAVADI HILLS,muyal masal,forage crops,Well drained sandy loam and clayey loam soils ,5.5,7.5,75.0,65.0,173.98,33.3,25.68,500.0,480.0
2023,Oct,Samba/Thaladi,ERODE,cluster bean,vegetables,Sandy Loam,7.0,8.5,60.0,90.0,772.44,26.84,25.31,900.0,1200.0
2025,Nov,Samba/Thaladi,CAUVERY,soyabean,pulses,"Well-drained, Loamy Soil",6.0,7.0,90.0,100.0,373.14,32.71,13.13,450.0,700.0
2024,Jun,Kuruvai/Sornavari,VELLORE,peas,vegetables,Sandy loam,6.5,7.5,60.0,70.0,306.71,26.92,12.95,900.0,1200.0
2022,Jul,Kuruvai/Sornavari,JAWAD HILLS,safflower,oil seeds,"Loams, silt loams, clay loams, or silty clay loams",5.4,8.2,120.0,125.0,220.27,36.58,26.67,550.0,725.0
2025,Dec,Samba/Thaladi,THE NILGRIS,sugarcane,sugar crops,Clayey Loamy Soil/ Black Cotton Soil/ Red Loamy Soil/ Brown Loamy Soil,6.5,8.0,300.0,330.0,1408.53,27.39,24.67,1500.0,2500.0
2025,Jul,Kuruvai/Sornavari,THENI,bengalgram,pulses,medium to heavy black soil,5.5,7.0,90.0,120.0,632.66,28.21,20.12,650.0,1000.0
2021,Sep,Kuruvai/Sornavari,THOOTHUKUDI,maize,millets,temperate podzols to the leached red soils of the tropics. ,5.5,7.0,105.0,110.0,142.72,27.22,18.26,500.0,800.0
2024,Sep,Kuruvai/Sornavari,KARUR,sunflower,oil seeds,"Loams, silt loams, clay loams, or silty clay loams",6.5,8.0,85.0,95.0,259.78,25.55,20.33,350.0,500.0
2025,Mar,Navarai/Kodai,RAMANATHANPURAM,Celery,minor vegetables,Sandy loam,5.8,6.8,120.0,150.0,745.77,22.29,16.58,900.0,1200.0
2025,Apr,Navarai/Kodai,KANYAKUMARI,gardenlablab,pulses,wide range of soils,6.0,7.0,75.0,100.0,539.73,33.73,20.46,650.0,1000.0
2023,Oct,Samba/Thaladi,THIRUVALLUR,chillies,vegetables,Loamy soil/ Lateritic soil,6.0,6.8,120.0,120.0,324.64,31.8,21.83,500.0,500.0
2021,Jul,Kuruvai/Sornavari,KANYAKUMARI,Bread fruit,minor vegetables,Sandy loam,6.1,7.4,100.0,100.0,721.18,34.3,19.77,2030.0,2540.0
2021,Jan,Navarai/Kodai,CUDDALORE,Mint,minor vegetables,Loamy soil,6.5,7.0,100.0,120.0,383.91,25.75,23.89,1000.0,1100.0
2025,Oct,Samba/Thaladi,PERAMBALUR,Brussels sprout,minor vegetables,Sandy loam,6.5,6.8,12.0,12.0,295.68,26.94,14.33,900.0,1200.0
2021,Oct,Samba/Thaladi,KRISHNAGIRI,ribbed gourd,vegetables,Sandy Loam,6.5,7.5,125.0,125.0,733.94,36.26,29.76,900.0,1200.0
2021,Sep,Kuruvai/Sornavari,RAMANATHANPURAM,swordbean,pulses, well-drained sandy loams or sandy soils ,5.0,6.0,110.0,120.0,539.13,36.22,11.63,900.0,1500.0
2023,May,Navarai/Kodai,SIVAGANGAI,cluster bean,vegetables,Sandy Loam,7.0,8.5,60.0,90.0,782.36,26.86,25.53,900.0,1200.0
2021,Dec,Samba/Thaladi,VIRUDHUNAGAR,Chakravathi keerai,minor vegetables,Sandy loam,4.5,8.3,100.0,100.0,313.37,25.32,15.74,900.0,1200.0
2024,Oct,Samba/Thaladi,THALAVADI HILLS,french bean,vegetables,Well drained loamy soil,5.5,6.0,40.0,50.0,489.38,28.01,13.1,900.0,1200.0
2024,Aug,Kuruvai/Sornavari,THE NILGRIS,Brussels sprout,minor vegetables,Sandy loam,6.5,6.8,12.0,12.0,628.46,26.38,15.75,900.0,1200.0
2024,Apr,Navarai/Kodai,VILLUPURAM,swordbean,pulses, well-drained sandy loams or sandy soils ,5.0,6.0,110.0,120.0,880.38,36.22,12.18,900.0,1500.0
2021,Oct,Samba/Thaladi,DHARMAPURI,kudirai masi,forage crops,Well drained sandy loam and clayey loam soils ,6.5,7.5,45.0,55.0,150.84,30.78,26.09,300.0,350.0
2024,May,Navarai/Kodai,KOLLI HILLS,onion,vegetables, Any Loamy,5.8,6.5,100.0,120.0,107.7,26.64,21.05,350.0,550.0
2023,Dec,Samba/Thaladi,KRISHNAGIRI,Pearl millet,millets,"clay, clay loam, or sandy loam soils",5.5,7.5,75.0,85.0,314.75,43.49,12.08,350.0,500.0
2022,Apr,Navarai/Kodai,NAMAKAL,horsegram,pulses, light to heavy soils ,6.0,7.5,100.0,105.0,423.7,40.1,25.42,800.0,800.0
2023,Jun,Kuruvai/Sornavari,DHARMAPURI,swordbean,pulses, well-drained sandy loams or sandy soils ,5.0,6.0,110.0,120.0,405.63,33.45,16.04,900.0,1500.0
2025,Jan,Navarai/Kodai,PERAMBALUR,bengalgram,pulses,medium to heavy black soil,5.5,7.0,90.0,120.0,232.02,31.93,22.02,650.0,1000.0
2025,Jan,Navarai/Kodai,THALAVADI HILLS,chowchow,vegetables,Loamy soil/ Lateritic soil,5.5,6.5,150.0,150.0,958.99,24.59,17.29,1200.0,1500.0
2022,Jan,Navarai/Kodai,THE NILGRIS,soundal,forage crops,Well drained sandy loam and clayey loam soils ,5.5,7.5,40.0,80.0,221.75,34.35,24.24,500.0,480.0
2023,Oct,Samba/Thaladi,CUDDALORE,carrot,Root&tuber,light or sandy loam soil,6.0,7.0,75.0,75.0,300.88,24.29,16.0,1000.0,1000.0
2024,Mar,Navarai/Kodai,SIVAGANGAI,horsegram,pulses, light to heavy soils ,6.0,7.5,100.0,105.0,475.79,35.88,24.2,800.0,800.0
2025,Jul,Kuruvai/Sornavari,SIVAGANGAI,chinese potato,Root&tuber,well-drained soil,4.8,5.8,120.0,150.0,313.36,24.5,15.05,1000.0,1000.0
2024,Jun,Kuruvai/Sornavari,KARUR,Pearl millet,millets,"clay, clay loam, or sandy loam soils",5.5,7.5,75.0,85.0,238.9,43.13,16.2,350.0,500.0
2022,Dec,Samba/Thaladi,VILLUPURAM,horsegram,pulses, light to heavy soils ,6.0,7.5,100.0,105.0,476.72,35.54,24.64,800.0,800.0
2025,Sep,Kuruvai/Sornavari,THIRUNELVELI,groundnut,oil seeds,Well-drained sandy loam or sandy clay loam soil ,6.5,7.0,140.0,150.0,259.49,44.45,13.58,500.0,700.0
2021,Sep,Kuruvai/Sornavari,THOOTHUKUDI,bengalgram,pulses,medium to heavy black soil,5.5,7.0,90.0,120.0,621.6,28.57,22.31,650.0,1000.0
2024,Jun,Kuruvai/Sornavari,THIRUVANNAMALAI,velimasal,forage crops,Well drained sandy loam and clayey loam soils ,5.8,7.0,45.0,55.0,189.78,36.4,26.68,300.0,350.0
2024,Jul,Kuruvai/Sornavari,KRISHNAGIRI,cauliflower,colecrops,LoamySandy,6.5,6.8,55.0,100.0,260.61,30.03,10.0,380.0,500.0
2022,Aug,Kuruvai/Sornavari,VIRUDHUNAGAR,fodder cholam,forage crops,Well drained sandy loam and clayey loam soils ,5.5,7.5,1095.0,1095.0,123.02,36.77,26.69,300.0,350.0
2021,Nov,Samba/Thaladi,KANCHEEPURAM,dioscorea,Root&tuber,well-drained soil,6.0,6.5,270.0,300.0,681.03,33.22,30.0,1000.0,2000.0
2022,Mar,Navarai/Kodai,COIMBATORE,groundnut,oil seeds,Well-drained sandy loam or sandy clay loam soil ,6.5,7.0,140.0,150.0,460.26,44.29,10.65,500.0,700.0
2022,Aug,Kuruvai/Sornavari,DHARMAPURI,kudiraivali,millets,Loamy Soil,5.5,7.0,75.0,95.0,439.77,23.0,23.6,500.0,900.0
2021,May,Navarai/Kodai,PUDUKKOTTAI,sweet potato,Root&tuber,well-drained soil,5.7,6.7,90.0,120.0,561.33,27.42,24.25,1000.0,1000.0
2021,Mar,Navarai/Kodai,THIRUVALLUR,sugarcane,sugar crops,Clayey Loamy Soil/ Black Cotton Soil/ Red Loamy Soil/ Brown Loamy Soil,6.5,8.0,300.0,330.0,1086.31,28.61,22.12,1500.0,2500.0
2021,Nov,Samba/Thaladi,PUDUKKOTTAI,gingely,oil seeds,"Loams, silt loams, clay loams, or silty clay loams",5.5,8.0,85.0,90.0,133.14,30.37,26.15,350.0,400.0
2023,Feb,Navarai/Kodai,CHENGLEPUT,bellary onion,minor vegetables,Sandy loam,5.8,6.5,150.0,150.0,236.94,25.05,11.55,900.0,1200.0
2022,Aug,Kuruvai/Sornavari,CHENGLEPUT,castor,oil seeds,"Loams, silt loams, clay loams, or silty clay loams",5.0,8.5,120.0,160.0,306.75,26.94,21.21,500.0,500.0
2023,Dec,Samba/Thaladi,ERODE,cotton,fibre crop," black soils, (ii) red soils and (iii) alluvial soils.",7.0,8.0,135.0,140.0,233.89,25.72,22.75,700.0,1300.0
2023,May,Navarai/Kodai,THENI,gherkins,vegetables,Sandy loam,5.8,7.0,90.0,90.0,661.42,32.8,14.32,900.0,1200.0
2022,Jan,Navarai/Kodai,THALAVADI HILLS,velimasal,forage crops,Well drained sandy loam and clayey loam soils ,5.8,7.0,45.0,55.0,203.32,30.24,25.24,300.0,350.0
2025,May,Navarai/Kodai,THALAVADI HILLS,guinea grass,forage crops,Well drained sandy loam and clayey loam soils ,5.0,7.0,45.0,55.0,275.32,40.0,18.9,1000.0,480.0
2022,Oct,Samba/Thaladi,ARIYALUR,Winged Bean,minor vegetables,Sandy loam,7.0,12.0,42.0,42.0,676.29,29.96,27.12,900.0,1200.0
2025,Nov,Samba/Thaladi,CHENGLEPUT,pumpkin,vegetables,Loamy soil/ Lateritic soil,6.0,7.0,115.0,120.0,796.2,27.44,21.11,900.0,1200.0
2022,Jan,Navarai/Kodai,JAWAD HILLS,snake gourd,vegetables,Loamy soil/ Lateritic soil,6.0,6.7,90.0,90.0,426.36,28.6,16.35,900.0,1200.0
2024,Dec,Samba/Thaladi,THIRUNELVELI,groundnut,oil seeds,Well-drained sandy loam or sandy clay loam soil ,6.5,7.0,140.0,150.0,334.49,43.59,12.37,500.0,700.0
2023,Dec,Samba/Thaladi,CUDDALORE,varagu,millets,clay-based soil,5.5,6.5,120.0,120.0,279.42,25.51,27.73,500.0,900.0
2022,Sep,Kuruvai/Sornavari,THIRUVALLUR,velimasal,forage crops,Well drained sandy loam and clayey loam soils ,5.8,7.0,45.0,55.0,170.61,31.01,29.82,300.0,350.0
2022,Sep,Kuruvai/Sornavari,DHARMAPURI,groundnut,oil seeds,Well-drained sandy loam or sandy clay loam soil ,6.5,7.0,140.0,150.0,270.55,43.66,11.45,500.0,700.0
2022,Oct,Samba/Thaladi,KARUR,bellary onion,minor vegetables,Sandy loam,5.8,6.5,150.0,150.0,314.42,25.84,15.01,900.0,1200.0
2025,May,Navarai/Kodai,COIMBATORE,Asparagus,minor vegetables,Sandy loam,6.0,6.7,730.0,730.0,525.11,28.37,16.24,900.0,1200.0
2022,Feb,Navarai/Kodai,THE NILGRIS,fodder cumbu,forage crops,Well drained sandy loam and clayey loam soils ,4.0,7.5,45.0,120.0,267.08,33.54,26.92,500.0,480.0
2025,Dec,Samba/Thaladi,MADURAI,tobacco,other crops,Well drained sandy loam and clayey loam soils ,7.5,8.5,90.0,100.0,646.6,27.47,29.86,800.0,1000.0
2023,Jun,Kuruvai/Sornavari,NAGAPATTINAM,Pearl millet,millets,"clay, clay loam, or sandy loam soils",5.5,7.5,75.0,85.0,133.01,44.75,13.12,350.0,500.0
2023,Jun,Kuruvai/Sornavari,NAMAKAL,kudiraivali,millets,Loamy Soil,5.5,7.0,75.0,95.0,309.01,22.55,18.47,500.0,900.0
2024,Feb,Navarai/Kodai,VILLUPURAM,chinese potato,Root&tuber,well-drained soil,4.8,5.8,120.0,150.0,356.3,23.24,19.42,1000.0,1000.0
2022,Oct,Samba/Thaladi,ARIYALUR,paprika,vegetables,Sandy loam,5.8,6.5,160.0,180.0,379.56,33.95,24.78,700.0,1000.0
2024,Nov,Samba/Thaladi,COIMBATORE,ash gourd,vegetables,Sandy loam,6.0,6.7,120.0,120.0,661.09,30.92,24.09,900.0,1200.0
2023,Nov,Samba/Thaladi,KANCHEEPURAM,Phaseolus lunatus,minor vegetables,Sandy loam,6.0,6.8,90.0,90.0,1188.72,28.94,21.0,900.0,2000.0
2022,May,Navarai/Kodai,PERAMBALUR,radish,Root&tuber,Well grained deep loamy moist and alluviual soil,5.5,6.8,21.0,21.0,381.0,20.46,12.08,1000.0,1000.0
2021,Apr,Navarai/Kodai,DHARMAPURI,french bean,vegetables,Well drained loamy soil,5.5,6.0,40.0,50.0,421.48,25.08,12.73,900.0,1200.0
2021,Jul,Kuruvai/Sornavari,KARUR,fodder maize,forage crops,Well drained sandy loam and clayey loam soils ,5.5,8.0,60.0,70.0,159.59,40.27,11.22,500.0,480.0
2024,Jan,Navarai/Kodai,THIRUCHIRAPALLI,beetroot,Root&tuber,all types of friable soil,6.0,7.0,45.0,65.0,646.02,24.35,16.34,1000.0,1000.0
2022,Sep,Kuruvai/Sornavari,SALEM,celery,greenleafy,Silt Loam to loamy,6.0,8.5,120.0,150.0,443.05,25.65,12.14,1000.0,1000.0
2022,Feb,Navarai/Kodai,CUDDALORE,cumbu napier hybrid,forage crops,Well drained sandy loam and clayey loam soils ,5.0,8.6,45.0,55.0,302.54,25.42,22.82,800.0,1000.0
2023,Apr,Navarai/Kodai,KRISHNAGIRI,rice,cereals,Alluvia or loamy and clayey soil,5.0,8.0,150.0,150.0,858.38,39.97,18.78,900.0,2500.0
2021,Jan,Navarai/Kodai,THE NILGRIS,fodder maize,forage crops,Well drained sandy loam and clayey loam soils ,5.5,8.0,60.0,70.0,263.7,44.49,10.79,500.0,480.0
2023,May,Navarai/Kodai,CUDDALORE,vegetable cowpea,vegetables,Sandy loam,5.6,6.0,45.0,90.0,416.03,30.43,21.02,900.0,1200.0
2025,May,Navarai/Kodai,RAMANATHANPURAM,Chakravathi keerai,minor vegetables,Sandy loam,4.5,8.3,100.0,100.0,309.76,25.0,15.2,900.0,1200.0
2024,Jan,Navarai/Kodai,ERODE,snake gourd,vegetables,Loamy soil/ Lateritic soil,6.0,6.7,90.0,90.0,393.38,28.22,17.13,900.0,1200.0
2023,Nov,Samba/Thaladi,COIMBATORE,chowchow,vegetables,Loamy soil/ Lateritic soil,5.5,6.5,150.0,150.0,629.96,24.83,19.46,1200.0,1500.0
2021,Oct,Samba/Thaladi,RAMANATHANPURAM,maize,millets,temperate podzols to the leached red soils of the tropics. ,5.5,7.0,105.0,110.0,351.16,28.97,16.52,500.0,800.0
2024,May,Navarai/Kodai,THOOTHUKUDI,chinese potato,Root&tuber,well-drained soil,4.8,5.8,120.0,150.0,628.36,22.99,18.66,1000.0,1000.0
2021,Apr,Navarai/Kodai,CUDDALORE,Turnip,minor vegetables,Loamy soil,5.5,6.8,42.0,56.0,624.29,21.58,12.75,900.0,1200.0
2022,Feb,Navarai/Kodai,KANCHEEPURAM,rice,cereals,Alluvia or loamy and clayey soil,5.0,8.0,150.0,150.0,270.14,36.46,21.97,900.0,2500.0
2025,Nov,Samba/Thaladi,THALAVADI HILLS,Brussels sprout,minor vegetables,Sandy loam,6.5,6.8,12.0,12.0,730.97,26.93,18.94,900.0,1200.0
2023,Feb,Navarai/Kodai,VIRUDHUNAGAR,safflower,oil seeds,"Loams, silt loams, clay loams, or silty clay loams",5.4,8.2,120.0,125.0,355.44,30.59,25.39,550.0,725.0
2023,Feb,Navarai/Kodai,ERODE,velimasal,forage crops,Well drained sandy loam and clayey loam soils ,5.8,7.0,45.0,55.0,124.62,36.25,25.72,300.0,350.0
2025,May,Navarai/Kodai,KRISHNAGIRI,capsicum,vegetables,Loamy soil/ Lateritic soil,5.5,7.0,60.0,60.0,455.99,26.56,15.36,500.0,1200.0
2024,Oct,Samba/Thaladi,HILLY REGIONS OF SHEVROY,lablab,vegetables,Well drained loamy soil,6.5,8.5,70.0,75.0,511.91,33.96,20.9,900.0,1200.0
2021,Jan,Navarai/Kodai,THENI,velimasal,forage crops,Well drained sandy loam and clayey loam soils ,5.8,7.0,45.0,55.0,180.55,30.06,28.46,300.0,350.0
2022,Mar,Navarai/Kodai,DHARMAPURI,panivaragu,millets,sandy loam to clays of black cotton soils,5.5,7.0,70.0,75.0,212.85,43.53,12.23,330.0,350.0
2022,Nov,Samba/Thaladi,KRISHNAGIRI,sweet potato,Root&tuber,well-drained soil,5.7,6.7,90.0,120.0,605.26,27.08,20.21,1000.0,1000.0
2023,Dec,Samba/Thaladi,VELLORE,Chinese cabbage,minor vegetables,Sandy loam,5.5,7.0,50.0,80.0,705.61,24.92,13.88,900.0,1200.0
2024,Apr,Navarai/Kodai,THENI,fieldlablab,pulses,Well drained loamy soil,6.2,7.0,105.0,105.0,335.25,30.66,17.03,650.0,1000.0
2023,Jul,Kuruvai/Sornavari,THIRUNELVELI,Mint,minor vegetables,Loamy soil,6.5,7.0,100.0,120.0,560.46,25.05,22.83,1000.0,1100.0
2024,Dec,Samba/Thaladi,MADURAI,cumbu napier hybrid,forage crops,Well drained sandy loam and clayey loam soils ,5.0,8.6,45.0,55.0,425.27,26.57,18.13,800.0,1000.0
2025,Apr,Navarai/Kodai,DHARMAPURI,gherkins,vegetables,Sandy loam,5.8,7.0,90.0,90.0,595.27,34.52,16.9,900.0,1200.0
2022,Apr,Navarai/Kodai,THALAVADI HILLS,Chekurmanis,minor vegetables,Sandy loam,5.5,7.5,90.0,120.0,303.04,32.5,28.58,900.0,1200.0
2022,Mar,Navarai/Kodai,KANYAKUMARI,Bread fruit,minor vegetables,Sandy loam,6.1,7.4,100.0,100.0,1502.88,37.02,17.55,2030.0,2540.0
2022,Dec,Samba/Thaladi,COIMBATORE,watermelon,vegetables,Sandy,6.0,7.5,70.0,85.0,363.15,28.58,23.8,900.0,1200.0
2025,Feb,Navarai/Kodai,THIRUVANNAMALAI,thinai,millets,"alluvial,loamy ",5.5,7.0,85.0,90.0,481.9,28.66,18.95,500.0,900.0
2025,Jul,Kuruvai/Sornavari,SALEM,muskmelon,vegetables,Sandy Loam,6.5,7.5,70.0,100.0,474.29,30.2,25.9,900.0,1200.0
2021,Oct,Samba/Thaladi,ERODE,groundnut,oil seeds,Well-drained sandy loam or sandy clay loam soil ,6.5,7.0,140.0,150.0,351.65,43.96,12.47,500.0,700.0
2022,Oct,Samba/Thaladi,THE NILGRIS,carrot,Root&tuber,light or sandy loam soil,6.0,7.0,75.0,75.0,519.53,22.76,19.49,1000.0,1000.0
2022,Mar,Navarai/Kodai,THIRUNELVELI,gingely,oil seeds,"Loams, silt loams, clay loams, or silty clay loams",5.5,8.0,85.0,90.0,92.36,34.24,26.0,350.0,400.0
2025,Feb,Navarai/Kodai,KANCHEEPURAM,lablab,vegetables,Well drained loamy soil,6.5,8.5,70.0,75.0,504.45,35.27,22.63,900.0,1200.0
2021,Nov,Samba/Thaladi,JAWAD HILLS,radish,Root&tuber,Well grained deep loamy moist and alluviual soil,5.5,6.8,21.0,21.0,351.17,22.55,10.77,1000.0,1000.0
2025,Oct,Samba/Thaladi,CUDDALORE,sugarcane,sugar crops,Clayey Loamy Soil/ Black Cotton Soil/ Red Loamy Soil/ Brown Loamy Soil,6.5,8.0,300.0,330.0,1235.93,25.4,19.38,1500.0,2500.0
2024,Apr,Navarai/Kodai,THENI,brinjal,vegetables,Loamy soil/ Lateritic soil,6.0,7.5,100.0,150.0,572.44,27.1,17.97,900.0,1200.0
2021,Feb,Navarai/Kodai,KRISHNAGIRI,niger,oil seeds,"Loams, silt loams, clay loams, or silty clay loams",5.2,7.3,80.0,80.0,647.43,25.0,11.09,1000.0,1300.0
2022,Oct,Samba/Thaladi,VILLUPURAM,tapoica,Root&tuber,Red lateritic loam,5.5,7.0,270.0,300.0,474.62,27.6,25.51,1000.0,1000.0
2022,Aug,Kuruvai/Sornavari,PUDUKKOTTAI,Rhubarb,minor vegetables,Sandy loam,6.0,6.8,56.0,70.0,554.66,25.89,10.0,900.0,1200.0
2023,Aug,Kuruvai/Sornavari,THIRUVALLUR,chowchow,vegetables,Loamy soil/ Lateritic soil,5.5,6.5,150.0,150.0,919.7,24.97,19.28,1200.0,1500.0
2022,Feb,Navarai/Kodai,PERAMBALUR,groundnut,oil seeds,Well-drained sandy loam or sandy clay loam soil ,6.5,7.0,140.0,150.0,366.2,44.56,10.69,500.0,700.0
2023,Sep,Kuruvai/Sornavari,THIRUNELVELI,jute,fibre crop,Sandy and Clay Loam,6.0,7.5,120.0,140.0,489.68,37.94,23.67,1000.0,1300.0
2025,Aug,Kuruvai/Sornavari,VELLORE,fieldlablab,pulses,Well drained loamy soil,6.2,7.0,105.0,105.0,453.21,31.32,20.23,650.0,1000.0
2023,Dec,Samba/Thaladi,THIRUNELVELI,chinese potato,Root&tuber,well-drained soil,4.8,5.8,120.0,150.0,332.34,23.54,18.97,1000.0,1000.0
2025,Mar,Navarai/Kodai,TANJORE,cauliflower,colecrops,LoamySandy,6.5,6.8,55.0,100.0,332.06,28.76,10.0,380.0,500.0
2024,Oct,Samba/Thaladi,CUDDALORE,Celery,minor vegetables,Sandy loam,5.8,6.8,120.0,150.0,728.11,22.54,16.87,900.0,1200.0
2024,Aug,Kuruvai/Sornavari,DINDIGUL,panivaragu,millets,sandy loam to clays of black cotton soils,5.5,7.0,70.0,75.0,206.54,43.58,12.61,330.0,350.0
2023,Aug,Kuruvai/Sornavari,CAUVERY,fodder maize,forage crops,Well drained sandy loam and clayey loam soils ,5.5,8.0,60.0,70.0,235.53,44.7,12.72,500.0,480.0
2024,Oct,Samba/Thaladi,VELLORE,Lettuce,minor vegetables,Sandy loam,6.0,6.5,45.0,55.0,407.1,24.6,20.06,900.0,1200.0
2025,Oct,Samba/Thaladi,CHENGLEPUT,fodder cholam,forage crops,Well drained sandy loam and clayey loam soils ,5.5,7.5,1095.0,1095.0,115.71,32.83,24.58,300.0,350.0
2024,Mar,Navarai/Kodai,KANCHEEPURAM,maize,millets,temperate podzols to the leached red soils of the tropics. ,5.5,7.0,105.0,110.0,177.29,25.3,16.9,500.0,800.0
2025,Jan,Navarai/Kodai,VIRUDHUNAGAR,cluster bean,vegetables,Sandy Loam,7.0,8.5,60.0,90.0,613.58,25.26,21.4,900.0,1200.0
2021,Mar,Navarai/Kodai,THIRUCHIRAPALLI,fieldlablab,pulses,Well drained loamy soil,6.2,7.0,105.0,105.0,539.71,31.99,18.29,650.0,1000.0
2025,May,Navarai/Kodai,KOLLI HILLS,ragi,millets,"red, black, sandy, loamy and shallow black soils.",5.0,8.2,100.0,120.0,380.64,26.92,13.69,700.0,1200.0
2025,Mar,Navarai/Kodai,THIRUNELVELI,broadbean,vegetables,Well drained loamy soil,5.5,6.0,80.0,100.0,469.73,24.71,14.18,900.0,1200.0
2023,Nov,Samba/Thaladi,VIRUDHUNAGAR,greengram,pulses,well-drained sandy loams or sandy soils ,6.5,7.5,100.0,100.0,337.64,30.4,26.11,850.0,1000.0
2023,Aug,Kuruvai/Sornavari,KARUR,brinjal,vegetables,Loamy soil/ Lateritic soil,6.0,7.5,100.0,150.0,426.91,30.41,19.32,900.0,1200.0
2023,May,Navarai/Kodai,HILLY REGIONS OF SHEVROY,Winged Bean,minor vegetables,Sandy loam,7.0,12.0,42.0,42.0,775.73,25.41,26.4,900.0,1200.0
2024,May,Navarai/Kodai,THIRUVANNAMALAI,bhendi,vegetables,Loamy soil/ Lateritic soil,6.0,6.8,55.0,65.0,1452.9,27.62,27.62,1200.0,2200.0
2021,Dec,Samba/Thaladi,THIRUVANNAMALAI,ragi,millets,"red, black, sandy, loamy and shallow black soils.",5.0,8.2,100.0,120.0,522.61,28.63,10.01,700.0,1200.0
2021,Feb,Navarai/Kodai,PUDUKKOTTAI,blackgram,pulses,sandy soils to heavy cotton soils,6.5,7.8,70.0,75.0,539.89,40.59,18.66,600.0,1000.0
2021,Oct,Samba/Thaladi,CUDDALORE,fodder cumbu,forage crops,Well drained sandy loam and clayey loam soils ,4.0,7.5,45.0,120.0,257.88,35.55,24.58,500.0,480.0
2021,Jun,Kuruvai/Sornavari,VIRUDHUNAGAR,muskmelon,vegetables,Sandy Loam,6.5,7.5,70.0,100.0,346.25,31.95,23.65,900.0,1200.0
2021,Jul,Kuruvai/Sornavari,VILLUPURAM,ragi,millets,"red, black, sandy, loamy and shallow black soils.",5.0,8.2,100.0,120.0,633.69,27.18,15.19,700.0,1200.0
2025,Aug,Kuruvai/Sornavari,COIMBATORE,kudirai masi,forage crops,Well drained sandy loam and clayey loam soils ,6.5,7.5,45.0,55.0,195.24,32.06,23.61,300.0,350.0
2022,May,Navarai/Kodai,RAMANATHANPURAM,velimasal,forage crops,Well drained sandy loam and clayey loam soils ,5.8,7.0,45.0,55.0,219.49,36.6,25.56,300.0,350.0
2024,Jul,Kuruvai/Sornavari,ARIYALUR,muskmelon,vegetables,Sandy Loam,6.5,7.5,70.0,100.0,348.49,35.6,29.81,900.0,1200.0
2023,Jan,Navarai/Kodai,KRISHNAGIRI,chowchow,vegetables,Loamy soil/ Lateritic soil,5.5,6.5,150.0,150.0,692.37,24.58,22.17,1200.0,1500.0
2021,Aug,Kuruvai/Sornavari,THIRUVALLUR,fodder cholam,forage crops,Well drained sandy loam and clayey loam soils ,5.5,7.5,1095.0,1095.0,136.15,30.55,24.34,300.0,350.0
2021,Aug,Kuruvai/Sornavari,ERODE,ash gourd,vegetables,Sandy loam,6.0,6.7,120.0,120.0,711.82,31.15,23.51,900.0,1200.0
2023,Jun,Kuruvai/Sornavari,THALAVADI HILLS,greengram,pulses,well-drained sandy loams or sandy soils ,6.5,7.5,100.0,100.0,446.25,35.66,24.25,850.0,1000.0
2024,Mar,Navarai/Kodai,VILLUPURAM,watermelon,vegetables,Sandy,6.0,7.5,70.0,85.0,620.37,26.59,22.96,900.0,1200.0
2022,Feb,Navarai/Kodai,JAWAD HILLS,sweet potato,Root&tuber,well-drained soil,5.7,6.7,90.0,120.0,467.44,25.94,25.2,1000.0,1000.0
2021,Jul,Kuruvai/Sornavari,THIRUPPUR,groundnut,oil seeds,Well-drained sandy loam or sandy clay loam soil ,6.5,7.0,140.0,150.0,253.83,42.85,11.73,500.0,700.0
2023,Sep,Kuruvai/Sornavari,KARUR,elephant foot yam,Root&tuber,Rich red loamy soil,5.5,7.0,240.0,240.0,581.78,32.48,29.96,1000.0,1500.0
2024,Aug,Kuruvai/Sornavari,MADURAI,Celery,minor vegetables,Sandy loam,5.8,6.8,120.0,150.0,283.15,22.54,18.59,900.0,1200.0
2025,Aug,Kuruvai/Sornavari,SIVAGANGAI,gherkins,vegetables,Sandy loam,5.8,7.0,90.0,90.0,368.57,30.49,18.41,900.0,1200.0
2023,Nov,Samba/Thaladi,SIVAGANGAI,cumbu napier hybrid,forage crops,Well drained sandy loam and clayey loam soils ,5.0,8.6,45.0,55.0,385.14,25.25,21.03,800.0,1000.0
2023,Jun,Kuruvai/Sornavari,SALEM,broadbean,vegetables,Well drained loamy soil,5.5,6.0,80.0,100.0,624.56,24.02,11.89,900.0,1200.0
2023,Nov,Samba/Thaladi,ERODE,thinai,millets,"alluvial,loamy ",5.5,7.0,85.0,90.0,409.7,25.32,21.41,500.0,900.0
2025,Jan,Navarai/Kodai,TIRUVARUR,Ceylon spinach,minor vegetables,Sandy loam,6.5,7.0,40.0,50.0,410.07,24.72,10.61,900.0,1200.0
2025,Feb,Navarai/Kodai,DINDIGUL,panivaragu,millets,sandy loam to clays of black cotton soils,5.5,7.0,70.0,75.0,100.88,41.36,12.07,330.0,350.0
2021,Nov,Samba/Thaladi,KRISHNAGIRI,tapoica,Root&tuber,Red lateritic loam,5.5,7.0,270.0,300.0,524.49,30.65,26.93,1000.0,1000.0
2023,Oct,Samba/Thaladi,THOOTHUKUDI,Winged Bean,minor vegetables,Sandy loam,7.0,12.0,42.0,42.0,688.39,27.66,25.01,900.0,1200.0
2024,Nov,Samba/Thaladi,THOOTHUKUDI,Turnip,minor vegetables,Loamy soil,5.5,6.8,42.0,56.0,446.11,20.67,13.41,900.0,1200.0
2025,Jun,Kuruvai/Sornavari,THIRUVANNAMALAI,Butter bean,minor vegetables,Sandy loam,6.0,7.0,80.0,100.0,356.87,27.76,18.47,900.0,1200.0
2023,Apr,Navarai/Kodai,VIRUDHUNAGAR,sorghum,millets,well-drained loamy soils,6.0,7.5,95.0,105.0,295.34,40.21,13.23,450.0,650.0
2024,Mar,Navarai/Kodai,DINDIGUL,samai,millets,Loamy Soil,8.5,9.0,80.0,100.0,304.15,36.34,25.27,480.0,750.0
2022,Mar,Navarai/Kodai,ARIYALUR,fodder maize,forage crops,Well drained sandy loam and clayey loam soils ,5.5,8.0,60.0,70.0,283.99,40.64,11.34,500.0,480.0
2023,Jul,Kuruvai/Sornavari,CUDDALORE,fodder cowpea,forage crops,Well drained sandy loam and clayey loam soils ,5.0,6.5,50.0,65.0,103.69,26.34,19.17,300.0,350.0
2021,Nov,Samba/Thaladi,SIVAGANGAI,Pearl millet,millets,"clay, clay loam, or sandy loam soils",5.5,7.5,75.0,85.0,93.02,44.0,12.98,350.0,500.0
2023,Oct,Samba/Thaladi,JAWAD HILLS,Brussels sprout,minor vegetables,Sandy loam,6.5,6.8,12.0,12.0,478.81,25.59,19.34,900.0,1200.0
2023,Apr,Navarai/Kodai,HILLY REGIONS OF SHEVROY,redgram,pulses,deep loam soils,6.5,7.0,120.0,150.0,929.17,30.63,18.98,600.0,1400.0
2021,Jul,Kuruvai/Sornavari,VIRUDHUNAGAR,bellary onion,minor vegetables,Sandy loam,5.8,6.5,150.0,150.0,553.73,25.22,17.48,900.0,1200.0
2023,Oct,Samba/Thaladi,NAGAPATTINAM,jute,fibre crop,Sandy and Clay Loam,6.0,7.5,120.0,140.0,265.93,33.91,24.6,1000.0,1300.0
2021,Dec,Samba/Thaladi,CAUVERY,vegetable cowpea,vegetables,Sandy loam,5.6,6.0,45.0,90.0,468.29,26.12,18.05,900.0,1200.0
2025,Aug,Kuruvai/Sornavari,THENI,blackgram,pulses,sandy soils to heavy cotton soils,6.5,7.8,70.0,75.0,500.06,43.74,21.63,600.0,1000.0
2022,Jan,Navarai/Kodai,THIRUVANNAMALAI,varagu,millets,clay-based soil,5.5,6.5,120.0,120.0,345.37,25.11,23.46,500.0,900.0
2025,Dec,Samba/Thaladi,VIRUDHUNAGAR,gingely,oil seeds,"Loams, silt loams, clay loams, or silty clay loams",5.5,8.0,85.0,90.0,141.84,32.93,26.11,350.0,400.0
2025,Mar,Navarai/Kodai,NAGAPATTINAM,kollukattai pullu,forage crops,Well drained sandy loam and clayey loam soils ,7.0,7.5,45.0,55.0,273.75,28.29,24.12,500.0,480.0
2023,Jan,Navarai/Kodai,KANCHEEPURAM,pumpkin,vegetables,Loamy soil/ Lateritic soil,6.0,7.0,115.0,120.0,751.09,25.81,22.44,900.0,1200.0
2022,Apr,Navarai/Kodai,KRISHNAGIRI,Mint,minor vegetables,Loamy soil,6.5,7.0,100.0,120.0,709.74,25.49,23.59,1000.0,1100.0
2021,Jun,Kuruvai/Sornavari,THE NILGRIS,fodder cholam,forage crops,Well drained sandy loam and clayey loam soils ,5.5,7.5,1095.0,1095.0,115.58,35.04,26.11,300.0,350.0
2023,Nov,Samba/Thaladi,PUDUKKOTTAI,kudiraivali,millets,Loamy Soil,5.5,7.0,75.0,95.0,374.76,24.92,20.75,500.0,900.0
2022,May,Navarai/Kodai,MADURAI,ragi,millets,"red, black, sandy, loamy and shallow black soils.",5.0,8.2,100.0,120.0,760.77,28.73,10.62,700.0,1200.0
2022,Sep,Kuruvai/Sornavari,TIRUVARUR,Rhubarb,minor vegetables,Sandy loam,6.0,6.8,56.0,70.0,264.32,25.18,10.0,900.0,1200.0
2021,Aug,Kuruvai/Sornavari,ERODE,samai,millets,Loamy Soil,8.5,9.0,80.0,100.0,192.91,35.6,29.37,480.0,750.0
2024,Nov,Samba/Thaladi,THENI,chinese potato,Root&tuber,well-drained soil,4.8,5.8,120.0,150.0,633.28,23.63,13.2,1000.0,1000.0
2024,Oct,Samba/Thaladi,KANCHEEPURAM,wheat,cereals,Well Drained,6.0,7.0,80.0,90.0,248.36,25.97,22.84,450.0,650.0
2024,Jun,Kuruvai/Sornavari,CAUVERY,capsicum,vegetables,Loamy soil/ Lateritic soil,5.5,7.0,60.0,60.0,392.93,31.52,15.53,500.0,1200.0
2024,Mar,Navarai/Kodai,THIRUVANNAMALAI,annual moringa,vegetables,Sandy loam,6.5,8.0,210.0,240.0,697.25,31.13,23.09,900.0,1200.0
2021,Oct,Samba/Thaladi,THE NILGRIS,guinea grass,forage crops,Well drained sandy loam and clayey loam soils ,5.0,7.0,45.0,55.0,297.41,35.64,15.22,1000.0,480.0
2023,Jun,Kuruvai/Sornavari,CUDDALORE,jute,fibre crop,Sandy and Clay Loam,6.0,7.5,120.0,140.0,500.25,37.41,24.52,1000.0,1300.0
2023,Jun,Kuruvai/Sornavari,SALEM,wheat,cereals,Well Drained,6.0,7.0,80.0,90.0,346.72,25.66,22.05,450.0,650.0
2022,Oct,Samba/Thaladi,PUDUKKOTTAI,kollukattai pullu,forage crops,Well drained sandy loam and clayey loam soils ,7.0,7.5,45.0,55.0,262.46,26.2,24.11,500.0,480.0
2025,Jul,Kuruvai/Sornavari,THIRUVALLUR,pumpkin,vegetables,Loamy soil/ Lateritic soil,6.0,7.0,115.0,120.0,775.9,28.83,16.21,900.0,1200.0
2022,Feb,Navarai/Kodai,THE NILGRIS,tapoica,Root&tuber,Red lateritic loam,5.5,7.0,270.0,300.0,274.28,28.17,23.21,1000.0,1000.0
2023,Jun,Kuruvai/Sornavari,SALEM,fodder cholam,forage crops,Well drained sandy loam and clayey loam soils ,5.5,7.5,1095.0,1095.0,163.14,34.73,28.44,300.0,350.0
2023,Jan,Navarai/Kodai,THOOTHUKUDI,french bean,vegetables,Well drained loamy soil,5.5,6.0,40.0,50.0,327.15,26.75,14.28,900.0,1200.0
2023,May,Navarai/Kodai,CUDDALORE,Cabbage,colecrops,LoamySandy,6.0,6.5,80.0,180.0,145.99,26.73,10.4,380.0,500.0
2021,Feb,Navarai/Kodai,THIRUCHIRAPALLI,rice,cereals,Alluvia or loamy and clayey soil,5.0,8.0,150.0,150.0,308.74,36.09,19.09,900.0,2500.0
2022,Jun,Kuruvai/Sornavari,THIRUPPUR,beetroot,Root&tuber,all types of friable soil,6.0,7.0,45.0,65.0,603.46,24.26,19.69,1000.0,1000.0
2023,Dec,Samba/Thaladi,THOOTHUKUDI,fieldlablab,pulses,Well drained loamy soil,6.2,7.0,105.0,105.0,653.09,26.17,17.03,650.0,1000.0
2025,Jan,Navarai/Kodai,THE NILGRIS,Brussels sprout,minor vegetables,Sandy loam,6.5,6.8,12.0,12.0,443.05,26.87,13.56,900.0,1200.0
2022,Sep,Kuruvai/Sornavari,THIRUCHIRAPALLI,onion,vegetables, Any Loamy,5.8,6.5,100.0,120.0,214.76,26.17,24.98,350.0,550.0
2025,Apr,Navarai/Kodai,THENI,varagu,millets,clay-based soil,5.5,6.5,120.0,120.0,553.88,27.97,23.34,500.0,900.0
2023,Dec,Samba/Thaladi,THIRUPPUR,tapoica,Root&tuber,Red lateritic loam,5.5,7.0,270.0,300.0,620.54,30.26,26.68,1000.0,1000.0
2025,Sep,Kuruvai/Sornavari,JAWAD HILLS,bhendi,vegetables,Loamy soil/ Lateritic soil,6.0,6.8,55.0,65.0,794.0,28.44,28.67,1200.0,2200.0
2025,Jan,Navarai/Kodai,THENI,fodder cowpea,forage crops,Well drained sandy loam and clayey loam soils ,5.0,6.5,50.0,65.0,104.9,26.66,21.14,300.0,350.0
2022,May,Navarai/Kodai,VELLORE,castor,oil seeds,"Loams, silt loams, clay loams, or silty clay loams",5.0,8.5,120.0,160.0,196.18,25.15,24.2,500.0,500.0
2021,Feb,Navarai/Kodai,KRISHNAGIRI,Bread fruit,minor vegetables,Sandy loam,6.1,7.4,100.0,100.0,735.35,37.7,18.19,2030.0,2540.0
2023,Oct,Samba/Thaladi,THIRUNELVELI,sorghum,millets,well-drained loamy soils,6.0,7.5,95.0,105.0,299.67,36.27,19.36,450.0,650.0
2025,Nov,Samba/Thaladi,JAWAD HILLS,greengram,pulses,well-drained sandy loams or sandy soils ,6.5,7.5,100.0,100.0,643.6,33.37,25.53,850.0,1000.0
2022,May,Navarai/Kodai,VILLUPURAM,cucumber,vegetables,Loamy,6.5,7.5,120.0,120.0,422.11,31.0,29.31,1200.0,1500.0
2022,Apr,Navarai/Kodai,PERAMBALUR,celery,greenleafy,Silt Loam to loamy,6.0,8.5,120.0,150.0,329.18,28.86,12.82,1000.0,1000.0
2021,Apr,Navarai/Kodai,THIRUPPUR,fodder maize,forage crops,Well drained sandy loam and clayey loam soils ,5.5,8.0,60.0,70.0,131.52,42.69,12.52,500.0,480.0
2021,Nov,Samba/Thaladi,THENI,Chekurmanis,minor vegetables,Sandy loam,5.5,7.5,90.0,120.0,679.46,30.57,28.09,900.0,1200.0
2021,Aug,Kuruvai/Sornavari,ARIYALUR,castor,oil seeds,"Loams, silt loams, clay loams, or silty clay loams",5.0,8.5,120.0,160.0,312.3,25.36,24.43,500.0,500.0
2024,Oct,Samba/Thaladi,THENI,maize,millets,temperate podzols to the leached red soils of the tropics. ,5.5,7.0,105.0,110.0,158.38,28.2,20.4,500.0,800.0
2023,Mar,Navarai/Kodai,ARIYALUR,gherkins,vegetables,Sandy loam,5.8,7.0,90.0,90.0,424.54,36.02,13.71,900.0,1200.0
2022,Feb,Navarai/Kodai,THIRUCHIRAPALLI,amaranthus,greenleafy,Silt Loam to loamy,6.5,7.5,70.0,75.0,378.81,25.28,19.81,1000.0,1000.0
2025,Mar,Navarai/Kodai,HILLY REGIONS OF SHEVROY,Lettuce,minor vegetables,Sandy loam,6.0,6.5,45.0,55.0,498.27,24.65,18.06,900.0,1200.0
2023,Oct,Samba/Thaladi,NAMAKAL,fodder cumbu,forage crops,Well drained sandy loam and clayey loam soils ,4.0,7.5,45.0,120.0,197.99,36.21,28.67,500.0,480.0
2023,Oct,Samba/Thaladi,THENI,Pearl millet,millets,"clay, clay loam, or sandy loam soils",5.5,7.5,75.0,85.0,314.96,40.2,14.94,350.0,500.0
2022,Sep,Kuruvai/Sornavari,VILLUPURAM,cluster bean,vegetables,Sandy Loam,7.0,8.5,60.0,90.0,595.3,25.77,20.43,900.0,1200.0
2023,Apr,Navarai/Kodai,VIRUDHUNAGAR,peas,vegetables,Sandy loam,6.5,7.5,60.0,70.0,716.29,25.26,12.5,900.0,1200.0
2024,Aug,Kuruvai/Sornavari,DHARMAPURI,cauliflower,colecrops,LoamySandy,6.5,6.8,55.0,100.0,175.11,30.68,10.0,380.0,500.0
2021,Sep,Kuruvai/Sornavari,THE NILGRIS,chowchow,vegetables,Loamy soil/ Lateritic soil,5.5,6.5,150.0,150.0,689.88,24.17,20.42,1200.0,1500.0
2023,Nov,Samba/Thaladi,THIRUVANNAMALAI,panivaragu,millets,sandy loam to clays of black cotton soils,5.5,7.0,70.0,75.0,139.16,41.59,14.34,330.0,350.0
2024,Aug,Kuruvai/Sornavari,NAGAPATTINAM,varagu,millets,clay-based soil,5.5,6.5,120.0,120.0,506.12,25.52,25.89,500.0,900.0
2024,Mar,Navarai/Kodai,DINDIGUL,Winged Bean,minor vegetables,Sandy loam,7.0,12.0,42.0,42.0,584.02,25.15,24.09,900.0,1200.0
2022,Sep,Kuruvai/Sornavari,PERAMBALUR,Coccinia,minor vegetables,Sandy loam,6.0,6.5,90.0,90.0,488.39,33.13,24.29,900.0,1200.0
2023,Feb,Navarai/Kodai,MADURAI,Mint,minor vegetables,Loamy soil,6.5,7.0,100.0,120.0,358.52,25.05,23.53,1000.0,1100.0
2024,May,Navarai/Kodai,VILLUPURAM,thinai,millets,"alluvial,loamy ",5.5,7.0,85.0,90.0,209.67,28.83,21.47,500.0,900.0
2022,Dec,Samba/Thaladi,NAGAPATTINAM,sugarcane,sugar crops,Clayey Loamy Soil/ Black Cotton Soil/ Red Loamy Soil/ Brown Loamy Soil,6.5,8.0,300.0,330.0,1346.78,26.04,25.13,1500.0,2500.0
2022,Apr,Navarai/Kodai,CAUVERY,sugarbeet,sugar crops,Well drained sandy loam and clayey loam soils ,6.0,8.0,150.0,180.0,250.31,26.92,17.29,600.0,800.0
2021,Jun,Kuruvai/Sornavari,CAUVERY,lablab,vegetables,Well drained loamy soil,6.5,8.5,70.0,75.0,545.93,30.9,23.32,900.0,1200.0
2024,Sep,Kuruvai/Sornavari,KRISHNAGIRI,bottle gourd,vegetables,Sandy loam,6.0,6.7,120.0,120.0,647.09,26.71,20.14,900.0,1200.0
2023,Oct,Samba/Thaladi,VELLORE,kollukattai pullu,forage crops,Well drained sandy loam and clayey loam soils ,7.0,7.5,45.0,55.0,213.2,28.2,23.92,500.0,480.0
2024,Sep,Kuruvai/Sornavari,NAGAPATTINAM,snake gourd,vegetables,Loamy soil/ Lateritic soil,6.0,6.7,90.0,90.0,272.35,26.94,18.35,900.0,1200.0
2024,Nov,Samba/Thaladi,KARUR,thinai,millets,"alluvial,loamy ",5.5,7.0,85.0,90.0,570.24,27.89,21.05,500.0,900.0
2021,Jul,Kuruvai/Sornavari,SALEM,brinjal,vegetables,Loamy soil/ Lateritic soil,6.0,7.5,100.0,150.0,318.16,30.47,21.69,900.0,1200.0
2023,Oct,Samba/Thaladi,THIRUCHIRAPALLI,colocasia,Root&tuber,Well grained deep loamy moist and alluviual soil,5.5,7.0,150.0,180.0,648.4,35.75,18.31,1000.0,1000.0
2025,Dec,Samba/Thaladi,RAMANATHANPURAM,cluster bean,vegetables,Sandy Loam,7.0,8.5,60.0,90.0,720.55,25.39,22.28,900.0,1200.0
2023,Sep,Kuruvai/Sornavari,THOOTHUKUDI,blackgram,pulses,sandy soils to heavy cotton soils,6.5,7.8,70.0,75.0,519.44,38.32,23.48,600.0,1000.0
2022,Apr,Navarai/Kodai,SIVAGANGAI,Lettuce,minor vegetables,Sandy loam,6.0,6.5,45.0,55.0,576.14,24.81,22.54,900.0,1200.0
2021,May,Navarai/Kodai,TANJORE,colocasia,Root&tuber,Well grained deep loamy moist and alluviual soil,5.5,7.0,150.0,180.0,495.72,31.57,22.35,1000.0,1000.0
2023,Oct,Samba/Thaladi,ERODE,watermelon,vegetables,Sandy,6.0,7.5,70.0,85.0,468.89,28.63,25.25,900.0,1200.0
2023,Jul,Kuruvai/Sornavari,DINDIGUL,horsegram,pulses, light to heavy soils ,6.0,7.5,100.0,105.0,264.82,35.92,26.59,800.0,800.0
2025,Mar,Navarai/Kodai,VILLUPURAM,varagu,millets,clay-based soil,5.5,6.5,120.0,120.0,266.19,26.21,27.19,500.0,900.0
2024,Apr,Navarai/Kodai,THOOTHUKUDI,thinai,millets,"alluvial,loamy ",5.5,7.0,85.0,90.0,430.22,30.99,24.53,500.0,900.0
2022,Sep,Kuruvai/Sornavari,SALEM,bitter gourd,vegetables,Well drained loamy soil,6.5,7.0,55.0,60.0,288.68,25.16,25.63,900.0,1200.0
2022,May,Navarai/Kodai,TANJORE,muskmelon,vegetables,Sandy Loam,6.5,7.5,70.0,100.0,541.42,30.73,28.86,900.0,1200.0
2025,Jan,Navarai/Kodai,ARIYALUR,Chinese cabbage,minor vegetables,Sandy loam,5.5,7.0,50.0,80.0,558.54,24.68,20.0,900.0,1200.0
2024,Dec,Samba/Thaladi,TANJORE,castor,oil seeds,"Loams, silt loams, clay loams, or silty clay loams",5.0,8.5,120.0,160.0,203.39,27.83,26.84,500.0,500.0
2021,Nov,Samba/Thaladi,NAMAKAL,watermelon,vegetables,Sandy,6.0,7.5,70.0,85.0,307.14,28.6,22.72,900.0,1200.0
2022,Jan,Navarai/Kodai,RAMANATHANPURAM,Mint,minor vegetables,Loamy soil,6.5,7.0,100.0,120.0,656.94,25.2,22.93,1000.0,1100.0
2021,Oct,Samba/Thaladi,KANCHEEPURAM,sweet sorghum,sugar crops,Well drained sandy loam and clayey loam soils ,6.0,8.5,115.0,125.0,298.02,30.15,29.95,500.0,600.0
2021,Dec,Samba/Thaladi,THIRUNELVELI,cowpea,pulses, well-drained sandy loams or sandy soils ,5.0,6.5,60.0,90.0,452.55,28.38,18.83,400.0,700.0
2022,Jan,Navarai/Kodai,VIRUDHUNAGAR,cowpea,pulses, well-drained sandy loams or sandy soils ,5.0,6.5,60.0,90.0,422.43,31.67,19.59,400.0,700.0
2022,Jul,Kuruvai/Sornavari,VIRUDHUNAGAR,Asparagus,minor vegetables,Sandy loam,6.0,6.7,730.0,730.0,797.56,28.44,14.37,900.0,1200.0
2025,Aug,Kuruvai/Sornavari,PUDUKKOTTAI,sweet sorghum,sugar crops,Well drained sandy loam and clayey loam soils ,6.0,8.5,115.0,125.0,264.09,26.86,27.54,500.0,600.0
2021,Jan,Navarai/Kodai,THOOTHUKUDI,fodder cumbu,forage crops,Well drained sandy loam and clayey loam soils ,4.0,7.5,45.0,120.0,185.15,32.04,25.35,500.0,480.0
2025,Jun,Kuruvai/Sornavari,COIMBATORE,snake gourd,vegetables,Loamy soil/ Lateritic soil,6.0,6.7,90.0,90.0,789.49,27.13,21.76,900.0,1200.0
2025,Nov,Samba/Thaladi,KOLLI HILLS,gherkins,vegetables,Sandy loam,5.8,7.0,90.0,90.0,757.49,36.98,19.3,900.0,1200.0
2023,Oct,Samba/Thaladi,PERAMBALUR,fieldlablab,pulses,Well drained loamy soil,6.2,7.0,105.0,105.0,372.34,28.86,21.53,650.0,1000.0
2021,Apr,Navarai/Kodai,CUDDALORE,lablab,vegetables,Well drained loamy soil,6.5,8.5,70.0,75.0,492.88,34.69,20.19,900.0,1200.0
2023,May,Navarai/Kodai,VIRUDHUNAGAR,Coccinia,minor vegetables,Sandy loam,6.0,6.5,90.0,90.0,269.84,31.55,21.87,900.0,1200.0
2024,Apr,Navarai/Kodai,NAGAPATTINAM,peas,vegetables,Sandy loam,6.5,7.5,60.0,70.0,438.28,27.84,10.16,900.0,1200.0
2021,Jul,Kuruvai/Sornavari,THALAVADI HILLS,french bean,vegetables,Well drained loamy soil,5.5,6.0,40.0,50.0,419.47,26.73,11.78,900.0,1200.0
2024,Jan,Navarai/Kodai,VELLORE,broadbean,vegetables,Well drained loamy soil,5.5,6.0,80.0,100.0,379.81,23.9,13.92,900.0,1200.0
2023,May,Navarai/Kodai,THIRUCHIRAPALLI,bengalgram,pulses,medium to heavy black soil,5.5,7.0,90.0,120.0,257.99,28.14,24.39,650.0,1000.0
2025,Mar,Navarai/Kodai,MADURAI,amaranthus,greenleafy,Silt Loam to loamy,6.5,7.5,70.0,75.0,381.39,31.9,19.97,1000.0,1000.0
2023,Oct,Samba/Thaladi,KOLLI HILLS,ash gourd,vegetables,Sandy loam,6.0,6.7,120.0,120.0,475.96,29.68,22.64,900.0,1200.0
2025,Mar,Navarai/Kodai,THOOTHUKUDI,Chekurmanis,minor vegetables,Sandy loam,5.5,7.5,90.0,120.0,565.22,36.78,24.33,900.0,1200.0
2025,Nov,Samba/Thaladi,PUDUKKOTTAI,tinda,vegetables,Sandy loam,6.5,7.5,70.0,70.0,605.01,28.45,24.3,900.0,1200.0
2021,Mar,Navarai/Kodai,RAMANATHANPURAM,Bread fruit,minor vegetables,Sandy loam,6.1,7.4,100.0,100.0,917.14,33.33,15.68,2030.0,2540.0
2023,Oct,Samba/Thaladi,CAUVERY,paprika,vegetables,Sandy loam,5.8,6.5,160.0,180.0,328.11,31.87,23.77,700.0,1000.0
2023,Dec,Samba/Thaladi,JAWAD HILLS,pumpkin,vegetables,Loamy soil/ Lateritic soil,6.0,7.0,115.0,120.0,750.44,28.82,19.58,900.0,1200.0
2022,Oct,Samba/Thaladi,COIMBATORE,snake gourd,vegetables,Loamy soil/ Lateritic soil,6.0,6.7,90.0,90.0,730.28,26.27,17.63,900.0,1200.0
2024,Apr,Navarai/Kodai,KRISHNAGIRI,small onion,bulbvegetables,Sandy loam,6.0,7.0,70.0,90.0,249.78,26.2,14.97,650.0,750.0
2022,Jul,Kuruvai/Sornavari,TIRUVARUR,redgram,pulses,deep loam soils,6.5,7.0,120.0,150.0,593.17,30.96,22.7,600.0,1400.0
2021,Nov,Samba/Thaladi,SIVAGANGAI,Basella,minor vegetables,Sandy loam,5.5,8.0,70.0,70.0,569.47,32.19,19.81,900.0,1200.0
2023,Jan,Navarai/Kodai,THE NILGRIS,Cabbage,colecrops,LoamySandy,6.0,6.5,80.0,180.0,175.82,25.73,11.5,380.0,500.0
2024,Nov,Samba/Thaladi,PUDUKKOTTAI,gardenlablab,pulses,wide range of soils,6.0,7.0,75.0,100.0,299.1,33.32,21.01,650.0,1000.0
2023,Nov,Samba/Thaladi,KANYAKUMARI,Turnip,minor vegetables,Loamy soil,5.5,6.8,42.0,56.0,559.32,22.8,14.32,900.0,1200.0
2022,Jul,Kuruvai/Sornavari,NAMAKAL,curry leaf,greenleafy,Red sandy loam,5.2,5.5,90.0,85.0,352.65,37.82,26.94,1000.0,1000.0
2023,Dec,Samba/Thaladi,VILLUPURAM,thinai,millets,"alluvial,loamy ",5.5,7.0,85.0,90.0,455.32,28.82,19.04,500.0,900.0
2025,Apr,Navarai/Kodai,THIRUCHIRAPALLI,Chinese cabbage,minor vegetables,Sandy loam,5.5,7.0,50.0,80.0,627.96,24.84,13.11,900.0,1200.0
2022,Feb,Navarai/Kodai,HILLY REGIONS OF SHEVROY,niger,oil seeds,"Loams, silt loams, clay loams, or silty clay loams",5.2,7.3,80.0,80.0,520.5,25.0,15.4,1000.0,1300.0
2022,Feb,Navarai/Kodai,RAMANATHANPURAM,gherkins,vegetables,Sandy loam,5.8,7.0,90.0,90.0,365.96,36.49,17.92,900.0,1200.0
2021,Oct,Samba/Thaladi,HILLY REGIONS OF SHEVROY,watermelon,vegetables,Sandy,6.0,7.5,70.0,85.0,545.21,25.76,23.48,900.0,1200.0
2024,Oct,Samba/Thaladi,NAGAPATTINAM,chinese potato,Root&tuber,well-drained soil,4.8,5.8,120.0,150.0,406.74,22.14,15.56,1000.0,1000.0
2024,Nov,Samba/Thaladi,COIMBATORE,muyal masal,forage crops,Well drained sandy loam and clayey loam soils ,5.5,7.5,75.0,65.0,186.78,31.98,28.85,500.0,480.0
2025,Jul,Kuruvai/Sornavari,THIRUNELVELI,brinjal,vegetables,Loamy soil/ Lateritic soil,6.0,7.5,100.0,150.0,514.16,31.47,18.38,900.0,1200.0
2024,Apr,Navarai/Kodai,PUDUKKOTTAI,lablab,vegetables,Well drained loamy soil,6.5,8.5,70.0,75.0,488.24,33.25,20.72,900.0,1200.0
2023,Jul,Kuruvai/Sornavari,TIRUVARUR,Lettuce,minor vegetables,Sandy loam,6.0,6.5,45.0,55.0,624.8,24.35,16.66,900.0,1200.0
2021,Jul,Kuruvai/Sornavari,VILLUPURAM,fieldlablab,pulses,Well drained loamy soil,6.2,7.0,105.0,105.0,624.62,25.11,16.12,650.0,1000.0
2023,May,Navarai/Kodai,THE NILGRIS,rice,cereals,Alluvia or loamy and clayey soil,5.0,8.0,150.0,150.0,678.2,35.22,22.45,900.0,2500.0
2024,Dec,Samba/Thaladi,VIRUDHUNAGAR,muyal masal,forage crops,Well drained sandy loam and clayey loam soils ,5.5,7.5,75.0,65.0,165.36,34.83,29.19,500.0,480.0
2023,May,Navarai/Kodai,ERODE,fodder cowpea,forage crops,Well drained sandy loam and clayey loam soils ,5.0,6.5,50.0,65.0,161.46,29.35,22.21,300.0,350.0
2024,Jul,Kuruvai/Sornavari,DINDIGUL,greengram,pulses,well-drained sandy loams or sandy soils ,6.5,7.5,100.0,100.0,559.08,35.92,25.81,850.0,1000.0
2023,Apr,Navarai/Kodai,VILLUPURAM,tinda,vegetables,Sandy loam,6.5,7.5,70.0,70.0,320.61,30.03,24.58,900.0,1200.0
2024,Sep,Kuruvai/Sornavari,THIRUPPUR,Pearl millet,millets,"clay, clay loam, or sandy loam soils",5.5,7.5,75.0,85.0,205.47,43.84,12.81,350.0,500.0
2023,Mar,Navarai/Kodai,NAMAKAL,blackgram,pulses,sandy soils to heavy cotton soils,6.5,7.8,70.0,75.0,384.54,42.04,24.07,600.0,1000.0
2022,Feb,Navarai/Kodai,DHARMAPURI,velimasal,forage crops,Well drained sandy loam and clayey loam soils ,5.8,7.0,45.0,55.0,90.78,34.89,25.18,300.0,350.0
2023,Feb,Navarai/Kodai,SALEM,small onion,bulbvegetables,Sandy loam,6.0,7.0,70.0,90.0,346.65,25.03,20.31,650.0,750.0
2021,Aug,Kuruvai/Sornavari,THIRUVANNAMALAI,Butter bean,minor vegetables,Sandy loam,6.0,7.0,80.0,100.0,273.7,26.4,21.05,900.0,1200.0
2022,Oct,Samba/Thaladi,DHARMAPURI,rice,cereals,Alluvia or loamy and clayey soil,5.0,8.0,150.0,150.0,1560.42,40.53,22.24,900.0,2500.0
2025,May,Navarai/Kodai,TANJORE,onion,vegetables, Any Loamy,5.8,6.5,100.0,120.0,358.08,26.25,20.01,350.0,550.0
2024,Oct,Samba/Thaladi,ERODE,gardenlablab,pulses,wide range of soils,6.0,7.0,75.0,100.0,544.79,35.97,19.79,650.0,1000.0
2022,Jun,Kuruvai/Sornavari,THALAVADI HILLS,fieldlablab,pulses,Well drained loamy soil,6.2,7.0,105.0,105.0,241.25,29.54,17.93,650.0,1000.0
2022,Sep,Kuruvai/Sornavari,TANJORE,horsegram,pulses, light to heavy soils ,6.0,7.5,100.0,105.0,256.98,37.92,24.12,800.0,800.0
2021,Jun,Kuruvai/Sornavari,NAGAPATTINAM,groundnut,oil seeds,Well-drained sandy loam or sandy clay loam soil ,6.5,7.0,140.0,150.0,460.1,42.04,14.82,500.0,700.0
2022,Aug,Kuruvai/Sornavari,CHENGLEPUT,sweet potato,Root&tuber,well-drained soil,5.7,6.7,90.0,120.0,494.59,26.14,24.66,1000.0,1000.0
2024,Dec,Samba/Thaladi,VELLORE,Butter bean,minor vegetables,Sandy loam,6.0,7.0,80.0,100.0,443.94,28.88,21.93,900.0,1200.0
2024,Feb,Navarai/Kodai,VILLUPURAM,Pearl millet,millets,"clay, clay loam, or sandy loam soils",5.5,7.5,75.0,85.0,96.6,41.6,15.8,350.0,500.0
2024,Sep,Kuruvai/Sornavari,COIMBATORE,fodder maize,forage crops,Well drained sandy loam and clayey loam soils ,5.5,8.0,60.0,70.0,288.65,41.79,10.03,500.0,480.0
2024,Oct,Samba/Thaladi,TIRUVARUR,swordbean,pulses, well-drained sandy loams or sandy soils ,5.0,6.0,110.0,120.0,805.77,35.98,11.64,900.0,1500.0
2024,Jul,Kuruvai/Sornavari,KRISHNAGIRI,velimasal,forage crops,Well drained sandy loam and clayey loam soils ,5.8,7.0,45.0,55.0,122.68,34.41,25.38,300.0,350.0
2023,Aug,Kuruvai/Sornavari,THIRUVALLUR,varagu,millets,clay-based soil,5.5,6.5,120.0,120.0,172.8,27.85,28.78,500.0,900.0
2025,Aug,Kuruvai/Sornavari,PERAMBALUR,gingely,oil seeds,"Loams, silt loams, clay loams, or silty clay loams",5.5,8.0,85.0,90.0,133.01,33.38,24.54,350.0,400.0
2021,Mar,Navarai/Kodai,THIRUNELVELI,vegetable cowpea,vegetables,Sandy loam,5.6,6.0,45.0,90.0,756.07,27.03,19.63,900.0,1200.0
2024,Dec,Samba/Thaladi,THALAVADI HILLS,swordbean,pulses, well-drained sandy loams or sandy soils ,5.0,6.0,110.0,120.0,846.86,31.27,12.74,900.0,1500.0
2021,Feb,Navarai/Kodai,THIRUCHIRAPALLI,tapoica,Root&tuber,Red lateritic loam,5.5,7.0,270.0,300.0,575.34,26.91,26.68,1000.0,1000.0
2024,Nov,Samba/Thaladi,PERAMBALUR,cucumber,vegetables,Loamy,6.5,7.5,120.0,120.0,559.62,33.86,28.39,1200.0,1500.0
2025,Jul,Kuruvai/Sornavari,CAUVERY,muyal masal,forage crops,Well drained sandy loam and clayey loam soils ,5.5,7.5,75.0,65.0,245.04,30.52,26.25,500.0,480.0
2024,Dec,Samba/Thaladi,DHARMAPURI,bengalgram,pulses,medium to heavy black soil,5.5,7.0,90.0,120.0,511.39,25.35,18.37,650.0,1000.0
2024,Aug,Kuruvai/Sornavari,VELLORE,dioscorea,Root&tuber,well-drained soil,6.0,6.5,270.0,300.0,553.26,30.88,30.0,1000.0,2000.0
2025,May,Navarai/Kodai,TIRUVARUR,Butter bean,minor vegetables,Sandy loam,6.0,7.0,80.0,100.0,434.85,28.65,20.68,900.0,1200.0
2023,Jan,Navarai/Kodai,RAMANATHANPURAM,fodder maize,forage crops,Well drained sandy loam and clayey loam soils ,5.5,8.0,60.0,70.0,167.77,42.91,11.65,500.0,480.0
2024,Dec,Samba/Thaladi,THIRUNELVELI,celery,greenleafy,Silt Loam to loamy,6.0,8.5,120.0,150.0,584.52,29.86,16.06,1000.0,1000.0
2021,Nov,Samba/Thaladi,THOOTHUKUDI,jute,fibre crop,Sandy and Clay Loam,6.0,7.5,120.0,140.0,441.79,34.33,22.88,1000.0,1300.0
2023,Oct,Samba/Thaladi,THIRUVALLUR,Butter bean,minor vegetables,Sandy loam,6.0,7.0,80.0,100.0,736.99,27.41,19.18,900.0,1200.0
2021,Jun,Kuruvai/Sornavari,CHENGLEPUT,fodder cumbu,forage crops,Well drained sandy loam and clayey loam soils ,4.0,7.5,45.0,120.0,292.45,36.19,29.53,500.0,480.0
2025,Jul,Kuruvai/Sornavari,JAWAD HILLS,Pearl millet,millets,"clay, clay loam, or sandy loam soils",5.5,7.5,75.0,85.0,96.53,40.23,12.69,350.0,500.0
2024,Dec,Samba/Thaladi,NAMAKAL,safflower,oil seeds,"Loams, silt loams, clay loams, or silty clay loams",5.4,8.2,120.0,125.0,261.57,31.43,24.39,550.0,725.0
2023,Sep,Kuruvai/Sornavari,DHARMAPURI,fodder cumbu,forage crops,Well drained sandy loam and clayey loam soils ,4.0,7.5,45.0,120.0,290.78,36.61,23.33,500.0,480.0
2025,Jan,Navarai/Kodai,VELLORE,varagu,millets,clay-based soil,5.5,6.5,120.0,120.0,459.25,28.49,23.79,500.0,900.0
2023,Jun,Kuruvai/Sornavari,THIRUVANNAMALAI,bottle gourd,vegetables,Sandy loam,6.0,6.7,120.0,120.0,638.3,25.26,19.77,900.0,1200.0
2021,Apr,Navarai/Kodai,VILLUPURAM,fodder cowpea,forage crops,Well drained sandy loam and clayey loam soils ,5.0,6.5,50.0,65.0,138.18,27.31,18.97,300.0,350.0
2023,Jun,Kuruvai/Sornavari,NAGAPATTINAM,cumbu napier hybrid,forage crops,Well drained sandy loam and clayey loam soils ,5.0,8.6,45.0,55.0,614.33,25.91,24.6,800.0,1000.0
2024,Mar,Navarai/Kodai,PERAMBALUR,lablab,vegetables,Well drained loamy soil,6.5,8.5,70.0,75.0,543.23,32.96,23.68,900.0,1200.0
2023,Dec,Samba/Thaladi,KARUR,Lettuce,minor vegetables,Sandy loam,6.0,6.5,45.0,55.0,618.29,24.24,17.68,900.0,1200.0
2022,Oct,Samba/Thaladi,DINDIGUL,tinda,vegetables,Sandy loam,6.5,7.5,70.0,70.0,732.3,26.46,29.63,900.0,1200.0
2023,May,Navarai/Kodai,VELLORE,cucumber,vegetables,Loamy,6.5,7.5,120.0,120.0,756.11,34.0,24.72,1200.0,1500.0
2022,Aug,Kuruvai/Sornavari,THENI,onion,vegetables, Any Loamy,5.8,6.5,100.0,120.0,188.13,26.25,23.81,350.0,550.0
2022,Oct,Samba/Thaladi,MADURAI,dioscorea,Root&tuber,well-drained soil,6.0,6.5,270.0,300.0,816.79,32.45,30.0,1000.0,2000.0
2025,Jun,Kuruvai/Sornavari,SIVAGANGAI,Winged Bean,minor vegetables,Sandy loam,7.0,12.0,42.0,42.0,297.39,25.47,25.98,900.0,1200.0
2024,May,Navarai/Kodai,ARIYALUR,Chekurmanis,minor vegetables,Sandy loam,5.5,7.5,90.0,120.0,559.67,33.44,25.81,900.0,1200.0
2022,May,Navarai/Kodai,NAGAPATTINAM,varagu,millets,clay-based soil,5.5,6.5,120.0,120.0,399.36,26.15,28.55,500.0,900.0
2021,Oct,Samba/Thaladi,THENI,muyal masal,forage crops,Well drained sandy loam and clayey loam soils ,5.5,7.5,75.0,65.0,289.5,30.52,29.84,500.0,480.0
2022,Jul,Kuruvai/Sornavari,TIRUVARUR,tinda,vegetables,Sandy loam,6.5,7.5,70.0,70.0,281.16,25.06,23.01,900.0,1200.0
2023,Mar,Navarai/Kodai,THIRUNELVELI,carrot,Root&tuber,light or sandy loam soil,6.0,7.0,75.0,75.0,379.58,22.33,16.04,1000.0,1000.0
2022,Dec,Samba/Thaladi,KARUR,Asparagus,minor vegetables,Sandy loam,6.0,6.7,730.0,730.0,639.6,26.64,18.98,900.0,1200.0
2024,Jan,Navarai/Kodai,VILLUPURAM,jute,fibre crop,Sandy and Clay Loam,6.0,7.5,120.0,140.0,422.26,35.01,25.92,1000.0,1300.0
2023,Jan,Navarai/Kodai,SALEM,tobacco,other crops,Well drained sandy loam and clayey loam soils ,7.5,8.5,90.0,100.0,584.23,32.51,26.45,800.0,1000.0
2023,Nov,Samba/Thaladi,VILLUPURAM,Asparagus,minor vegetables,Sandy loam,6.0,6.7,730.0,730.0,261.21,27.56,16.45,900.0,1200.0
2023,Jan,Navarai/Kodai,THIRUVANNAMALAI,jute,fibre crop,Sandy and Clay Loam,6.0,7.5,120.0,140.0,284.14,34.88,27.68,1000.0,1300.0
2024,Apr,Navarai/Kodai,THIRUNELVELI,cumbu napier hybrid,forage crops,Well drained sandy loam and clayey loam soils ,5.0,8.6,45.0,55.0,562.92,26.9,20.53,800.0,1000.0
2025,Dec,Samba/Thaladi,CAUVERY,snake gourd,vegetables,Loamy soil/ Lateritic soil,6.0,6.7,90.0,90.0,465.27,28.96,17.5,900.0,1200.0
2024,Aug,Kuruvai/Sornavari,PUDUKKOTTAI,velimasal,forage crops,Well drained sandy loam and clayey loam soils ,5.8,7.0,45.0,55.0,195.44,31.13,23.83,300.0,350.0
2025,Apr,Navarai/Kodai,KARUR,carrot,Root&tuber,light or sandy loam soil,6.0,7.0,75.0,75.0,318.34,24.79,16.13,1000.0,1000.0
2023,Feb,Navarai/Kodai,THIRUVALLUR,groundnut,oil seeds,Well-drained sandy loam or sandy clay loam soil ,6.5,7.0,140.0,150.0,416.67,42.22,13.45,500.0,700.0
2022,Aug,Kuruvai/Sornavari,VIRUDHUNAGAR,Brussels sprout,minor vegetables,Sandy loam,6.5,6.8,12.0,12.0,401.46,26.04,16.3,900.0,1200.0
2024,Sep,Kuruvai/Sornavari,PERAMBALUR,Ceylon spinach,minor vegetables,Sandy loam,6.5,7.0,40.0,50.0,642.57,24.54,14.09,900.0,1200.0
2023,Jul,Kuruvai/Sornavari,ERODE,vegetable cowpea,vegetables,Sandy loam,5.6,6.0,45.0,90.0,546.32,26.14,18.3,900.0,1200.0
2022,May,Navarai/Kodai,VILLUPURAM,elephant foot yam,Root&tuber,Rich red loamy soil,5.5,7.0,240.0,240.0,307.77,35.56,28.12,1000.0,1500.0
2023,Aug,Kuruvai/Sornavari,THOOTHUKUDI,castor,oil seeds,"Loams, silt loams, clay loams, or silty clay loams",5.0,8.5,120.0,160.0,231.98,27.44,26.55,500.0,500.0
2025,May,Navarai/Kodai,JAWAD HILLS,Palak,minor vegetables,Sandy loam,6.5,7.0,37.0,45.0,568.19,29.92,11.63,900.0,1200.0
2021,Mar,Navarai/Kodai,VELLORE,guinea grass,forage crops,Well drained sandy loam and clayey loam soils ,5.0,7.0,45.0,55.0,295.56,39.91,17.34,1000.0,480.0
2025,Sep,Kuruvai/Sornavari,THIRUVANNAMALAI,velimasal,forage crops,Well drained sandy loam and clayey loam soils ,5.8,7.0,45.0,55.0,106.85,31.6,24.54,300.0,350.0
2022,Jun,Kuruvai/Sornavari,TIRUVARUR,ragi,millets,"red, black, sandy, loamy and shallow black soils.",5.0,8.2,100.0,120.0,278.99,28.08,15.68,700.0,1200.0
2021,Nov,Samba/Thaladi,DHARMAPURI,Chakravathi keerai,minor vegetables,Sandy loam,4.5,8.3,100.0,100.0,316.45,25.67,19.41,900.0,1200.0
2025,Apr,Navarai/Kodai,THOOTHUKUDI,paprika,vegetables,Sandy loam,5.8,6.5,160.0,180.0,287.31,32.18,26.62,700.0,1000.0
2025,Aug,Kuruvai/Sornavari,TANJORE,cauliflower,colecrops,LoamySandy,6.5,6.8,55.0,100.0,305.22,26.02,10.0,380.0,500.0
2022,May,Navarai/Kodai,KRISHNAGIRI,french bean,vegetables,Well drained loamy soil,5.5,6.0,40.0,50.0,468.46,27.58,11.99,900.0,1200.0
2022,Apr,Navarai/Kodai,CHENGLEPUT,cowpea,pulses, well-drained sandy loams or sandy soils ,5.0,6.5,60.0,90.0,330.26,30.95,24.87,400.0,700.0
2022,Sep,Kuruvai/Sornavari,PUDUKKOTTAI,capsicum,vegetables,Loamy soil/ Lateritic soil,5.5,7.0,60.0,60.0,774.99,30.66,13.91,500.0,1200.0
2023,Aug,Kuruvai/Sornavari,THIRUVANNAMALAI,jute,fibre crop,Sandy and Clay Loam,6.0,7.5,120.0,140.0,622.34,35.97,27.0,1000.0,1300.0
2023,Apr,Navarai/Kodai,THIRUVALLUR,bitter gourd,vegetables,Well drained loamy soil,6.5,7.0,55.0,60.0,292.43,28.96,25.04,900.0,1200.0
2024,Jan,Navarai/Kodai,KANYAKUMARI,rice,cereals,Alluvia or loamy and clayey soil,5.0,8.0,150.0,150.0,923.96,36.15,21.74,900.0,2500.0
2025,Feb,Navarai/Kodai,MADURAI,dioscorea,Root&tuber,well-drained soil,6.0,6.5,270.0,300.0,402.04,29.64,30.0,1000.0,2000.0
2022,Feb,Navarai/Kodai,KANYAKUMARI,fieldlablab,pulses,Well drained loamy soil,6.2,7.0,105.0,105.0,395.0,28.46,22.03,650.0,1000.0
2022,Jan,Navarai/Kodai,KOLLI HILLS,lablab,vegetables,Well drained loamy soil,6.5,8.5,70.0,75.0,599.34,36.76,22.54,900.0,1200.0
2025,Jun,Kuruvai/Sornavari,THALAVADI HILLS,broadbean,vegetables,Well drained loamy soil,5.5,6.0,80.0,100.0,735.71,23.69,12.27,900.0,1200.0
2022,Mar,Navarai/Kodai,PERAMBALUR,bengalgram,pulses,medium to heavy black soil,5.5,7.0,90.0,120.0,449.1,26.4,18.39,650.0,1000.0
2022,Dec,Samba/Thaladi,THOOTHUKUDI,bengalgram,pulses,medium to heavy black soil,5.5,7.0,90.0,120.0,661.68,29.94,22.36,650.0,1000.0
2024,Apr,Navarai/Kodai,KANYAKUMARI,bellary onion,minor vegetables,Sandy loam,5.8,6.5,150.0,150.0,673.03,25.36,13.61,900.0,1200.0
2024,Mar,Navarai/Kodai,VIRUDHUNAGAR,gingely,oil seeds,"Loams, silt loams, clay loams, or silty clay loams",5.5,8.0,85.0,90.0,179.39,31.3,24.27,350.0,400.0
2021,Jan,Navarai/Kodai,THIRUCHIRAPALLI,castor,oil seeds,"Loams, silt loams, clay loams, or silty clay loams",5.0,8.5,120.0,160.0,141.38,26.84,26.25,500.0,500.0
2025,Aug,Kuruvai/Sornavari,SALEM,broadbean,vegetables,Well drained loamy soil,5.5,6.0,80.0,100.0,602.72,23.21,12.24,900.0,1200.0
2024,Mar,Navarai/Kodai,SALEM,cauliflower,colecrops,LoamySandy,6.5,6.8,55.0,100.0,127.86,28.95,10.0,380.0,500.0
2021,Jun,Kuruvai/Sornavari,DHARMAPURI,carrot,Root&tuber,light or sandy loam soil,6.0,7.0,75.0,75.0,638.43,23.96,16.97,1000.0,1000.0
2023,Dec,Samba/Thaladi,VILLUPURAM,sunflower,oil seeds,"Loams, silt loams, clay loams, or silty clay loams",6.5,8.0,85.0,95.0,138.89,25.31,20.61,350.0,500.0
2023,Oct,Samba/Thaladi,SALEM,Lettuce,minor vegetables,Sandy loam,6.0,6.5,45.0,55.0,642.88,24.39,16.55,900.0,1200.0
2023,Apr,Navarai/Kodai,PUDUKKOTTAI,bengalgram,pulses,medium to heavy black soil,5.5,7.0,90.0,120.0,300.11,26.68,22.97,650.0,1000.0
2024,Jul,Kuruvai/Sornavari,TANJORE,tomato,vegetables,Sandy loam,6.5,7.5,90.0,140.0,362.15,29.54,19.97,600.0,800.0
2022,Sep,Kuruvai/Sornavari,DHARMAPURI,cotton,fibre crop," black soils, (ii) red soils and (iii) alluvial soils.",7.0,8.0,135.0,140.0,847.35,28.51,21.69,700.0,1300.0
2023,Jul,Kuruvai/Sornavari,SALEM,groundnut,oil seeds,Well-drained sandy loam or sandy clay loam soil ,6.5,7.0,140.0,150.0,207.07,43.74,14.29,500.0,700.0
2022,Oct,Samba/Thaladi,CHENGLEPUT,muskmelon,vegetables,Sandy Loam,6.5,7.5,70.0,100.0,679.49,34.56,26.41,900.0,1200.0
2021,Jan,Navarai/Kodai,VELLORE,gingely,oil seeds,"Loams, silt loams, clay loams, or silty clay loams",5.5,8.0,85.0,90.0,169.36,35.58,29.05,350.0,400.0
2022,Feb,Navarai/Kodai,ERODE,fodder cholam,forage crops,Well drained sandy loam and clayey loam soils ,5.5,7.5,1095.0,1095.0,128.99,36.65,26.88,300.0,350.0
2025,Aug,Kuruvai/Sornavari,PERAMBALUR,chinese potato,Root&tuber,well-drained soil,4.8,5.8,120.0,150.0,489.97,22.92,19.21,1000.0,1000.0
2022,Jul,Kuruvai/Sornavari,KARUR,Bread fruit,minor vegetables,Sandy loam,6.1,7.4,100.0,100.0,832.02,39.98,19.51,2030.0,2540.0
2024,May,Navarai/Kodai,DHARMAPURI,pumpkin,vegetables,Loamy soil/ Lateritic soil,6.0,7.0,115.0,120.0,689.31,25.11,20.87,900.0,1200.0
2025,Mar,Navarai/Kodai,DINDIGUL,fodder cumbu,forage crops,Well drained sandy loam and clayey loam soils ,4.0,7.5,45.0,120.0,183.31,35.08,28.89,500.0,480.0
2025,May,Navarai/Kodai,COIMBATORE,gardenlablab,pulses,wide range of soils,6.0,7.0,75.0,100.0,395.99,33.7,21.78,650.0,1000.0
2025,Feb,Navarai/Kodai,SIVAGANGAI,french bean,vegetables,Well drained loamy soil,5.5,6.0,40.0,50.0,392.91,26.91,10.93,900.0,1200.0
2025,Aug,Kuruvai/Sornavari,CAUVERY,annual moringa,vegetables,Sandy loam,6.5,8.0,210.0,240.0,574.79,35.52,29.75,900.0,1200.0
2021,Mar,Navarai/Kodai,THIRUVANNAMALAI,rice,cereals,Alluvia or loamy and clayey soil,5.0,8.0,150.0,150.0,1163.36,37.34,19.0,900.0,2500.0
2021,Oct,Samba/Thaladi,CUDDALORE,cumbu napier hybrid,forage crops,Well drained sandy loam and clayey loam soils ,5.0,8.6,45.0,55.0,481.93,25.05,22.82,800.0,1000.0
2021,Oct,Samba/Thaladi,TANJORE,gardenlablab,pulses,wide range of soils,6.0,7.0,75.0,100.0,470.32,35.24,19.07,650.0,1000.0
2024,Feb,Navarai/Kodai,THIRUPPUR,onion,vegetables, Any Loamy,5.8,6.5,100.0,120.0,319.08,26.94,21.19,350.0,550.0
2021,Jul,Kuruvai/Sornavari,THIRUVANNAMALAI,muyal masal,forage crops,Well drained sandy loam and clayey loam soils ,5.5,7.5,75.0,65.0,233.28,34.96,25.57,500.0,480.0
2025,Jul,Kuruvai/Sornavari,CAUVERY,sugarbeet,sugar crops,Well drained sandy loam and clayey loam soils ,6.0,8.0,150.0,180.0,243.81,26.82,19.62,600.0,800.0
2024,Jan,Navarai/Kodai,PUDUKKOTTAI,castor,oil seeds,"Loams, silt loams, clay loams, or silty clay loams",5.0,8.5,120.0,160.0,286.08,26.67,26.85,500.0,500.0
2025,Jun,Kuruvai/Sornavari,CAUVERY,sugarbeet,sugar crops,Well drained sandy loam and clayey loam soils ,6.0,8.0,150.0,180.0,509.45,26.13,18.0,600.0,800.0
2025,May,Navarai/Kodai,NAMAKAL,Knol-khol,minor vegetables,Sandy loam,5.5,7.0,50.0,65.0,395.39,29.42,13.6,900.0,1200.0
2024,Jan,Navarai/Kodai,KOLLI HILLS,onion,vegetables, Any Loamy,5.8,6.5,100.0,120.0,327.25,25.83,20.45,350.0,550.0
2021,Jul,Kuruvai/Sornavari,CUDDALORE,greengram,pulses,well-drained sandy loams or sandy soils ,6.5,7.5,100.0,100.0,505.25,33.72,27.56,850.0,1000.0
2025,Jun,Kuruvai/Sornavari,SIVAGANGAI,rice,cereals,Alluvia or loamy and clayey soil,5.0,8.0,150.0,150.0,1518.49,36.69,18.65,900.0,2500.0
2025,Sep,Kuruvai/Sornavari,HILLY REGIONS OF SHEVROY,sugarcane,sugar crops,Clayey Loamy Soil/ Black Cotton Soil/ Red Loamy Soil/ Brown Loamy Soil,6.5,8.0,300.0,330.0,783.77,26.71,21.34,1500.0,2500.0
2021,Jun,Kuruvai/Sornavari,THIRUCHIRAPALLI,cluster bean,vegetables,Sandy Loam,7.0,8.5,60.0,90.0,666.84,26.28,22.73,900.0,1200.0
2023,Oct,Samba/Thaladi,VELLORE,soundal,forage crops,Well drained sandy loam and clayey loam soils ,5.5,7.5,40.0,80.0,164.12,33.72,22.13,500.0,480.0
2024,May,Navarai/Kodai,VIRUDHUNAGAR,chillies,vegetables,Loamy soil/ Lateritic soil,6.0,6.8,120.0,120.0,311.59,27.25,21.53,500.0,500.0
2024,Jan,Navarai/Kodai,ERODE,fieldlablab,pulses,Well drained loamy soil,6.2,7.0,105.0,105.0,564.97,28.08,17.95,650.0,1000.0
2023,Sep,Kuruvai/Sornavari,JAWAD HILLS,Asparagus,minor vegetables,Sandy loam,6.0,6.7,730.0,730.0,429.5,29.93,13.58,900.0,1200.0
2024,Sep,Kuruvai/Sornavari,RAMANATHANPURAM,cowpea,pulses, well-drained sandy loams or sandy soils ,5.0,6.5,60.0,90.0,400.07,26.43,22.58,400.0,700.0
2021,Feb,Navarai/Kodai,THIRUNELVELI,beetroot,Root&tuber,all types of friable soil,6.0,7.0,45.0,65.0,557.4,25.0,18.66,1000.0,1000.0
2024,Jun,Kuruvai/Sornavari,THE NILGRIS,bitter gourd,vegetables,Well drained loamy soil,6.5,7.0,55.0,60.0,542.83,30.5,29.23,900.0,1200.0
2021,Oct,Samba/Thaladi,COIMBATORE,gingely,oil seeds,"Loams, silt loams, clay loams, or silty clay loams",5.5,8.0,85.0,90.0,174.44,32.4,29.92,350.0,400.0
2023,Jan,Navarai/Kodai,DHARMAPURI,gherkins,vegetables,Sandy loam,5.8,7.0,90.0,90.0,736.26,36.12,13.37,900.0,1200.0
2024,Sep,Kuruvai/Sornavari,TANJORE,gardenlablab,pulses,wide range of soils,6.0,7.0,75.0,100.0,492.29,35.31,20.18,650.0,1000.0
2021,Sep,Kuruvai/Sornavari,CAUVERY,sugarbeet,sugar crops,Well drained sandy loam and clayey loam soils ,6.0,8.0,150.0,180.0,335.6,26.53,16.03,600.0,800.0
2021,Nov,Samba/Thaladi,TIRUVARUR,rice,cereals,Alluvia or loamy and clayey soil,5.0,8.0,150.0,150.0,859.55,35.68,22.79,900.0,2500.0
2025,Aug,Kuruvai/Sornavari,NAMAKAL,bitter gourd,vegetables,Well drained loamy soil,6.5,7.0,55.0,60.0,563.89,29.53,23.95,900.0,1200.0
2022,Dec,Samba/Thaladi,HILLY REGIONS OF SHEVROY,niger,oil seeds,"Loams, silt loams, clay loams, or silty clay loams",5.2,7.3,80.0,80.0,824.95,25.0,15.01,1000.0,1300.0
2023,Mar,Navarai/Kodai,PERAMBALUR,cowpea,pulses, well-drained sandy loams or sandy soils ,5.0,6.5,60.0,90.0,227.06,29.93,20.96,400.0,700.0
2023,Sep,Kuruvai/Sornavari,THALAVADI HILLS,bellary onion,minor vegetables,Sandy loam,5.8,6.5,150.0,150.0,301.22,25.59,12.35,900.0,1200.0
2023,Feb,Navarai/Kodai,ARIYALUR,celery,greenleafy,Silt Loam to loamy,6.0,8.5,120.0,150.0,539.28,32.0,14.51,1000.0,1000.0
2025,Jan,Navarai/Kodai,THIRUPPUR,french bean,vegetables,Well drained loamy soil,5.5,6.0,40.0,50.0,665.37,27.65,14.22,900.0,1200.0
2021,Sep,Kuruvai/Sornavari,THIRUNELVELI,cumbu napier hybrid,forage crops,Well drained sandy loam and clayey loam soils ,5.0,8.6,45.0,55.0,619.02,25.52,24.87,800.0,1000.0
2024,Jan,Navarai/Kodai,THIRUVALLUR,Bread fruit,minor vegetables,Sandy loam,6.1,7.4,100.0,100.0,964.17,39.11,17.98,2030.0,2540.0
2021,Apr,Navarai/Kodai,CHENGLEPUT,Winged Bean,minor vegetables,Sandy loam,7.0,12.0,42.0,42.0,675.57,30.31,26.87,900.0,1200.0
2022,Mar,Navarai/Kodai,KOLLI HILLS,kollukattai pullu,forage crops,Well drained sandy loam and clayey loam soils ,7.0,7.5,45.0,55.0,278.2,31.01,18.82,500.0,480.0
2021,Apr,Navarai/Kodai,THENI,bengalgram,pulses,medium to heavy black soil,5.5,7.0,90.0,120.0,628.61,31.61,22.27,650.0,1000.0
2025,Jul,Kuruvai/Sornavari,CAUVERY,colocasia,Root&tuber,Well grained deep loamy moist and alluviual soil,5.5,7.0,150.0,180.0,572.61,33.99,20.5,1000.0,1000.0
2025,May,Navarai/Kodai,TANJORE,tobacco,other crops,Well drained sandy loam and clayey loam soils ,7.5,8.5,90.0,100.0,325.9,28.77,25.99,800.0,1000.0
2024,Sep,Kuruvai/Sornavari,VIRUDHUNAGAR,blackgram,pulses,sandy soils to heavy cotton soils,6.5,7.8,70.0,75.0,340.5,40.2,19.46,600.0,1000.0
2021,Dec,Samba/Thaladi,VELLORE,samai,millets,Loamy Soil,8.5,9.0,80.0,100.0,374.41,37.27,26.0,480.0,750.0
2021,Sep,Kuruvai/Sornavari,THALAVADI HILLS,radish,Root&tuber,Well grained deep loamy moist and alluviual soil,5.5,6.8,21.0,21.0,296.31,22.38,14.21,1000.0,1000.0
2023,Feb,Navarai/Kodai,JAWAD HILLS,maize,millets,temperate podzols to the leached red soils of the tropics. ,5.5,7.0,105.0,110.0,208.73,26.51,17.69,500.0,800.0
2025,Jun,Kuruvai/Sornavari,THIRUVANNAMALAI,fodder cumbu,forage crops,Well drained sandy loam and clayey loam soils ,4.0,7.5,45.0,120.0,227.92,33.93,29.18,500.0,480.0
2021,Apr,Navarai/Kodai,THENI,Bread fruit,minor vegetables,Sandy loam,6.1,7.4,100.0,100.0,1438.22,38.28,17.08,2030.0,2540.0
2023,Feb,Navarai/Kodai,THALAVADI HILLS,soyabean,pulses,"Well-drained, Loamy Soil",6.0,7.0,90.0,100.0,196.41,29.21,15.75,450.0,700.0
2022,Sep,Kuruvai/Sornavari,THE NILGRIS,cucumber,vegetables,Loamy,6.5,7.5,120.0,120.0,938.11,30.44,27.57,1200.0,1500.0
2021,Nov,Samba/Thaladi,MADURAI,fodder maize,forage crops,Well drained sandy loam and clayey loam soils ,5.5,8.0,60.0,70.0,225.71,44.37,11.69,500.0,480.0
2024,May,Navarai/Kodai,NAMAKAL,tinda,vegetables,Sandy loam,6.5,7.5,70.0,70.0,638.58,28.07,28.43,900.0,1200.0
2024,Sep,Kuruvai/Sornavari,MADURAI,tobacco,other crops,Well drained sandy loam and clayey loam soils ,7.5,8.5,90.0,100.0,298.95,33.57,24.74,800.0,1000.0
2024,Sep,Kuruvai/Sornavari,PUDUKKOTTAI,colocasia,Root&tuber,Well grained deep loamy moist and alluviual soil,5.5,7.0,150.0,180.0,342.91,35.66,23.39,1000.0,1000.0
2025,Aug,Kuruvai/Sornavari,CHENGLEPUT,radish,Root&tuber,Well grained deep loamy moist and alluviual soil,5.5,6.8,21.0,21.0,368.4,23.29,10.82,1000.0,1000.0
2023,Oct,Samba/Thaladi,KANCHEEPURAM,cauliflower,colecrops,LoamySandy,6.5,6.8,55.0,100.0,174.97,29.82,10.0,380.0,500.0
2025,Dec,Samba/Thaladi,SALEM,Rhubarb,minor vegetables,Sandy loam,6.0,6.8,56.0,70.0,304.47,25.51,10.0,900.0,1200.0
2024,Jun,Kuruvai/Sornavari,THENI,beetroot,Root&tuber,all types of friable soil,6.0,7.0,45.0,65.0,602.22,23.7,18.03,1000.0,1000.0
2023,Jan,Navarai/Kodai,THENI,fodder cowpea,forage crops,Well drained sandy loam and clayey loam soils ,5.0,6.5,50.0,65.0,222.77,28.9,18.76,300.0,350.0
2021,Mar,Navarai/Kodai,ERODE,groundnut,oil seeds,Well-drained sandy loam or sandy clay loam soil ,6.5,7.0,140.0,150.0,209.38,42.23,15.73,500.0,700.0
2023,Aug,Kuruvai/Sornavari,COIMBATORE,sugarcane,sugar crops,Clayey Loamy Soil/ Black Cotton Soil/ Red Loamy Soil/ Brown Loamy Soil,6.5,8.0,300.0,330.0,656.94,26.99,22.07,1500.0,2500.0
2023,Aug,Kuruvai/Sornavari,THIRUNELVELI,cucumber,vegetables,Loamy,6.5,7.5,120.0,120.0,473.4,36.45,25.14,1200.0,1500.0
2023,Aug,Kuruvai/Sornavari,SIVAGANGAI,Pearl millet,millets,"clay, clay loam, or sandy loam soils",5.5,7.5,75.0,85.0,328.56,43.62,14.46,350.0,500.0
2025,May,Navarai/Kodai,ERODE,elephant foot yam,Root&tuber,Rich red loamy soil,5.5,7.0,240.0,240.0,546.23,32.92,28.35,1000.0,1500.0
2023,Aug,Kuruvai/Sornavari,CAUVERY,Winged Bean,minor vegetables,Sandy loam,7.0,12.0,42.0,42.0,403.96,26.9,24.12,900.0,1200.0
2021,May,Navarai/Kodai,NAMAKAL,Pearl millet,millets,"clay, clay loam, or sandy loam soils",5.5,7.5,75.0,85.0,138.61,40.07,10.6,350.0,500.0
2025,Feb,Navarai/Kodai,THIRUCHIRAPALLI,Palak,minor vegetables,Sandy loam,6.5,7.0,37.0,45.0,687.81,29.96,13.95,900.0,1200.0
2022,Jan,Navarai/Kodai,RAMANATHANPURAM,sweet potato,Root&tuber,well-drained soil,5.7,6.7,90.0,120.0,402.96,25.06,25.9,1000.0,1000.0
2025,May,Navarai/Kodai,CAUVERY,fodder cumbu,forage crops,Well drained sandy loam and clayey loam soils ,4.0,7.5,45.0,120.0,274.15,35.85,25.91,500.0,480.0
2024,Mar,Navarai/Kodai,VELLORE,bellary onion,minor vegetables,Sandy loam,5.8,6.5,150.0,150.0,495.65,25.86,17.09,900.0,1200.0
2023,Oct,Samba/Thaladi,VELLORE,cowpea,pulses, well-drained sandy loams or sandy soils ,5.0,6.5,60.0,90.0,292.78,29.7,22.08,400.0,700.0
2023,Jul,Kuruvai/Sornavari,DINDIGUL,chowchow,vegetables,Loamy soil/ Lateritic soil,5.5,6.5,150.0,150.0,338.53,24.67,16.1,1200.0,1500.0
2022,Jan,Navarai/Kodai,THE NILGRIS,bellary onion,minor vegetables,Sandy loam,5.8,6.5,150.0,150.0,375.21,25.83,14.36,900.0,1200.0
2021,May,Navarai/Kodai,KANCHEEPURAM,sweet sorghum,sugar crops,Well drained sandy loam and clayey loam soils ,6.0,8.5,115.0,125.0,376.56,26.12,29.81,500.0,600.0
2021,Jul,Kuruvai/Sornavari,NAMAKAL,Brussels sprout,minor vegetables,Sandy loam,6.5,6.8,12.0,12.0,788.31,25.72,13.44,900.0,1200.0
2023,Mar,Navarai/Kodai,SALEM,beetroot,Root&tuber,all types of friable soil,6.0,7.0,45.0,65.0,342.96,23.34,16.05,1000.0,1000.0
2021,Feb,Navarai/Kodai,THOOTHUKUDI,muyal masal,forage crops,Well drained sandy loam and clayey loam soils ,5.5,7.5,75.0,65.0,300.94,33.96,29.64,500.0,480.0
2021,Jun,Kuruvai/Sornavari,KARUR,varagu,millets,clay-based soil,5.5,6.5,120.0,120.0,442.79,28.78,28.95,500.0,900.0
2021,Feb,Navarai/Kodai,VELLORE,ribbed gourd,vegetables,Sandy Loam,6.5,7.5,125.0,125.0,584.22,36.22,25.83,900.0,1200.0
2022,Jul,Kuruvai/Sornavari,VELLORE,greengram,pulses,well-drained sandy loams or sandy soils ,6.5,7.5,100.0,100.0,451.95,30.96,29.96,850.0,1000.0
2021,Nov,Samba/Thaladi,THOOTHUKUDI,ragi,millets,"red, black, sandy, loamy and shallow black soils.",5.0,8.2,100.0,120.0,384.45,28.3,10.77,700.0,1200.0
2024,Jun,Kuruvai/Sornavari,DHARMAPURI,cucumber,vegetables,Loamy,6.5,7.5,120.0,120.0,358.67,34.44,28.35,1200.0,1500.0
2025,Apr,Navarai/Kodai,THIRUNELVELI,redgram,pulses,deep loam soils,6.5,7.0,120.0,150.0,284.8,29.15,17.04,600.0,1400.0
2022,Nov,Samba/Thaladi,PERAMBALUR,Turnip,minor vegetables,Loamy soil,5.5,6.8,42.0,56.0,607.26,23.36,14.87,900.0,1200.0
2023,Aug,Kuruvai/Sornavari,DINDIGUL,broadbean,vegetables,Well drained loamy soil,5.5,6.0,80.0,100.0,618.89,24.89,13.08,900.0,1200.0
2021,Oct,Samba/Thaladi,CHENGLEPUT,chillies,vegetables,Loamy soil/ Lateritic soil,6.0,6.8,120.0,120.0,200.11,27.58,23.97,500.0,500.0
2022,Sep,Kuruvai/Sornavari,PUDUKKOTTAI,fieldlablab,pulses,Well drained loamy soil,6.2,7.0,105.0,105.0,248.93,29.8,16.17,650.0,1000.0
2024,Dec,Samba/Thaladi,THE NILGRIS,gherkins,vegetables,Sandy loam,5.8,7.0,90.0,90.0,726.56,34.27,13.34,900.0,1200.0
2025,Dec,Samba/Thaladi,ERODE,vegetable cowpea,vegetables,Sandy loam,5.6,6.0,45.0,90.0,365.84,27.69,18.83,900.0,1200.0
2024,Mar,Navarai/Kodai,THIRUNELVELI,rice,cereals,Alluvia or loamy and clayey soil,5.0,8.0,150.0,150.0,807.2,36.53,21.91,900.0,2500.0
2022,Aug,Kuruvai/Sornavari,THOOTHUKUDI,colocasia,Root&tuber,Well grained deep loamy moist and alluviual soil,5.5,7.0,150.0,180.0,584.43,32.22,23.98,1000.0,1000.0
2022,Jul,Kuruvai/Sornavari,VILLUPURAM,carrot,Root&tuber,light or sandy loam soil,6.0,7.0,75.0,75.0,369.82,22.61,14.34,1000.0,1000.0
2024,Aug,Kuruvai/Sornavari,SALEM,brinjal,vegetables,Loamy soil/ Lateritic soil,6.0,7.5,100.0,150.0,353.76,31.33,19.33,900.0,1200.0
2024,Aug,Kuruvai/Sornavari,THENI,Winged Bean,minor vegetables,Sandy loam,7.0,12.0,42.0,42.0,579.73,27.65,29.47,900.0,1200.0
2023,Apr,Navarai/Kodai,MADURAI,tomato,vegetables,Sandy loam,6.5,7.5,90.0,140.0,340.53,28.9,20.59,600.0,800.0
2024,Aug,Kuruvai/Sornavari,THALAVADI HILLS,snake gourd,vegetables,Loamy soil/ Lateritic soil,6.0,6.7,90.0,90.0,418.26,26.87,16.7,900.0,1200.0
2024,Jul,Kuruvai/Sornavari,HILLY REGIONS OF SHEVROY,soyabean,pulses,"Well-drained, Loamy Soil",6.0,7.0,90.0,100.0,181.83,32.21,15.89,450.0,700.0
2022,Mar,Navarai/Kodai,THIRUCHIRAPALLI,kudiraivali,millets,Loamy Soil,5.5,7.0,75.0,95.0,320.24,23.82,20.95,500.0,900.0
2021,May,Navarai/Kodai,CHENGLEPUT,Turnip,minor vegetables,Loamy soil,5.5,6.8,42.0,56.0,399.22,19.52,11.12,900.0,1200.0
2023,Mar,Navarai/Kodai,JAWAD HILLS,niger,oil seeds,"Loams, silt loams, clay loams, or silty clay loams",5.2,7.3,80.0,80.0,464.47,25.0,13.86,1000.0,1300.0
2025,Oct,Samba/Thaladi,PERAMBALUR,colocasia,Root&tuber,Well grained deep loamy moist and alluviual soil,5.5,7.0,150.0,180.0,656.37,35.33,23.83,1000.0,1000.0
2024,Jul,Kuruvai/Sornavari,CHENGLEPUT,capsicum,vegetables,Loamy soil/ Lateritic soil,5.5,7.0,60.0,60.0,603.79,27.63,13.99,500.0,1200.0
2023,Nov,Samba/Thaladi,VELLORE,fieldlablab,pulses,Well drained loamy soil,6.2,7.0,105.0,105.0,637.62,28.32,16.39,650.0,1000.0
2022,Aug,Kuruvai/Sornavari,DINDIGUL,fodder cowpea,forage crops,Well drained sandy loam and clayey loam soils ,5.0,6.5,50.0,65.0,191.2,31.73,21.58,300.0,350.0
2024,Jun,Kuruvai/Sornavari,DINDIGUL,Chakravathi keerai,minor vegetables,Sandy loam,4.5,8.3,100.0,100.0,622.65,25.5,16.33,900.0,1200.0
2021,Jan,Navarai/Kodai,MADURAI,bellary onion,minor vegetables,Sandy loam,5.8,6.5,150.0,150.0,333.11,25.63,15.3,900.0,1200.0
2022,Nov,Samba/Thaladi,RAMANATHANPURAM,amaranthus,greenleafy,Silt Loam to loamy,6.5,7.5,70.0,75.0,250.52,31.59,23.25,1000.0,1000.0
2024,Nov,Samba/Thaladi,CUDDALORE,cowpea,pulses, well-drained sandy loams or sandy soils ,5.0,6.5,60.0,90.0,230.12,25.54,24.38,400.0,700.0
2022,Oct,Samba/Thaladi,THIRUNELVELI,safflower,oil seeds,"Loams, silt loams, clay loams, or silty clay loams",5.4,8.2,120.0,125.0,295.8,34.76,22.1,550.0,725.0
2025,Mar,Navarai/Kodai,SIVAGANGAI,bhendi,vegetables,Loamy soil/ Lateritic soil,6.0,6.8,55.0,65.0,1226.98,27.59,28.67,1200.0,2200.0
2023,Sep,Kuruvai/Sornavari,VELLORE,annual moringa,vegetables,Sandy loam,6.5,8.0,210.0,240.0,739.11,33.16,24.35,900.0,1200.0
2023,May,Navarai/Kodai,KRISHNAGIRI,kudiraivali,millets,Loamy Soil,5.5,7.0,75.0,95.0,288.0,24.63,21.91,500.0,900.0
2025,Mar,Navarai/Kodai,TANJORE,radish,Root&tuber,Well grained deep loamy moist and alluviual soil,5.5,6.8,21.0,21.0,464.67,20.49,10.2,1000.0,1000.0
2022,Feb,Navarai/Kodai,NAMAKAL,cluster bean,vegetables,Sandy Loam,7.0,8.5,60.0,90.0,585.26,26.75,20.46,900.0,1200.0
2023,Jul,Kuruvai/Sornavari,DINDIGUL,panivaragu,millets,sandy loam to clays of black cotton soils,5.5,7.0,70.0,75.0,229.89,45.0,10.24,330.0,350.0
2023,Feb,Navarai/Kodai,TIRUVARUR,beetroot,Root&tuber,all types of friable soil,6.0,7.0,45.0,65.0,318.73,24.4,21.07,1000.0,1000.0
2022,Oct,Samba/Thaladi,THE NILGRIS,Rhubarb,minor vegetables,Sandy loam,6.0,6.8,56.0,70.0,345.28,25.37,10.0,900.0,1200.0
2023,Jul,Kuruvai/Sornavari,ERODE,lablab,vegetables,Well drained loamy soil,6.5,8.5,70.0,75.0,474.59,34.46,23.65,900.0,1200.0
2024,May,Navarai/Kodai,THIRUNELVELI,panivaragu,millets,sandy loam to clays of black cotton soils,5.5,7.0,70.0,75.0,86.37,42.6,12.4,330.0,350.0
2021,Jul,Kuruvai/Sornavari,KOLLI HILLS,amaranthus,greenleafy,Silt Loam to loamy,6.5,7.5,70.0,75.0,313.96,30.27,23.01,1000.0,1000.0
2024,Oct,Samba/Thaladi,SIVAGANGAI,small onion,bulbvegetables,Sandy loam,6.0,7.0,70.0,90.0,247.3,25.16,14.17,650.0,750.0
2025,Dec,Samba/Thaladi,DINDIGUL,bottle gourd,vegetables,Sandy loam,6.0,6.7,120.0,120.0,241.26,25.7,18.6,900.0,1200.0
2024,Nov,Samba/Thaladi,SALEM,rice,cereals,Alluvia or loamy and clayey soil,5.0,8.0,150.0,150.0,957.65,40.59,19.06,900.0,2500.0
2024,May,Navarai/Kodai,SALEM,Mint,minor vegetables,Loamy soil,6.5,7.0,100.0,120.0,589.75,25.53,21.0,1000.0,1100.0
2023,Feb,Navarai/Kodai,THIRUNELVELI,Turnip,minor vegetables,Loamy soil,5.5,6.8,42.0,56.0,584.6,21.89,13.86,900.0,1200.0
2024,Jul,Kuruvai/Sornavari,PERAMBALUR,watermelon,vegetables,Sandy,6.0,7.5,70.0,85.0,296.88,27.91,27.82,900.0,1200.0
2021,Jul,Kuruvai/Sornavari,THE NILGRIS,tinda,vegetables,Sandy loam,6.5,7.5,70.0,70.0,562.16,31.13,25.24,900.0,1200.0
2025,Jun,Kuruvai/Sornavari,MADURAI,Palak,minor vegetables,Sandy loam,6.5,7.0,37.0,45.0,785.41,33.8,14.14,900.0,1200.0
2022,Oct,Samba/Thaladi,DINDIGUL,fodder cowpea,forage crops,Well drained sandy loam and clayey loam soils ,5.0,6.5,50.0,65.0,153.72,28.81,21.8,300.0,350.0
2021,Nov,Samba/Thaladi,DINDIGUL,sugarcane,sugar crops,Clayey Loamy Soil/ Black Cotton Soil/ Red Loamy Soil/ Brown Loamy Soil,6.5,8.0,300.0,330.0,1234.95,26.65,19.97,1500.0,2500.0
2023,Apr,Navarai/Kodai,THE NILGRIS,Palak,minor vegetables,Sandy loam,6.5,7.0,37.0,45.0,555.04,30.58,10.27,900.0,1200.0
2025,Sep,Kuruvai/Sornavari,PUDUKKOTTAI,bellary onion,minor vegetables,Sandy loam,5.8,6.5,150.0,150.0,363.97,25.96,12.21,900.0,1200.0
2024,Jul,Kuruvai/Sornavari,DHARMAPURI,french bean,vegetables,Well drained loamy soil,5.5,6.0,40.0,50.0,330.3,27.19,14.77,900.0,1200.0
2024,Mar,Navarai/Kodai,THIRUVANNAMALAI,ragi,millets,"red, black, sandy, loamy and shallow black soils.",5.0,8.2,100.0,120.0,550.01,26.57,12.88,700.0,1200.0
2023,Dec,Samba/Thaladi,VILLUPURAM,sorghum,millets,well-drained loamy soils,6.0,7.5,95.0,105.0,308.67,39.1,16.54,450.0,650.0
2021,Apr,Navarai/Kodai,CAUVERY,muskmelon,vegetables,Sandy Loam,6.5,7.5,70.0,100.0,330.49,36.86,27.31,900.0,1200.0
2022,Oct,Samba/Thaladi,COIMBATORE,sunflower,oil seeds,"Loams, silt loams, clay loams, or silty clay loams",6.5,8.0,85.0,95.0,299.11,25.79,22.32,350.0,500.0
2025,Nov,Samba/Thaladi,DHARMAPURI,Chekurmanis,minor vegetables,Sandy loam,5.5,7.5,90.0,120.0,353.39,33.22,26.27,900.0,1200.0
2025,Jul,Kuruvai/Sornavari,CAUVERY,cluster bean,vegetables,Sandy Loam,7.0,8.5,60.0,90.0,460.92,26.34,20.88,900.0,1200.0
2024,May,Navarai/Kodai,THENI,watermelon,vegetables,Sandy,6.0,7.5,70.0,85.0,649.06,28.33,25.24,900.0,1200.0
2023,Jun,Kuruvai/Sornavari,ARIYALUR,ragi,millets,"red, black, sandy, loamy and shallow black soils.",5.0,8.2,100.0,120.0,641.15,26.28,14.35,700.0,1200.0
2021,May,Navarai/Kodai,THE NILGRIS,capsicum,vegetables,Loamy soil/ Lateritic soil,5.5,7.0,60.0,60.0,168.97,26.53,17.04,500.0,1200.0
2022,May,Navarai/Kodai,MADURAI,Mint,minor vegetables,Loamy soil,6.5,7.0,100.0,120.0,361.5,25.46,22.46,1000.0,1100.0
2025,Aug,Kuruvai/Sornavari,NAGAPATTINAM,paprika,vegetables,Sandy loam,5.8,6.5,160.0,180.0,503.05,29.03,23.94,700.0,1000.0
2023,Jul,Kuruvai/Sornavari,DHARMAPURI,Palak,minor vegetables,Sandy loam,6.5,7.0,37.0,45.0,379.43,31.49,10.77,900.0,1200.0
2024,Jul,Kuruvai/Sornavari,COIMBATORE,kudirai masi,forage crops,Well drained sandy loam and clayey loam soils ,6.5,7.5,45.0,55.0,116.68,31.19,24.78,300.0,350.0
2025,Oct,Samba/Thaladi,THIRUVALLUR,peas,vegetables,Sandy loam,6.5,7.5,60.0,70.0,348.4,30.08,12.65,900.0,1200.0
2021,Oct,Samba/Thaladi,CHENGLEPUT,gherkins,vegetables,Sandy loam,5.8,7.0,90.0,90.0,530.44,35.47,19.94,900.0,1200.0
2022,Jul,Kuruvai/Sornavari,JAWAD HILLS,niger,oil seeds,"Loams, silt loams, clay loams, or silty clay loams",5.2,7.3,80.0,80.0,661.28,25.0,14.67,1000.0,1300.0
2025,Apr,Navarai/Kodai,SIVAGANGAI,maize,millets,temperate podzols to the leached red soils of the tropics. ,5.5,7.0,105.0,110.0,168.76,27.05,19.72,500.0,800.0
2021,Apr,Navarai/Kodai,CHENGLEPUT,annual moringa,vegetables,Sandy loam,6.5,8.0,210.0,240.0,777.04,31.79,24.73,900.0,1200.0
2025,May,Navarai/Kodai,THIRUVALLUR,Basella,minor vegetables,Sandy loam,5.5,8.0,70.0,70.0,300.35,28.05,15.69,900.0,1200.0
2023,Jun,Kuruvai/Sornavari,THIRUCHIRAPALLI,gherkins,vegetables,Sandy loam,5.8,7.0,90.0,90.0,560.89,30.24,15.78,900.0,1200.0
2023,Mar,Navarai/Kodai,NAGAPATTINAM,annual moringa,vegetables,Sandy loam,6.5,8.0,210.0,240.0,702.32,32.08,24.64,900.0,1200.0
2024,Mar,Navarai/Kodai,VIRUDHUNAGAR,Rhubarb,minor vegetables,Sandy loam,6.0,6.8,56.0,70.0,490.13,25.21,10.0,900.0,1200.0
2023,Apr,Navarai/Kodai,NAMAKAL,Asparagus,minor vegetables,Sandy loam,6.0,6.7,730.0,730.0,430.29,28.05,19.64,900.0,1200.0
2024,Mar,Navarai/Kodai,THIRUNELVELI,fieldlablab,pulses,Well drained loamy soil,6.2,7.0,105.0,105.0,194.04,27.49,20.72,650.0,1000.0
2021,Jan,Navarai/Kodai,ERODE,wheat,cereals,Well Drained,6.0,7.0,80.0,90.0,216.9,25.71,20.66,450.0,650.0
2024,May,Navarai/Kodai,CUDDALORE,swordbean,pulses, well-drained sandy loams or sandy soils ,5.0,6.0,110.0,120.0,267.42,37.44,12.42,900.0,1500.0
2024,Jun,Kuruvai/Sornavari,PERAMBALUR,Basella,minor vegetables,Sandy loam,5.5,8.0,70.0,70.0,403.44,27.35,18.82,900.0,1200.0
2022,Sep,Kuruvai/Sornavari,PUDUKKOTTAI,cumbu napier hybrid,forage crops,Well drained sandy loam and clayey loam soils ,5.0,8.6,45.0,55.0,218.53,25.51,22.85,800.0,1000.0
2023,Jan,Navarai/Kodai,KARUR,safflower,oil seeds,"Loams, silt loams, clay loams, or silty clay loams",5.4,8.2,120.0,125.0,471.38,31.86,24.64,550.0,725.0
2023,Oct,Samba/Thaladi,THIRUCHIRAPALLI,maize,millets,temperate podzols to the leached red soils of the tropics. ,5.5,7.0,105.0,110.0,348.54,25.36,21.08,500.0,800.0
2021,Feb,Navarai/Kodai,COIMBATORE,thinai,millets,"alluvial,loamy ",5.5,7.0,85.0,90.0,130.75,25.43,18.5,500.0,900.0
2022,Sep,Kuruvai/Sornavari,CUDDALORE,colocasia,Root&tuber,Well grained deep loamy moist and alluviual soil,5.5,7.0,150.0,180.0,597.89,31.26,21.82,1000.0,1000.0
2022,Sep,Kuruvai/Sornavari,KARUR,vegetable cowpea,vegetables,Sandy loam,5.6,6.0,45.0,90.0,704.25,29.56,24.39,900.0,1200.0
2022,Nov,Samba/Thaladi,NAGAPATTINAM,sugarcane,sugar crops,Clayey Loamy Soil/ Black Cotton Soil/ Red Loamy Soil/ Brown Loamy Soil,6.5,8.0,300.0,330.0,1092.26,27.54,20.77,1500.0,2500.0
2023,Jul,Kuruvai/Sornavari,THIRUNELVELI,greengram,pulses,well-drained sandy loams or sandy soils ,6.5,7.5,100.0,100.0,395.42,31.78,24.72,850.0,1000.0
2024,Oct,Samba/Thaladi,THIRUVALLUR,sugarcane,sugar crops,Clayey Loamy Soil/ Black Cotton Soil/ Red Loamy Soil/ Brown Loamy Soil,6.5,8.0,300.0,330.0,1163.86,27.24,22.64,1500.0,2500.0
2021,Feb,Navarai/Kodai,CUDDALORE,dioscorea,Root&tuber,well-drained soil,6.0,6.5,270.0,300.0,361.8,30.04,30.0,1000.0,2000.0
2025,Jun,Kuruvai/Sornavari,THE NILGRIS,amaranthus,greenleafy,Silt Loam to loamy,6.5,7.5,70.0,75.0,460.99,31.17,23.96,1000.0,1000.0
2021,Dec,Samba/Thaladi,JAWAD HILLS,onion,vegetables, Any Loamy,5.8,6.5,100.0,120.0,93.06,26.57,24.89,350.0,550.0
2024,Dec,Samba/Thaladi,THIRUVANNAMALAI,small onion,bulbvegetables,Sandy loam,6.0,7.0,70.0,90.0,461.21,26.71,15.97,650.0,750.0
2025,Jun,Kuruvai/Sornavari,DHARMAPURI,peas,vegetables,Sandy loam,6.5,7.5,60.0,70.0,267.38,28.65,12.6,900.0,1200.0
2022,Feb,Navarai/Kodai,SIVAGANGAI,sunflower,oil seeds,"Loams, silt loams, clay loams, or silty clay loams",6.5,8.0,85.0,95.0,97.56,25.63,23.97,350.0,500.0
2022,Oct,Samba/Thaladi,KOLLI HILLS,Ceylon spinach,minor vegetables,Sandy loam,6.5,7.0,40.0,50.0,516.64,24.77,11.84,900.0,1200.0
2023,Nov,Samba/Thaladi,ARIYALUR,Cabbage,colecrops,LoamySandy,6.0,6.5,80.0,180.0,99.42,27.69,10.5,380.0,500.0
2021,Jul,Kuruvai/Sornavari,NAMAKAL,sorghum,millets,well-drained loamy soils,6.0,7.5,95.0,105.0,340.6,36.44,19.78,450.0,650.0
2025,Sep,Kuruvai/Sornavari,DINDIGUL,redgram,pulses,deep loam soils,6.5,7.0,120.0,150.0,923.74,29.75,18.26,600.0,1400.0
2022,Jul,Kuruvai/Sornavari,DINDIGUL,fodder maize,forage crops,Well drained sandy loam and clayey loam soils ,5.5,8.0,60.0,70.0,198.71,43.12,10.85,500.0,480.0
2025,Jul,Kuruvai/Sornavari,CAUVERY,Basella,minor vegetables,Sandy loam,5.5,8.0,70.0,70.0,735.69,30.05,15.91,900.0,1200.0
2023,May,Navarai/Kodai,VELLORE,maize,millets,temperate podzols to the leached red soils of the tropics. ,5.5,7.0,105.0,110.0,250.68,26.9,21.82,500.0,800.0
2024,Sep,Kuruvai/Sornavari,THIRUPPUR,broadbean,vegetables,Well drained loamy soil,5.5,6.0,80.0,100.0,265.97,24.86,13.84,900.0,1200.0
2023,Jun,Kuruvai/Sornavari,ARIYALUR,curry leaf,greenleafy,Red sandy loam,5.2,5.5,90.0,85.0,261.99,37.19,29.53,1000.0,1000.0
2021,Apr,Navarai/Kodai,THIRUNELVELI,bitter gourd,vegetables,Well drained loamy soil,6.5,7.0,55.0,60.0,384.06,28.8,26.03,900.0,1200.0
2025,Jan,Navarai/Kodai,TANJORE,elephant foot yam,Root&tuber,Rich red loamy soil,5.5,7.0,240.0,240.0,390.65,35.22,27.45,1000.0,1500.0
2024,Nov,Samba/Thaladi,THIRUVANNAMALAI,Cabbage,colecrops,LoamySandy,6.0,6.5,80.0,180.0,125.7,28.47,10.58,380.0,500.0
2025,Sep,Kuruvai/Sornavari,VIRUDHUNAGAR,tinda,vegetables,Sandy loam,6.5,7.5,70.0,70.0,525.83,29.95,28.32,900.0,1200.0
2021,Jul,Kuruvai/Sornavari,PUDUKKOTTAI,gingely,oil seeds,"Loams, silt loams, clay loams, or silty clay loams",5.5,8.0,85.0,90.0,118.97,34.56,27.31,350.0,400.0
2022,Jan,Navarai/Kodai,KANCHEEPURAM,Lettuce,minor vegetables,Sandy loam,6.0,6.5,45.0,55.0,718.33,24.22,19.16,900.0,1200.0
2025,Mar,Navarai/Kodai,THENI,Asparagus,minor vegetables,Sandy loam,6.0,6.7,730.0,730.0,698.2,29.03,19.85,900.0,1200.0
2023,Jun,Kuruvai/Sornavari,KRISHNAGIRI,watermelon,vegetables,Sandy,6.0,7.5,70.0,85.0,559.3,28.41,28.75,900.0,1200.0
2023,Feb,Navarai/Kodai,NAMAKAL,Chakravathi keerai,minor vegetables,Sandy loam,4.5,8.3,100.0,100.0,570.65,25.36,13.76,900.0,1200.0
2025,Oct,Samba/Thaladi,VELLORE,elephant foot yam,Root&tuber,Rich red loamy soil,5.5,7.0,240.0,240.0,541.31,32.55,26.02,1000.0,1500.0
2023,May,Navarai/Kodai,THOOTHUKUDI,capsicum,vegetables,Loamy soil/ Lateritic soil,5.5,7.0,60.0,60.0,548.32,26.66,13.57,500.0,1200.0
2023,Jun,Kuruvai/Sornavari,SALEM,brinjal,vegetables,Loamy soil/ Lateritic soil,6.0,7.5,100.0,150.0,357.81,28.24,17.96,900.0,1200.0
2021,Sep,Kuruvai/Sornavari,VELLORE,Phaseolus lunatus,minor vegetables,Sandy loam,6.0,6.8,90.0,90.0,1128.66,25.3,18.49,900.0,2000.0
2023,May,Navarai/Kodai,CHENGLEPUT,jute,fibre crop,Sandy and Clay Loam,6.0,7.5,120.0,140.0,328.24,33.82,25.7,1000.0,1300.0
2022,Feb,Navarai/Kodai,THIRUVALLUR,brinjal,vegetables,Loamy soil/ Lateritic soil,6.0,7.5,100.0,150.0,325.45,26.96,17.92,900.0,1200.0
2023,Nov,Samba/Thaladi,ERODE,samai,millets,Loamy Soil,8.5,9.0,80.0,100.0,166.37,35.56,28.66,480.0,750.0
2021,Oct,Samba/Thaladi,THENI,kudiraivali,millets,Loamy Soil,5.5,7.0,75.0,95.0,333.31,24.15,21.24,500.0,900.0
2021,Apr,Navarai/Kodai,THIRUVALLUR,carrot,Root&tuber,light or sandy loam soil,6.0,7.0,75.0,75.0,575.91,23.2,14.31,1000.0,1000.0
2023,Mar,Navarai/Kodai,THIRUCHIRAPALLI,amaranthus,greenleafy,Silt Loam to loamy,6.5,7.5,70.0,75.0,482.92,28.15,19.1,1000.0,1000.0
2025,Aug,Kuruvai/Sornavari,NAMAKAL,Bread fruit,minor vegetables,Sandy loam,6.1,7.4,100.0,100.0,1213.21,35.84,19.66,2030.0,2540.0
2023,Nov,Samba/Thaladi,COIMBATORE,fodder maize,forage crops,Well drained sandy loam and clayey loam soils ,5.5,8.0,60.0,70.0,205.63,40.48,10.6,500.0,480.0
2023,Sep,Kuruvai/Sornavari,MADURAI,french bean,vegetables,Well drained loamy soil,5.5,6.0,40.0,50.0,627.88,28.19,10.17,900.0,1200.0
2022,Jun,Kuruvai/Sornavari,TANJORE,bellary onion,minor vegetables,Sandy loam,5.8,6.5,150.0,150.0,362.34,25.05,11.62,900.0,1200.0
2021,Mar,Navarai/Kodai,NAGAPATTINAM,cotton,fibre crop," black soils, (ii) red soils and (iii) alluvial soils.",7.0,8.0,135.0,140.0,213.68,27.85,25.91,700.0,1300.0
2021,Apr,Navarai/Kodai,KRISHNAGIRI,tapoica,Root&tuber,Red lateritic loam,5.5,7.0,270.0,300.0,533.21,28.75,24.04,1000.0,1000.0
2025,Jun,Kuruvai/Sornavari,KRISHNAGIRI,Phaseolus lunatus,minor vegetables,Sandy loam,6.0,6.8,90.0,90.0,693.72,25.03,15.05,900.0,2000.0
2024,May,Navarai/Kodai,DHARMAPURI,rice,cereals,Alluvia or loamy and clayey soil,5.0,8.0,150.0,150.0,278.18,37.11,19.99,900.0,2500.0
2025,Feb,Navarai/Kodai,KRISHNAGIRI,fodder maize,forage crops,Well drained sandy loam and clayey loam soils ,5.5,8.0,60.0,70.0,203.03,41.97,10.95,500.0,480.0
2023,Jan,Navarai/Kodai,KARUR,vegetable cowpea,vegetables,Sandy loam,5.6,6.0,45.0,90.0,474.45,27.93,18.27,900.0,1200.0
2022,Apr,Navarai/Kodai,PUDUKKOTTAI,guinea grass,forage crops,Well drained sandy loam and clayey loam soils ,5.0,7.0,45.0,55.0,318.51,33.74,17.82,1000.0,480.0
2022,Mar,Navarai/Kodai,SALEM,wheat,cereals,Well Drained,6.0,7.0,80.0,90.0,372.41,25.29,24.67,450.0,650.0
2025,Sep,Kuruvai/Sornavari,VILLUPURAM,cauliflower,colecrops,LoamySandy,6.5,6.8,55.0,100.0,277.98,30.26,10.0,380.0,500.0
2023,Sep,Kuruvai/Sornavari,ERODE,Turnip,minor vegetables,Loamy soil,5.5,6.8,42.0,56.0,569.37,23.71,13.83,900.0,1200.0
2022,Jun,Kuruvai/Sornavari,NAGAPATTINAM,tomato,vegetables,Sandy loam,6.5,7.5,90.0,140.0,363.95,25.99,17.57,600.0,800.0
2021,Jan,Navarai/Kodai,NAMAKAL,snake gourd,vegetables,Loamy soil/ Lateritic soil,6.0,6.7,90.0,90.0,642.8,27.09,22.29,900.0,1200.0
2024,Jan,Navarai/Kodai,CHENGLEPUT,fodder maize,forage crops,Well drained sandy loam and clayey loam soils ,5.5,8.0,60.0,70.0,199.7,43.03,12.08,500.0,480.0
2022,Oct,Samba/Thaladi,ERODE,samai,millets,Loamy Soil,8.5,9.0,80.0,100.0,256.85,37.12,25.58,480.0,750.0
2021,Dec,Samba/Thaladi,PERAMBALUR,fodder maize,forage crops,Well drained sandy loam and clayey loam soils ,5.5,8.0,60.0,70.0,242.73,43.33,10.24,500.0,480.0
2022,Oct,Samba/Thaladi,KARUR,soundal,forage crops,Well drained sandy loam and clayey loam soils ,5.5,7.5,40.0,80.0,278.65,36.37,21.64,500.0,480.0
2024,Jun,Kuruvai/Sornavari,DHARMAPURI,groundnut,oil seeds,Well-drained sandy loam or sandy clay loam soil ,6.5,7.0,140.0,150.0,378.39,44.82,13.74,500.0,700.0
2021,Nov,Samba/Thaladi,VIRUDHUNAGAR,ash gourd,vegetables,Sandy loam,6.0,6.7,120.0,120.0,773.14,30.07,28.07,900.0,1200.0
2024,Sep,Kuruvai/Sornavari,KANCHEEPURAM,groundnut,oil seeds,Well-drained sandy loam or sandy clay loam soil ,6.5,7.0,140.0,150.0,188.69,43.07,13.81,500.0,700.0
2025,Sep,Kuruvai/Sornavari,DHARMAPURI,sorghum,millets,well-drained loamy soils,6.0,7.5,95.0,105.0,416.05,36.27,19.03,450.0,650.0
2023,Mar,Navarai/Kodai,CHENGLEPUT,Basella,minor vegetables,Sandy loam,5.5,8.0,70.0,70.0,463.45,30.45,14.16,900.0,1200.0
2022,Aug,Kuruvai/Sornavari,THIRUCHIRAPALLI,tobacco,other crops,Well drained sandy loam and clayey loam soils ,7.5,8.5,90.0,100.0,292.59,32.26,28.07,800.0,1000.0
2025,Sep,Kuruvai/Sornavari,SIVAGANGAI,sweet potato,Root&tuber,well-drained soil,5.7,6.7,90.0,120.0,287.82,25.39,22.17,1000.0,1000.0
2025,Jun,Kuruvai/Sornavari,THIRUNELVELI,soundal,forage crops,Well drained sandy loam and clayey loam soils ,5.5,7.5,40.0,80.0,175.82,33.63,23.45,500.0,480.0
2024,May,Navarai/Kodai,KARUR,ribbed gourd,vegetables,Sandy Loam,6.5,7.5,125.0,125.0,228.5,31.62,23.85,900.0,1200.0
2021,Jul,Kuruvai/Sornavari,HILLY REGIONS OF SHEVROY,snake gourd,vegetables,Loamy soil/ Lateritic soil,6.0,6.7,90.0,90.0,333.88,26.62,22.13,900.0,1200.0
2025,Jun,Kuruvai/Sornavari,ARIYALUR,vegetable cowpea,vegetables,Sandy loam,5.6,6.0,45.0,90.0,434.1,25.09,18.77,900.0,1200.0
2021,Sep,Kuruvai/Sornavari,VIRUDHUNAGAR,chillies,vegetables,Loamy soil/ Lateritic soil,6.0,6.8,120.0,120.0,314.89,28.68,27.82,500.0,500.0
2023,Aug,Kuruvai/Sornavari,NAMAKAL,amaranthus,greenleafy,Silt Loam to loamy,6.5,7.5,70.0,75.0,306.83,31.79,20.0,1000.0,1000.0
2022,Dec,Samba/Thaladi,THIRUNELVELI,annual moringa,vegetables,Sandy loam,6.5,8.0,210.0,240.0,713.05,34.65,26.01,900.0,1200.0
2021,Jul,Kuruvai/Sornavari,CHENGLEPUT,cumbu napier hybrid,forage crops,Well drained sandy loam and clayey loam soils ,5.0,8.6,45.0,55.0,610.63,26.65,24.4,800.0,1000.0
2024,Apr,Navarai/Kodai,KARUR,tomato,vegetables,Sandy loam,6.5,7.5,90.0,140.0,155.97,26.02,21.86,600.0,800.0
2021,Feb,Navarai/Kodai,KOLLI HILLS,chillies,vegetables,Loamy soil/ Lateritic soil,6.0,6.8,120.0,120.0,200.66,28.3,27.36,500.0,500.0
2021,Sep,Kuruvai/Sornavari,SIVAGANGAI,tapoica,Root&tuber,Red lateritic loam,5.5,7.0,270.0,300.0,538.97,25.21,24.93,1000.0,1000.0
2021,Aug,Kuruvai/Sornavari,DHARMAPURI,gingely,oil seeds,"Loams, silt loams, clay loams, or silty clay loams",5.5,8.0,85.0,90.0,172.0,32.09,28.46,350.0,400.0
2023,Jul,Kuruvai/Sornavari,KARUR,Knol-khol,minor vegetables,Sandy loam,5.5,7.0,50.0,65.0,432.64,30.65,16.57,900.0,1200.0
2025,Nov,Samba/Thaladi,VILLUPURAM,Chakravathi keerai,minor vegetables,Sandy loam,4.5,8.3,100.0,100.0,254.6,25.68,19.13,900.0,1200.0
2022,Sep,Kuruvai/Sornavari,VIRUDHUNAGAR,cauliflower,colecrops,LoamySandy,6.5,6.8,55.0,100.0,187.41,31.28,10.0,380.0,500.0
2022,Aug,Kuruvai/Sornavari,ERODE,groundnut,oil seeds,Well-drained sandy loam or sandy clay loam soil ,6.5,7.0,140.0,150.0,328.79,43.07,10.89,500.0,700.0
2023,Dec,Samba/Thaladi,DHARMAPURI,Palak,minor vegetables,Sandy loam,6.5,7.0,37.0,45.0,502.99,32.89,10.61,900.0,1200.0
2025,Jun,Kuruvai/Sornavari,TIRUVARUR,Rhubarb,minor vegetables,Sandy loam,6.0,6.8,56.0,70.0,518.43,25.69,10.0,900.0,1200.0
2025,Aug,Kuruvai/Sornavari,KRISHNAGIRI,safflower,oil seeds,"Loams, silt loams, clay loams, or silty clay loams",5.4,8.2,120.0,125.0,460.36,33.28,25.97,550.0,725.0
2025,Jun,Kuruvai/Sornavari,KANYAKUMARI,Chakravathi keerai,minor vegetables,Sandy loam,4.5,8.3,100.0,100.0,573.59,25.72,15.6,900.0,1200.0
2021,Nov,Samba/Thaladi,HILLY REGIONS OF SHEVROY,snake gourd,vegetables,Loamy soil/ Lateritic soil,6.0,6.7,90.0,90.0,411.69,27.54,21.41,900.0,1200.0
2021,Jul,Kuruvai/Sornavari,NAMAKAL,sweet potato,Root&tuber,well-drained soil,5.7,6.7,90.0,120.0,382.77,26.44,22.37,1000.0,1000.0
2021,Mar,Navarai/Kodai,THE NILGRIS,amaranthus,greenleafy,Silt Loam to loamy,6.5,7.5,70.0,75.0,441.67,25.41,20.36,1000.0,1000.0
2023,Feb,Navarai/Kodai,MADURAI,Knol-khol,minor vegetables,Sandy loam,5.5,7.0,50.0,65.0,565.41,32.92,13.4,900.0,1200.0
2024,Jun,Kuruvai/Sornavari,COIMBATORE,amaranthus,greenleafy,Silt Loam to loamy,6.5,7.5,70.0,75.0,478.42,29.39,23.39,1000.0,1000.0
2025,Jul,Kuruvai/Sornavari,HILLY REGIONS OF SHEVROY,gherkins,vegetables,Sandy loam,5.8,7.0,90.0,90.0,640.93,33.83,16.9,900.0,1200.0
2021,Jan,Navarai/Kodai,KOLLI HILLS,fodder cholam,forage crops,Well drained sandy loam and clayey loam soils ,5.5,7.5,1095.0,1095.0,204.74,34.63,26.04,300.0,350.0
2023,Oct,Samba/Thaladi,THIRUVANNAMALAI,thinai,millets,"alluvial,loamy ",5.5,7.0,85.0,90.0,232.08,29.34,18.73,500.0,900.0
2024,Feb,Navarai/Kodai,THIRUVANNAMALAI,peas,vegetables,Sandy loam,6.5,7.5,60.0,70.0,793.7,31.88,10.21,900.0,1200.0
2025,Jan,Navarai/Kodai,NAMAKAL,groundnut,oil seeds,Well-drained sandy loam or sandy clay loam soil ,6.5,7.0,140.0,150.0,304.39,43.43,15.39,500.0,700.0
2022,Mar,Navarai/Kodai,THALAVADI HILLS,fieldlablab,pulses,Well drained loamy soil,6.2,7.0,105.0,105.0,582.39,28.53,22.64,650.0,1000.0
2023,Sep,Kuruvai/Sornavari,VELLORE,ash gourd,vegetables,Sandy loam,6.0,6.7,120.0,120.0,243.44,31.62,28.63,900.0,1200.0
2023,Dec,Samba/Thaladi,DINDIGUL,muskmelon,vegetables,Sandy Loam,6.5,7.5,70.0,100.0,507.87,31.56,28.93,900.0,1200.0
2024,Jul,Kuruvai/Sornavari,VILLUPURAM,annual moringa,vegetables,Sandy loam,6.5,8.0,210.0,240.0,329.02,36.91,24.75,900.0,1200.0
2024,Jan,Navarai/Kodai,THENI,pumpkin,vegetables,Loamy soil/ Lateritic soil,6.0,7.0,115.0,120.0,563.74,25.63,16.96,900.0,1200.0
2024,Mar,Navarai/Kodai,ARIYALUR,guinea grass,forage crops,Well drained sandy loam and clayey loam soils ,5.0,7.0,45.0,55.0,273.64,34.41,14.25,1000.0,480.0
2025,Jul,Kuruvai/Sornavari,THENI,greengram,pulses,well-drained sandy loams or sandy soils ,6.5,7.5,100.0,100.0,269.43,31.77,24.9,850.0,1000.0
2024,Oct,Samba/Thaladi,SALEM,radish,Root&tuber,Well grained deep loamy moist and alluviual soil,5.5,6.8,21.0,21.0,493.52,23.26,13.1,1000.0,1000.0
2024,Aug,Kuruvai/Sornavari,SIVAGANGAI,fieldlablab,pulses,Well drained loamy soil,6.2,7.0,105.0,105.0,317.01,25.58,19.22,650.0,1000.0
2024,Jul,Kuruvai/Sornavari,THIRUVALLUR,cowpea,pulses, well-drained sandy loams or sandy soils ,5.0,6.5,60.0,90.0,465.3,28.59,21.07,400.0,700.0
2023,Feb,Navarai/Kodai,NAMAKAL,cauliflower,colecrops,LoamySandy,6.5,6.8,55.0,100.0,318.67,31.87,10.0,380.0,500.0
2022,Jun,Kuruvai/Sornavari,RAMANATHANPURAM,carrot,Root&tuber,light or sandy loam soil,6.0,7.0,75.0,75.0,255.34,24.88,16.47,1000.0,1000.0
2024,Sep,Kuruvai/Sornavari,VELLORE,maize,millets,temperate podzols to the leached red soils of the tropics. ,5.5,7.0,105.0,110.0,256.31,25.51,18.31,500.0,800.0
2024,Dec,Samba/Thaladi,ARIYALUR,dioscorea,Root&tuber,well-drained soil,6.0,6.5,270.0,300.0,257.72,30.43,30.0,1000.0,2000.0
2022,Dec,Samba/Thaladi,DINDIGUL,lablab,vegetables,Well drained loamy soil,6.5,8.5,70.0,75.0,380.95,36.48,20.59,900.0,1200.0
2022,Jul,Kuruvai/Sornavari,COIMBATORE,soundal,forage crops,Well drained sandy loam and clayey loam soils ,5.5,7.5,40.0,80.0,224.49,32.49,23.54,500.0,480.0
2021,Oct,Samba/Thaladi,VIRUDHUNAGAR,Mint,minor vegetables,Loamy soil,6.5,7.0,100.0,120.0,381.45,25.14,19.56,1000.0,1100.0
2025,Apr,Navarai/Kodai,KRISHNAGIRI,groundnut,oil seeds,Well-drained sandy loam or sandy clay loam soil ,6.5,7.0,140.0,150.0,257.46,43.07,12.0,500.0,700.0
2022,Dec,Samba/Thaladi,SIVAGANGAI,Chekurmanis,minor vegetables,Sandy loam,5.5,7.5,90.0,120.0,672.15,36.61,28.77,900.0,1200.0
2022,Apr,Navarai/Kodai,SALEM,Turnip,minor vegetables,Loamy soil,5.5,6.8,42.0,56.0,259.46,24.7,11.55,900.0,1200.0
2023,Jan,Navarai/Kodai,VIRUDHUNAGAR,Coccinia,minor vegetables,Sandy loam,6.0,6.5,90.0,90.0,509.35,30.42,19.14,900.0,1200.0
2021,Jan,Navarai/Kodai,CUDDALORE,bottle gourd,vegetables,Sandy loam,6.0,6.7,120.0,120.0,701.39,26.09,22.41,900.0,1200.0
2021,Nov,Samba/Thaladi,SIVAGANGAI,bottle gourd,vegetables,Sandy loam,6.0,6.7,120.0,120.0,446.8,27.71,22.32,900.0,1200.0
2023,Apr,Navarai/Kodai,THIRUPPUR,ragi,millets,"red, black, sandy, loamy and shallow black soils.",5.0,8.2,100.0,120.0,710.85,27.93,15.46,700.0,1200.0
2023,Jul,Kuruvai/Sornavari,NAGAPATTINAM,muyal masal,forage crops,Well drained sandy loam and clayey loam soils ,5.5,7.5,75.0,65.0,143.72,32.18,23.09,500.0,480.0
2022,Jul,Kuruvai/Sornavari,TANJORE,Knol-khol,minor vegetables,Sandy loam,5.5,7.0,50.0,65.0,575.65,32.73,18.08,900.0,1200.0
2023,May,Navarai/Kodai,RAMANATHANPURAM,radish,Root&tuber,Well grained deep loamy moist and alluviual soil,5.5,6.8,21.0,21.0,572.22,24.61,10.61,1000.0,1000.0
2025,May,Navarai/Kodai,DHARMAPURI,cowpea,pulses, well-drained sandy loams or sandy soils ,5.0,6.5,60.0,90.0,417.24,30.6,20.34,400.0,700.0
2022,Aug,Kuruvai/Sornavari,THE NILGRIS,paprika,vegetables,Sandy loam,5.8,6.5,160.0,180.0,642.63,29.14,26.87,700.0,1000.0
2024,Jul,Kuruvai/Sornavari,KRISHNAGIRI,ash gourd,vegetables,Sandy loam,6.0,6.7,120.0,120.0,316.6,29.77,25.57,900.0,1200.0
2025,Jul,Kuruvai/Sornavari,THENI,Phaseolus lunatus,minor vegetables,Sandy loam,6.0,6.8,90.0,90.0,266.32,27.47,14.96,900.0,2000.0
2025,Jul,Kuruvai/Sornavari,ERODE,rice,cereals,Alluvia or loamy and clayey soil,5.0,8.0,150.0,150.0,627.04,41.18,19.32,900.0,2500.0
2024,Sep,Kuruvai/Sornavari,ERODE,french bean,vegetables,Well drained loamy soil,5.5,6.0,40.0,50.0,334.64,27.75,12.49,900.0,1200.0
2023,Aug,Kuruvai/Sornavari,KRISHNAGIRI,ash gourd,vegetables,Sandy loam,6.0,6.7,120.0,120.0,705.47,28.62,25.96,900.0,1200.0
2024,Jun,Kuruvai/Sornavari,CAUVERY,sugarbeet,sugar crops,Well drained sandy loam and clayey loam soils ,6.0,8.0,150.0,180.0,449.03,25.47,15.87,600.0,800.0
2024,Jun,Kuruvai/Sornavari,KRISHNAGIRI,niger,oil seeds,"Loams, silt loams, clay loams, or silty clay loams",5.2,7.3,80.0,80.0,639.66,25.0,15.24,1000.0,1300.0
2022,Feb,Navarai/Kodai,KANYAKUMARI,curry leaf,greenleafy,Red sandy loam,5.2,5.5,90.0,85.0,338.39,37.13,24.66,1000.0,1000.0
2023,Dec,Samba/Thaladi,CHENGLEPUT,curry leaf,greenleafy,Red sandy loam,5.2,5.5,90.0,85.0,653.08,37.77,28.2,1000.0,1000.0
2021,Nov,Samba/Thaladi,TIRUVARUR,peas,vegetables,Sandy loam,6.5,7.5,60.0,70.0,300.95,29.55,14.31,900.0,1200.0
2023,Dec,Samba/Thaladi,THOOTHUKUDI,bottle gourd,vegetables,Sandy loam,6.0,6.7,120.0,120.0,710.84,28.77,21.95,900.0,1200.0
2021,Jul,Kuruvai/Sornavari,CHENGLEPUT,celery,greenleafy,Silt Loam to loamy,6.0,8.5,120.0,150.0,528.8,30.06,12.32,1000.0,1000.0
2024,Nov,Samba/Thaladi,KARUR,fieldlablab,pulses,Well drained loamy soil,6.2,7.0,105.0,105.0,349.78,31.93,22.23,650.0,1000.0
2025,Jun,Kuruvai/Sornavari,TIRUVARUR,ribbed gourd,vegetables,Sandy Loam,6.5,7.5,125.0,125.0,795.5,30.94,23.52,900.0,1200.0
2021,Feb,Navarai/Kodai,THIRUPPUR,guinea grass,forage crops,Well drained sandy loam and clayey loam soils ,5.0,7.0,45.0,55.0,297.99,35.54,13.37,1000.0,480.0
2024,Aug,Kuruvai/Sornavari,THIRUCHIRAPALLI,small onion,bulbvegetables,Sandy loam,6.0,7.0,70.0,90.0,372.85,25.53,16.69,650.0,750.0
2025,Mar,Navarai/Kodai,KANYAKUMARI,Bread fruit,minor vegetables,Sandy loam,6.1,7.4,100.0,100.0,1083.69,34.57,19.38,2030.0,2540.0
2025,Oct,Samba/Thaladi,CHENGLEPUT,capsicum,vegetables,Loamy soil/ Lateritic soil,5.5,7.0,60.0,60.0,764.86,31.33,13.89,500.0,1200.0
2025,Jan,Navarai/Kodai,VILLUPURAM,greengram,pulses,well-drained sandy loams or sandy soils ,6.5,7.5,100.0,100.0,340.79,36.13,26.77,850.0,1000.0
2024,May,Navarai/Kodai,VILLUPURAM,Knol-khol,minor vegetables,Sandy loam,5.5,7.0,50.0,65.0,717.15,29.69,15.13,900.0,1200.0
2022,Apr,Navarai/Kodai,TANJORE,cucumber,vegetables,Loamy,6.5,7.5,120.0,120.0,952.61,32.93,28.95,1200.0,1500.0
2024,Oct,Samba/Thaladi,MADURAI,Pearl millet,millets,"clay, clay loam, or sandy loam soils",5.5,7.5,75.0,85.0,276.37,44.37,16.89,350.0,500.0
2024,Jul,Kuruvai/Sornavari,KANCHEEPURAM,Turnip,minor vegetables,Loamy soil,5.5,6.8,42.0,56.0,259.97,21.03,13.97,900.0,1200.0
2023,Jan,Navarai/Kodai,DHARMAPURI,dioscorea,Root&tuber,well-drained soil,6.0,6.5,270.0,300.0,1109.65,31.52,30.0,1000.0,2000.0
2022,Jul,Kuruvai/Sornavari,KANCHEEPURAM,Ceylon spinach,minor vegetables,Sandy loam,6.5,7.0,40.0,50.0,412.17,24.52,11.8,900.0,1200.0
2025,May,Navarai/Kodai,DHARMAPURI,kudirai masi,forage crops,Well drained sandy loam and clayey loam soils ,6.5,7.5,45.0,55.0,140.68,34.81,28.89,300.0,350.0
2022,Jun,Kuruvai/Sornavari,KANYAKUMARI,onion,vegetables, Any Loamy,5.8,6.5,100.0,120.0,208.19,25.9,20.69,350.0,550.0
2024,Apr,Navarai/Kodai,MADURAI,fodder maize,forage crops,Well drained sandy loam and clayey loam soils ,5.5,8.0,60.0,70.0,148.08,40.17,12.74,500.0,480.0
2023,Jun,Kuruvai/Sornavari,THE NILGRIS,bitter gourd,vegetables,Well drained loamy soil,6.5,7.0,55.0,60.0,672.92,27.8,26.65,900.0,1200.0
2021,Mar,Navarai/Kodai,ERODE,greengram,pulses,well-drained sandy loams or sandy soils ,6.5,7.5,100.0,100.0,420.51,35.48,28.46,850.0,1000.0
2025,Apr,Navarai/Kodai,DHARMAPURI,fieldlablab,pulses,Well drained loamy soil,6.2,7.0,105.0,105.0,409.35,28.97,20.06,650.0,1000.0
2022,Dec,Samba/Thaladi,THIRUPPUR,Phaseolus lunatus,minor vegetables,Sandy loam,6.0,6.8,90.0,90.0,459.69,27.84,19.68,900.0,2000.0
2024,Jul,Kuruvai/Sornavari,RAMANATHANPURAM,kollukattai pullu,forage crops,Well drained sandy loam and clayey loam soils ,7.0,7.5,45.0,55.0,234.79,26.17,24.95,500.0,480.0
2023,Jun,Kuruvai/Sornavari,RAMANATHANPURAM,bengalgram,pulses,medium to heavy black soil,5.5,7.0,90.0,120.0,300.16,31.33,22.53,650.0,1000.0
2023,Sep,Kuruvai/Sornavari,ARIYALUR,snake gourd,vegetables,Loamy soil/ Lateritic soil,6.0,6.7,90.0,90.0,736.93,25.42,17.95,900.0,1200.0
2022,Aug,Kuruvai/Sornavari,SALEM,sugarcane,sugar crops,Clayey Loamy Soil/ Black Cotton Soil/ Red Loamy Soil/ Brown Loamy Soil,6.5,8.0,300.0,330.0,1336.57,28.03,21.32,1500.0,2500.0
2021,Oct,Samba/Thaladi,THIRUVALLUR,Asparagus,minor vegetables,Sandy loam,6.0,6.7,730.0,730.0,523.15,28.64,15.73,900.0,1200.0
2024,Jul,Kuruvai/Sornavari,PUDUKKOTTAI,radish,Root&tuber,Well grained deep loamy moist and alluviual soil,5.5,6.8,21.0,21.0,363.85,22.13,13.78,1000.0,1000.0
2024,Sep,Kuruvai/Sornavari,TIRUVARUR,jute,fibre crop,Sandy and Clay Loam,6.0,7.5,120.0,140.0,785.25,34.54,28.48,1000.0,1300.0
2024,Jun,Kuruvai/Sornavari,KARUR,ragi,millets,"red, black, sandy, loamy and shallow black soils.",5.0,8.2,100.0,120.0,486.81,28.95,10.85,700.0,1200.0
2024,Jun,Kuruvai/Sornavari,HILLY REGIONS OF SHEVROY,muskmelon,vegetables,Sandy Loam,6.5,7.5,70.0,100.0,548.71,30.85,25.28,900.0,1200.0
2024,Aug,Kuruvai/Sornavari,KANYAKUMARI,annual moringa,vegetables,Sandy loam,6.5,8.0,210.0,240.0,619.47,35.54,29.19,900.0,1200.0
2023,May,Navarai/Kodai,THIRUPPUR,blackgram,pulses,sandy soils to heavy cotton soils,6.5,7.8,70.0,75.0,299.82,38.64,20.12,600.0,1000.0
2022,Jan,Navarai/Kodai,TIRUVARUR,ash gourd,vegetables,Sandy loam,6.0,6.7,120.0,120.0,374.66,26.79,26.76,900.0,1200.0
2023,Jan,Navarai/Kodai,COIMBATORE,celery,greenleafy,Silt Loam to loamy,6.0,8.5,120.0,150.0,429.49,30.71,11.73,1000.0,1000.0
2021,Jul,Kuruvai/Sornavari,NAMAKAL,bengalgram,pulses,medium to heavy black soil,5.5,7.0,90.0,120.0,519.51,31.55,20.63,650.0,1000.0
2021,Aug,Kuruvai/Sornavari,JAWAD HILLS,Lettuce,minor vegetables,Sandy loam,6.0,6.5,45.0,55.0,428.18,24.53,18.85,900.0,1200.0
2024,Aug,Kuruvai/Sornavari,HILLY REGIONS OF SHEVROY,guinea grass,forage crops,Well drained sandy loam and clayey loam soils ,5.0,7.0,45.0,55.0,307.77,36.09,13.46,1000.0,480.0
2022,Feb,Navarai/Kodai,HILLY REGIONS OF SHEVROY,onion,vegetables, Any Loamy,5.8,6.5,100.0,120.0,227.47,25.02,22.12,350.0,550.0
2022,Jun,Kuruvai/Sornavari,THOOTHUKUDI,elephant foot yam,Root&tuber,Rich red loamy soil,5.5,7.0,240.0,240.0,278.49,36.14,23.75,1000.0,1500.0
2025,Nov,Samba/Thaladi,DINDIGUL,small onion,bulbvegetables,Sandy loam,6.0,7.0,70.0,90.0,267.18,25.63,14.84,650.0,750.0
2022,Nov,Samba/Thaladi,JAWAD HILLS,Celery,minor vegetables,Sandy loam,5.8,6.8,120.0,150.0,621.89,22.57,13.2,900.0,1200.0
2021,Jan,Navarai/Kodai,DINDIGUL,Chinese cabbage,minor vegetables,Sandy loam,5.5,7.0,50.0,80.0,317.7,24.15,19.44,900.0,1200.0
2023,Sep,Kuruvai/Sornavari,KANCHEEPURAM,gherkins,vegetables,Sandy loam,5.8,7.0,90.0,90.0,577.05,32.77,18.03,900.0,1200.0
2021,Jun,Kuruvai/Sornavari,NAGAPATTINAM,amaranthus,greenleafy,Silt Loam to loamy,6.5,7.5,70.0,75.0,320.39,25.74,20.26,1000.0,1000.0
2021,Nov,Samba/Thaladi,THE NILGRIS,fodder cumbu,forage crops,Well drained sandy loam and clayey loam soils ,4.0,7.5,45.0,120.0,168.75,33.93,24.3,500.0,480.0
2024,May,Navarai/Kodai,NAMAKAL,broadbean,vegetables,Well drained loamy soil,5.5,6.0,80.0,100.0,250.47,24.14,12.09,900.0,1200.0
2022,Aug,Kuruvai/Sornavari,THIRUNELVELI,elephant foot yam,Root&tuber,Rich red loamy soil,5.5,7.0,240.0,240.0,935.44,35.29,24.15,1000.0,1500.0
2021,May,Navarai/Kodai,NAGAPATTINAM,Asparagus,minor vegetables,Sandy loam,6.0,6.7,730.0,730.0,598.06,26.48,16.65,900.0,1200.0
2024,Mar,Navarai/Kodai,DHARMAPURI,Phaseolus lunatus,minor vegetables,Sandy loam,6.0,6.8,90.0,90.0,516.18,28.9,15.6,900.0,2000.0
2025,Apr,Navarai/Kodai,THENI,celery,greenleafy,Silt Loam to loamy,6.0,8.5,120.0,150.0,407.51,30.29,15.05,1000.0,1000.0
2023,Apr,Navarai/Kodai,CAUVERY,Lettuce,minor vegetables,Sandy loam,6.0,6.5,45.0,55.0,399.25,24.83,18.28,900.0,1200.0
2025,Jul,Kuruvai/Sornavari,THIRUPPUR,cauliflower,colecrops,LoamySandy,6.5,6.8,55.0,100.0,257.86,29.79,10.0,380.0,500.0
2021,Jan,Navarai/Kodai,HILLY REGIONS OF SHEVROY,watermelon,vegetables,Sandy,6.0,7.5,70.0,85.0,626.05,28.54,25.37,900.0,1200.0
2024,Oct,Samba/Thaladi,VILLUPURAM,Chekurmanis,minor vegetables,Sandy loam,5.5,7.5,90.0,120.0,514.54,36.73,26.75,900.0,1200.0
2023,Jun,Kuruvai/Sornavari,CAUVERY,Winged Bean,minor vegetables,Sandy loam,7.0,12.0,42.0,42.0,798.31,31.01,24.33,900.0,1200.0
2023,Jun,Kuruvai/Sornavari,KANCHEEPURAM,Asparagus,minor vegetables,Sandy loam,6.0,6.7,730.0,730.0,562.97,29.05,17.22,900.0,1200.0
2023,Feb,Navarai/Kodai,SALEM,panivaragu,millets,sandy loam to clays of black cotton soils,5.5,7.0,70.0,75.0,230.11,41.28,13.31,330.0,350.0
2023,Jun,Kuruvai/Sornavari,SIVAGANGAI,Phaseolus lunatus,minor vegetables,Sandy loam,6.0,6.8,90.0,90.0,663.98,28.38,19.73,900.0,2000.0
2024,Dec,Samba/Thaladi,MADURAI,Chekurmanis,minor vegetables,Sandy loam,5.5,7.5,90.0,120.0,524.43,35.61,26.95,900.0,1200.0
2025,Sep,Kuruvai/Sornavari,THENI,thinai,millets,"alluvial,loamy ",5.5,7.0,85.0,90.0,569.99,30.78,21.92,500.0,900.0
2025,Jun,Kuruvai/Sornavari,DINDIGUL,Coccinia,minor vegetables,Sandy loam,6.0,6.5,90.0,90.0,732.39,27.77,19.73,900.0,1200.0
2025,May,Navarai/Kodai,HILLY REGIONS OF SHEVROY,cauliflower,colecrops,LoamySandy,6.5,6.8,55.0,100.0,128.38,30.03,10.0,380.0,500.0
2022,Jan,Navarai/Kodai,THE NILGRIS,annual moringa,vegetables,Sandy loam,6.5,8.0,210.0,240.0,620.89,31.97,23.37,900.0,1200.0
2023,Apr,Navarai/Kodai,KANCHEEPURAM,cucumber,vegetables,Loamy,6.5,7.5,120.0,120.0,761.39,34.0,26.13,1200.0,1500.0
2022,Oct,Samba/Thaladi,ARIYALUR,sorghum,millets,well-drained loamy soils,6.0,7.5,95.0,105.0,187.0,40.23,16.52,450.0,650.0
2022,Jan,Navarai/Kodai,MADURAI,sunflower,oil seeds,"Loams, silt loams, clay loams, or silty clay loams",6.5,8.0,85.0,95.0,293.12,25.58,23.07,350.0,500.0
2022,Nov,Samba/Thaladi,SALEM,cucumber,vegetables,Loamy,6.5,7.5,120.0,120.0,483.66,36.18,24.64,1200.0,1500.0
2021,Sep,Kuruvai/Sornavari,PERAMBALUR,onion,vegetables, Any Loamy,5.8,6.5,100.0,120.0,92.22,25.69,20.93,350.0,550.0
2025,Apr,Navarai/Kodai,KRISHNAGIRI,cauliflower,colecrops,LoamySandy,6.5,6.8,55.0,100.0,241.02,25.45,10.0,380.0,500.0
2024,Jul,Kuruvai/Sornavari,THOOTHUKUDI,chinese potato,Root&tuber,well-drained soil,4.8,5.8,120.0,150.0,345.78,23.12,18.94,1000.0,1000.0
2021,Feb,Navarai/Kodai,KOLLI HILLS,french bean,vegetables,Well drained loamy soil,5.5,6.0,40.0,50.0,675.07,28.03,12.93,900.0,1200.0
2025,Jul,Kuruvai/Sornavari,KANCHEEPURAM,sweet sorghum,sugar crops,Well drained sandy loam and clayey loam soils ,6.0,8.5,115.0,125.0,248.37,30.85,25.59,500.0,600.0
2021,Jun,Kuruvai/Sornavari,CUDDALORE,Turnip,minor vegetables,Loamy soil,5.5,6.8,42.0,56.0,398.49,21.44,10.61,900.0,1200.0
2025,May,Navarai/Kodai,NAMAKAL,Cabbage,colecrops,LoamySandy,6.0,6.5,80.0,180.0,220.15,25.15,11.51,380.0,500.0
2023,Jul,Kuruvai/Sornavari,KARUR,capsicum,vegetables,Loamy soil/ Lateritic soil,5.5,7.0,60.0,60.0,703.87,29.8,14.49,500.0,1200.0
2021,Jun,Kuruvai/Sornavari,THENI,swordbean,pulses, well-drained sandy loams or sandy soils ,5.0,6.0,110.0,120.0,267.21,32.06,12.3,900.0,1500.0
2023,Feb,Navarai/Kodai,TIRUVARUR,cotton,fibre crop," black soils, (ii) red soils and (iii) alluvial soils.",7.0,8.0,135.0,140.0,401.69,31.24,21.01,700.0,1300.0
2025,Oct,Samba/Thaladi,SALEM,bitter gourd,vegetables,Well drained loamy soil,6.5,7.0,55.0,60.0,588.94,31.08,23.9,900.0,1200.0
2025,Sep,Kuruvai/Sornavari,ARIYALUR,ash gourd,vegetables,Sandy loam,6.0,6.7,120.0,120.0,536.58,29.51,23.62,900.0,1200.0
2024,Jun,Kuruvai/Sornavari,COIMBATORE,Cabbage,colecrops,LoamySandy,6.0,6.5,80.0,180.0,251.15,25.43,11.63,380.0,500.0
2025,May,Navarai/Kodai,ARIYALUR,sugarcane,sugar crops,Clayey Loamy Soil/ Black Cotton Soil/ Red Loamy Soil/ Brown Loamy Soil,6.5,8.0,300.0,330.0,710.57,25.43,23.82,1500.0,2500.0
2022,Jun,Kuruvai/Sornavari,DHARMAPURI,chowchow,vegetables,Loamy soil/ Lateritic soil,5.5,6.5,150.0,150.0,672.41,24.83,22.02,1200.0,1500.0
2021,Sep,Kuruvai/Sornavari,RAMANATHANPURAM,bitter gourd,vegetables,Well drained loamy soil,6.5,7.0,55.0,60.0,537.05,25.95,24.75,900.0,1200.0
2021,Aug,Kuruvai/Sornavari,CUDDALORE,bitter gourd,vegetables,Well drained loamy soil,6.5,7.0,55.0,60.0,308.41,29.3,24.44,900.0,1200.0
2025,Jun,Kuruvai/Sornavari,KANYAKUMARI,cucumber,vegetables,Loamy,6.5,7.5,120.0,120.0,800.27,35.11,24.94,1200.0,1500.0
2021,Jan,Navarai/Kodai,KANCHEEPURAM,Celery,minor vegetables,Sandy loam,5.8,6.8,120.0,150.0,270.83,24.94,18.48,900.0,1200.0
2021,Oct,Samba/Thaladi,KANCHEEPURAM,bellary onion,minor vegetables,Sandy loam,5.8,6.5,150.0,150.0,730.88,25.6,11.08,900.0,1200.0
2023,Jun,Kuruvai/Sornavari,CAUVERY,ash gourd,vegetables,Sandy loam,6.0,6.7,120.0,120.0,414.6,27.15,22.38,900.0,1200.0
2021,Apr,Navarai/Kodai,PUDUKKOTTAI,kudiraivali,millets,Loamy Soil,5.5,7.0,75.0,95.0,158.69,23.48,22.44,500.0,900.0
2025,Sep,Kuruvai/Sornavari,THIRUVALLUR,capsicum,vegetables,Loamy soil/ Lateritic soil,5.5,7.0,60.0,60.0,318.49,28.11,13.61,500.0,1200.0
2022,Feb,Navarai/Kodai,ARIYALUR,Phaseolus lunatus,minor vegetables,Sandy loam,6.0,6.8,90.0,90.0,594.93,28.78,16.22,900.0,2000.0
2021,Jul,Kuruvai/Sornavari,KARUR,maize,millets,temperate podzols to the leached red soils of the tropics. ,5.5,7.0,105.0,110.0,320.07,25.95,18.8,500.0,800.0
2024,Jan,Navarai/Kodai,THE NILGRIS,cluster bean,vegetables,Sandy Loam,7.0,8.5,60.0,90.0,553.12,26.45,19.18,900.0,1200.0
2025,Aug,Kuruvai/Sornavari,THIRUCHIRAPALLI,bhendi,vegetables,Loamy soil/ Lateritic soil,6.0,6.8,55.0,65.0,1048.56,26.17,26.59,1200.0,2200.0
2021,Dec,Samba/Thaladi,THIRUCHIRAPALLI,colocasia,Root&tuber,Well grained deep loamy moist and alluviual soil,5.5,7.0,150.0,180.0,649.06,35.92,22.56,1000.0,1000.0
2025,Apr,Navarai/Kodai,DHARMAPURI,cucumber,vegetables,Loamy,6.5,7.5,120.0,120.0,657.74,30.5,28.08,1200.0,1500.0
2023,Jul,Kuruvai/Sornavari,TANJORE,onion,vegetables, Any Loamy,5.8,6.5,100.0,120.0,284.48,25.96,19.56,350.0,550.0
2024,Dec,Samba/Thaladi,CHENGLEPUT,cowpea,pulses, well-drained sandy loams or sandy soils ,5.0,6.5,60.0,90.0,318.09,26.51,22.18,400.0,700.0
2022,Aug,Kuruvai/Sornavari,SALEM,cotton,fibre crop," black soils, (ii) red soils and (iii) alluvial soils.",7.0,8.0,135.0,140.0,805.34,27.73,23.05,700.0,1300.0
2023,Jan,Navarai/Kodai,DINDIGUL,bengalgram,pulses,medium to heavy black soil,5.5,7.0,90.0,120.0,590.81,26.0,20.19,650.0,1000.0
2024,Jun,Kuruvai/Sornavari,ARIYALUR,ribbed gourd,vegetables,Sandy Loam,6.5,7.5,125.0,125.0,466.35,35.78,23.3,900.0,1200.0
2022,Sep,Kuruvai/Sornavari,DINDIGUL,Winged Bean,minor vegetables,Sandy loam,7.0,12.0,42.0,42.0,410.08,29.3,26.15,900.0,1200.0
2023,May,Navarai/Kodai,PERAMBALUR,guinea grass,forage crops,Well drained sandy loam and clayey loam soils ,5.0,7.0,45.0,55.0,275.56,33.1,17.6,1000.0,480.0
2024,Apr,Navarai/Kodai,THOOTHUKUDI,Chinese cabbage,minor vegetables,Sandy loam,5.5,7.0,50.0,80.0,642.74,24.94,18.18,900.0,1200.0
2024,Aug,Kuruvai/Sornavari,MADURAI,fodder cowpea,forage crops,Well drained sandy loam and clayey loam soils ,5.0,6.5,50.0,65.0,115.55,28.65,21.14,300.0,350.0
2021,Mar,Navarai/Kodai,KRISHNAGIRI,panivaragu,millets,sandy loam to clays of black cotton soils,5.5,7.0,70.0,75.0,193.08,43.11,13.16,330.0,350.0
2021,Oct,Samba/Thaladi,THIRUNELVELI,velimasal,forage crops,Well drained sandy loam and clayey loam soils ,5.8,7.0,45.0,55.0,96.21,32.45,29.42,300.0,350.0
2024,Oct,Samba/Thaladi,THIRUCHIRAPALLI,ragi,millets,"red, black, sandy, loamy and shallow black soils.",5.0,8.2,100.0,120.0,300.09,27.76,14.8,700.0,1200.0
2023,Nov,Samba/Thaladi,CAUVERY,cowpea,pulses, well-drained sandy loams or sandy soils ,5.0,6.5,60.0,90.0,138.83,31.06,24.63,400.0,700.0
2021,Aug,Kuruvai/Sornavari,DINDIGUL,amaranthus,greenleafy,Silt Loam to loamy,6.5,7.5,70.0,75.0,515.0,29.53,22.97,1000.0,1000.0
2023,Feb,Navarai/Kodai,ERODE,snake gourd,vegetables,Loamy soil/ Lateritic soil,6.0,6.7,90.0,90.0,471.99,25.52,17.76,900.0,1200.0
2021,Oct,Samba/Thaladi,JAWAD HILLS,Basella,minor vegetables,Sandy loam,5.5,8.0,70.0,70.0,265.11,31.63,15.74,900.0,1200.0
2023,Dec,Samba/Thaladi,THIRUPPUR,Mint,minor vegetables,Loamy soil,6.5,7.0,100.0,120.0,412.8,25.71,24.5,1000.0,1100.0
2023,Feb,Navarai/Kodai,RAMANATHANPURAM,bottle gourd,vegetables,Sandy loam,6.0,6.7,120.0,120.0,647.86,25.62,20.41,900.0,1200.0
2023,Mar,Navarai/Kodai,VELLORE,broadbean,vegetables,Well drained loamy soil,5.5,6.0,80.0,100.0,706.33,24.93,13.84,900.0,1200.0
2022,May,Navarai/Kodai,KANYAKUMARI,cumbu napier hybrid,forage crops,Well drained sandy loam and clayey loam soils ,5.0,8.6,45.0,55.0,648.52,26.22,21.92,800.0,1000.0
2023,Nov,Samba/Thaladi,MADURAI,sweet sorghum,sugar crops,Well drained sandy loam and clayey loam soils ,6.0,8.5,115.0,125.0,247.86,30.27,26.84,500.0,600.0
2022,Feb,Navarai/Kodai,THENI,cowpea,pulses, well-drained sandy loams or sandy soils ,5.0,6.5,60.0,90.0,206.35,26.1,20.17,400.0,700.0
2024,Dec,Samba/Thaladi,VELLORE,Winged Bean,minor vegetables,Sandy loam,7.0,12.0,42.0,42.0,568.51,31.29,25.13,900.0,1200.0
2023,Nov,Samba/Thaladi,SIVAGANGAI,tomato,vegetables,Sandy loam,6.5,7.5,90.0,140.0,214.25,28.58,18.24,600.0,800.0
2023,Nov,Samba/Thaladi,SALEM,wheat,cereals,Well Drained,6.0,7.0,80.0,90.0,396.98,25.05,25.64,450.0,650.0
2023,Feb,Navarai/Kodai,VELLORE,annual moringa,vegetables,Sandy loam,6.5,8.0,210.0,240.0,699.61,32.37,29.99,900.0,1200.0
2024,Jan,Navarai/Kodai,CHENGLEPUT,tinda,vegetables,Sandy loam,6.5,7.5,70.0,70.0,314.36,28.51,27.93,900.0,1200.0
2021,Dec,Samba/Thaladi,VILLUPURAM,bhendi,vegetables,Loamy soil/ Lateritic soil,6.0,6.8,55.0,65.0,1071.95,25.08,26.36,1200.0,2200.0
2023,Aug,Kuruvai/Sornavari,SIVAGANGAI,velimasal,forage crops,Well drained sandy loam and clayey loam soils ,5.8,7.0,45.0,55.0,176.07,35.49,24.34,300.0,350.0
2025,Sep,Kuruvai/Sornavari,THIRUVALLUR,Asparagus,minor vegetables,Sandy loam,6.0,6.7,730.0,730.0,783.28,25.3,14.97,900.0,1200.0
2025,Sep,Kuruvai/Sornavari,THIRUCHIRAPALLI,Celery,minor vegetables,Sandy loam,5.8,6.8,120.0,150.0,410.87,23.3,19.21,900.0,1200.0
2025,Jan,Navarai/Kodai,ERODE,snake gourd,vegetables,Loamy soil/ Lateritic soil,6.0,6.7,90.0,90.0,279.66,25.16,22.55,900.0,1200.0
2023,Jun,Kuruvai/Sornavari,THIRUCHIRAPALLI,Ceylon spinach,minor vegetables,Sandy loam,6.5,7.0,40.0,50.0,381.95,24.74,10.1,900.0,1200.0
2023,Oct,Samba/Thaladi,HILLY REGIONS OF SHEVROY,Cabbage,colecrops,LoamySandy,6.0,6.5,80.0,180.0,126.15,26.36,11.64,380.0,500.0
2023,Sep,Kuruvai/Sornavari,JAWAD HILLS,bhendi,vegetables,Loamy soil/ Lateritic soil,6.0,6.8,55.0,65.0,358.94,25.12,28.27,1200.0,2200.0
2021,Jun,Kuruvai/Sornavari,CAUVERY,sugarbeet,sugar crops,Well drained sandy loam and clayey loam soils ,6.0,8.0,150.0,180.0,343.08,26.25,13.52,600.0,800.0
2025,May,Navarai/Kodai,NAMAKAL,sweet potato,Root&tuber,well-drained soil,5.7,6.7,90.0,120.0,645.46,25.1,23.26,1000.0,1000.0
2025,Oct,Samba/Thaladi,THOOTHUKUDI,sweet sorghum,sugar crops,Well drained sandy loam and clayey loam soils ,6.0,8.5,115.0,125.0,258.95,25.14,25.23,500.0,600.0
2021,Jun,Kuruvai/Sornavari,NAGAPATTINAM,tomato,vegetables,Sandy loam,6.5,7.5,90.0,140.0,512.9,31.0,22.28,600.0,800.0
2022,Dec,Samba/Thaladi,THIRUNELVELI,kollukattai pullu,forage crops,Well drained sandy loam and clayey loam soils ,7.0,7.5,45.0,55.0,305.92,25.02,19.74,500.0,480.0
2025,Sep,Kuruvai/Sornavari,ERODE,kudirai masi,forage crops,Well drained sandy loam and clayey loam soils ,6.5,7.5,45.0,55.0,88.28,34.04,25.4,300.0,350.0
2025,Mar,Navarai/Kodai,THALAVADI HILLS,fieldlablab,pulses,Well drained loamy soil,6.2,7.0,105.0,105.0,611.15,28.6,22.32,650.0,1000.0
2021,Sep,Kuruvai/Sornavari,THIRUPPUR,paprika,vegetables,Sandy loam,5.8,6.5,160.0,180.0,319.23,29.79,26.9,700.0,1000.0
2024,May,Navarai/Kodai,KANCHEEPURAM,redgram,pulses,deep loam soils,6.5,7.0,120.0,150.0,768.84,27.59,19.85,600.0,1400.0
2022,Jun,Kuruvai/Sornavari,MADURAI,tobacco,other crops,Well drained sandy loam and clayey loam soils ,7.5,8.5,90.0,100.0,646.65,28.76,28.66,800.0,1000.0
2024,Sep,Kuruvai/Sornavari,MADURAI,guinea grass,forage crops,Well drained sandy loam and clayey loam soils ,5.0,7.0,45.0,55.0,313.25,37.93,16.91,1000.0,480.0
2025,Dec,Samba/Thaladi,DHARMAPURI,panivaragu,millets,sandy loam to clays of black cotton soils,5.5,7.0,70.0,75.0,117.98,42.12,10.76,330.0,350.0
2022,Nov,Samba/Thaladi,CHENGLEPUT,fieldlablab,pulses,Well drained loamy soil,6.2,7.0,105.0,105.0,606.98,29.47,22.67,650.0,1000.0
2025,Jul,Kuruvai/Sornavari,RAMANATHANPURAM,swordbean,pulses, well-drained sandy loams or sandy soils ,5.0,6.0,110.0,120.0,463.56,36.79,10.0,900.0,1500.0
2025,Oct,Samba/Thaladi,MADURAI,samai,millets,Loamy Soil,8.5,9.0,80.0,100.0,266.81,40.78,26.97,480.0,750.0
2025,Aug,Kuruvai/Sornavari,KARUR,fodder cumbu,forage crops,Well drained sandy loam and clayey loam soils ,4.0,7.5,45.0,120.0,158.63,31.87,29.51,500.0,480.0
2021,Mar,Navarai/Kodai,HILLY REGIONS OF SHEVROY,swordbean,pulses, well-drained sandy loams or sandy soils ,5.0,6.0,110.0,120.0,543.28,36.32,12.19,900.0,1500.0
2024,Nov,Samba/Thaladi,COIMBATORE,tobacco,other crops,Well drained sandy loam and clayey loam soils ,7.5,8.5,90.0,100.0,448.22,31.23,27.68,800.0,1000.0
2021,Jan,Navarai/Kodai,KRISHNAGIRI,Palak,minor vegetables,Sandy loam,6.5,7.0,37.0,45.0,724.17,33.53,14.81,900.0,1200.0
2025,Mar,Navarai/Kodai,SIVAGANGAI,fodder cholam,forage crops,Well drained sandy loam and clayey loam soils ,5.5,7.5,1095.0,1095.0,105.63,32.0,26.22,300.0,350.0
2025,Mar,Navarai/Kodai,PUDUKKOTTAI,paprika,vegetables,Sandy loam,5.8,6.5,160.0,180.0,221.55,31.93,26.99,700.0,1000.0
2025,Nov,Samba/Thaladi,PUDUKKOTTAI,lablab,vegetables,Well drained loamy soil,6.5,8.5,70.0,75.0,760.45,30.53,24.23,900.0,1200.0
2025,Apr,Navarai/Kodai,THIRUVANNAMALAI,cumbu napier hybrid,forage crops,Well drained sandy loam and clayey loam soils ,5.0,8.6,45.0,55.0,591.48,25.22,19.84,800.0,1000.0
2023,Apr,Navarai/Kodai,PERAMBALUR,muskmelon,vegetables,Sandy Loam,6.5,7.5,70.0,100.0,425.15,31.52,27.1,900.0,1200.0
2025,Sep,Kuruvai/Sornavari,PUDUKKOTTAI,curry leaf,greenleafy,Red sandy loam,5.2,5.5,90.0,85.0,491.97,38.77,24.69,1000.0,1000.0
2022,Jun,Kuruvai/Sornavari,RAMANATHANPURAM,fodder cumbu,forage crops,Well drained sandy loam and clayey loam soils ,4.0,7.5,45.0,120.0,203.91,35.52,25.46,500.0,480.0
2022,Feb,Navarai/Kodai,ARIYALUR,french bean,vegetables,Well drained loamy soil,5.5,6.0,40.0,50.0,720.45,28.37,10.05,900.0,1200.0
2025,Oct,Samba/Thaladi,NAMAKAL,Rhubarb,minor vegetables,Sandy loam,6.0,6.8,56.0,70.0,419.6,25.73,10.0,900.0,1200.0
2025,Jul,Kuruvai/Sornavari,THIRUVALLUR,capsicum,vegetables,Loamy soil/ Lateritic soil,5.5,7.0,60.0,60.0,302.8,28.02,18.66,500.0,1200.0
2025,Jan,Navarai/Kodai,KOLLI HILLS,swordbean,pulses, well-drained sandy loams or sandy soils ,5.0,6.0,110.0,120.0,856.68,36.17,14.81,900.0,1500.0
2023,Sep,Kuruvai/Sornavari,TIRUVARUR,guinea grass,forage crops,Well drained sandy loam and clayey loam soils ,5.0,7.0,45.0,55.0,311.15,35.35,19.83,1000.0,480.0
2022,Jan,Navarai/Kodai,RAMANATHANPURAM,onion,vegetables, Any Loamy,5.8,6.5,100.0,120.0,199.97,25.51,18.28,350.0,550.0
2023,Sep,Kuruvai/Sornavari,SIVAGANGAI,bengalgram,pulses,medium to heavy black soil,5.5,7.0,90.0,120.0,608.48,27.88,20.82,650.0,1000.0
2023,Jul,Kuruvai/Sornavari,THIRUNELVELI,guinea grass,forage crops,Well drained sandy loam and clayey loam soils ,5.0,7.0,45.0,55.0,301.95,37.12,16.64,1000.0,480.0
2025,Mar,Navarai/Kodai,KANCHEEPURAM,chinese potato,Root&tuber,well-drained soil,4.8,5.8,120.0,150.0,398.23,23.59,15.48,1000.0,1000.0
2024,Jul,Kuruvai/Sornavari,DHARMAPURI,bellary onion,minor vegetables,Sandy loam,5.8,6.5,150.0,150.0,568.67,25.67,15.65,900.0,1200.0
2024,Jul,Kuruvai/Sornavari,KARUR,tinda,vegetables,Sandy loam,6.5,7.5,70.0,70.0,586.29,26.04,23.15,900.0,1200.0
2025,Oct,Samba/Thaladi,TIRUVARUR,gherkins,vegetables,Sandy loam,5.8,7.0,90.0,90.0,653.17,31.78,13.51,900.0,1200.0
2023,Aug,Kuruvai/Sornavari,THIRUVANNAMALAI,tapoica,Root&tuber,Red lateritic loam,5.5,7.0,270.0,300.0,417.67,29.93,27.52,1000.0,1000.0
2025,Nov,Samba/Thaladi,THIRUPPUR,groundnut,oil seeds,Well-drained sandy loam or sandy clay loam soil ,6.5,7.0,140.0,150.0,414.58,42.26,14.66,500.0,700.0
2021,Apr,Navarai/Kodai,CAUVERY,sugarbeet,sugar crops,Well drained sandy loam and clayey loam soils ,6.0,8.0,150.0,180.0,209.36,25.07,16.48,600.0,800.0
2021,Apr,Navarai/Kodai,VILLUPURAM,velimasal,forage crops,Well drained sandy loam and clayey loam soils ,5.8,7.0,45.0,55.0,179.06,35.13,29.53,300.0,350.0
2025,Feb,Navarai/Kodai,THENI,fodder cowpea,forage crops,Well drained sandy loam and clayey loam soils ,5.0,6.5,50.0,65.0,81.7,26.4,20.15,300.0,350.0
2024,Jan,Navarai/Kodai,MADURAI,cumbu napier hybrid,forage crops,Well drained sandy loam and clayey loam soils ,5.0,8.6,45.0,55.0,403.27,25.9,21.99,800.0,1000.0
2024,Oct,Samba/Thaladi,HILLY REGIONS OF SHEVROY,horsegram,pulses, light to heavy soils ,6.0,7.5,100.0,105.0,525.76,36.09,29.92,800.0,800.0
2021,Aug,Kuruvai/Sornavari,ARIYALUR,Winged Bean,minor vegetables,Sandy loam,7.0,12.0,42.0,42.0,362.77,28.2,27.34,900.0,1200.0
2023,Apr,Navarai/Kodai,THIRUVALLUR,annual moringa,vegetables,Sandy loam,6.5,8.0,210.0,240.0,516.36,31.65,25.64,900.0,1200.0
2024,Jun,Kuruvai/Sornavari,COIMBATORE,tobacco,other crops,Well drained sandy loam and clayey loam soils ,7.5,8.5,90.0,100.0,624.79,29.4,29.78,800.0,1000.0
2022,Jun,Kuruvai/Sornavari,DINDIGUL,wheat,cereals,Well Drained,6.0,7.0,80.0,90.0,142.65,25.34,21.63,450.0,650.0
2022,Jul,Kuruvai/Sornavari,KANCHEEPURAM,bhendi,vegetables,Loamy soil/ Lateritic soil,6.0,6.8,55.0,65.0,474.43,28.57,23.16,1200.0,2200.0
2022,Sep,Kuruvai/Sornavari,THIRUVANNAMALAI,amaranthus,greenleafy,Silt Loam to loamy,6.5,7.5,70.0,75.0,414.21,29.81,19.54,1000.0,1000.0
2025,Jul,Kuruvai/Sornavari,PUDUKKOTTAI,groundnut,oil seeds,Well-drained sandy loam or sandy clay loam soil ,6.5,7.0,140.0,150.0,346.56,43.72,12.05,500.0,700.0
2023,Sep,Kuruvai/Sornavari,KRISHNAGIRI,Phaseolus lunatus,minor vegetables,Sandy loam,6.0,6.8,90.0,90.0,450.77,25.76,17.56,900.0,2000.0
2023,Sep,Kuruvai/Sornavari,MADURAI,gardenlablab,pulses,wide range of soils,6.0,7.0,75.0,100.0,435.64,36.14,18.73,650.0,1000.0
2021,Nov,Samba/Thaladi,KRISHNAGIRI,cluster bean,vegetables,Sandy Loam,7.0,8.5,60.0,90.0,678.68,26.97,24.89,900.0,1200.0
2023,Jan,Navarai/Kodai,CAUVERY,Mint,minor vegetables,Loamy soil,6.5,7.0,100.0,120.0,498.14,25.41,23.85,1000.0,1100.0
2023,Feb,Navarai/Kodai,SIVAGANGAI,brinjal,vegetables,Loamy soil/ Lateritic soil,6.0,7.5,100.0,150.0,468.56,31.41,18.89,900.0,1200.0
2023,Aug,Kuruvai/Sornavari,THENI,bitter gourd,vegetables,Well drained loamy soil,6.5,7.0,55.0,60.0,438.43,29.99,29.17,900.0,1200.0
2024,May,Navarai/Kodai,RAMANATHANPURAM,soundal,forage crops,Well drained sandy loam and clayey loam soils ,5.5,7.5,40.0,80.0,225.08,32.97,18.99,500.0,480.0
2025,Feb,Navarai/Kodai,RAMANATHANPURAM,Rhubarb,minor vegetables,Sandy loam,6.0,6.8,56.0,70.0,610.61,25.79,10.0,900.0,1200.0
2025,Aug,Kuruvai/Sornavari,TANJORE,tobacco,other crops,Well drained sandy loam and clayey loam soils ,7.5,8.5,90.0,100.0,574.08,29.23,28.34,800.0,1000.0
2024,Jan,Navarai/Kodai,ERODE,Basella,minor vegetables,Sandy loam,5.5,8.0,70.0,70.0,550.98,30.5,17.91,900.0,1200.0
2025,Mar,Navarai/Kodai,RAMANATHANPURAM,cucumber,vegetables,Loamy,6.5,7.5,120.0,120.0,789.84,34.46,28.51,1200.0,1500.0
2022,Apr,Navarai/Kodai,SALEM,panivaragu,millets,sandy loam to clays of black cotton soils,5.5,7.0,70.0,75.0,123.19,41.03,10.56,330.0,350.0
2025,Jan,Navarai/Kodai,CAUVERY,sugarbeet,sugar crops,Well drained sandy loam and clayey loam soils ,6.0,8.0,150.0,180.0,193.17,25.27,16.63,600.0,800.0
2025,Feb,Navarai/Kodai,THIRUNELVELI,radish,Root&tuber,Well grained deep loamy moist and alluviual soil,5.5,6.8,21.0,21.0,646.99,20.51,10.19,1000.0,1000.0
2024,Jan,Navarai/Kodai,VILLUPURAM,Knol-khol,minor vegetables,Sandy loam,5.5,7.0,50.0,65.0,311.92,32.74,18.37,900.0,1200.0
2024,Jun,Kuruvai/Sornavari,KANCHEEPURAM,Phaseolus lunatus,minor vegetables,Sandy loam,6.0,6.8,90.0,90.0,505.44,27.45,14.93,900.0,2000.0
2021,Aug,Kuruvai/Sornavari,THE NILGRIS,french bean,vegetables,Well drained loamy soil,5.5,6.0,40.0,50.0,226.94,26.57,11.36,900.0,1200.0
2024,Sep,Kuruvai/Sornavari,THE NILGRIS,castor,oil seeds,"Loams, silt loams, clay loams, or silty clay loams",5.0,8.5,120.0,160.0,163.24,27.45,24.78,500.0,500.0
2024,Mar,Navarai/Kodai,THALAVADI HILLS,redgram,pulses,deep loam soils,6.5,7.0,120.0,150.0,802.68,31.47,22.83,600.0,1400.0
2022,Jun,Kuruvai/Sornavari,SIVAGANGAI,muskmelon,vegetables,Sandy Loam,6.5,7.5,70.0,100.0,388.21,32.65,23.07,900.0,1200.0
2021,Nov,Samba/Thaladi,KANYAKUMARI,cucumber,vegetables,Loamy,6.5,7.5,120.0,120.0,963.42,35.85,23.33,1200.0,1500.0
2021,Jun,Kuruvai/Sornavari,VILLUPURAM,Rhubarb,minor vegetables,Sandy loam,6.0,6.8,56.0,70.0,645.83,25.16,10.0,900.0,1200.0
2022,Jul,Kuruvai/Sornavari,VILLUPURAM,brinjal,vegetables,Loamy soil/ Lateritic soil,6.0,7.5,100.0,150.0,398.56,30.18,21.49,900.0,1200.0
2022,Mar,Navarai/Kodai,KOLLI HILLS,fodder cumbu,forage crops,Well drained sandy loam and clayey loam soils ,4.0,7.5,45.0,120.0,178.44,35.53,28.06,500.0,480.0
2021,Mar,Navarai/Kodai,THOOTHUKUDI,Winged Bean,minor vegetables,Sandy loam,7.0,12.0,42.0,42.0,741.35,25.31,28.08,900.0,1200.0
2021,Jul,Kuruvai/Sornavari,THIRUNELVELI,Phaseolus lunatus,minor vegetables,Sandy loam,6.0,6.8,90.0,90.0,786.8,28.66,18.65,900.0,2000.0
2024,Jan,Navarai/Kodai,HILLY REGIONS OF SHEVROY,velimasal,forage crops,Well drained sandy loam and clayey loam soils ,5.8,7.0,45.0,55.0,162.63,34.54,27.46,300.0,350.0
2022,Nov,Samba/Thaladi,THIRUCHIRAPALLI,sunflower,oil seeds,"Loams, silt loams, clay loams, or silty clay loams",6.5,8.0,85.0,95.0,305.02,25.7,22.32,350.0,500.0
2022,Sep,Kuruvai/Sornavari,THIRUVALLUR,ragi,millets,"red, black, sandy, loamy and shallow black soils.",5.0,8.2,100.0,120.0,546.5,26.78,13.89,700.0,1200.0
2025,Dec,Samba/Thaladi,KANCHEEPURAM,castor,oil seeds,"Loams, silt loams, clay loams, or silty clay loams",5.0,8.5,120.0,160.0,275.69,25.1,25.2,500.0,500.0
2025,Jun,Kuruvai/Sornavari,THE NILGRIS,muskmelon,vegetables,Sandy Loam,6.5,7.5,70.0,100.0,509.01,33.21,24.51,900.0,1200.0
2021,Apr,Navarai/Kodai,KOLLI HILLS,Chinese cabbage,minor vegetables,Sandy loam,5.5,7.0,50.0,80.0,774.92,24.14,17.35,900.0,1200.0
2022,Sep,Kuruvai/Sornavari,ARIYALUR,fodder maize,forage crops,Well drained sandy loam and clayey loam soils ,5.5,8.0,60.0,70.0,169.81,41.49,12.77,500.0,480.0
2025,Dec,Samba/Thaladi,THIRUCHIRAPALLI,guinea grass,forage crops,Well drained sandy loam and clayey loam soils ,5.0,7.0,45.0,55.0,270.4,37.7,17.92,1000.0,480.0
2025,Jun,Kuruvai/Sornavari,MADURAI,cotton,fibre crop," black soils, (ii) red soils and (iii) alluvial soils.",7.0,8.0,135.0,140.0,811.87,25.26,22.98,700.0,1300.0
2022,Sep,Kuruvai/Sornavari,VIRUDHUNAGAR,Pearl millet,millets,"clay, clay loam, or sandy loam soils",5.5,7.5,75.0,85.0,293.28,43.85,10.48,350.0,500.0
2023,Dec,Samba/Thaladi,ERODE,Celery,minor vegetables,Sandy loam,5.8,6.8,120.0,150.0,599.86,23.1,17.13,900.0,1200.0
2025,Dec,Samba/Thaladi,CHENGLEPUT,fodder cumbu,forage crops,Well drained sandy loam and clayey loam soils ,4.0,7.5,45.0,120.0,257.23,34.15,29.55,500.0,480.0
2024,Oct,Samba/Thaladi,KRISHNAGIRI,elephant foot yam,Root&tuber,Rich red loamy soil,5.5,7.0,240.0,240.0,280.08,34.04,24.56,1000.0,1500.0
2021,Feb,Navarai/Kodai,ERODE,fieldlablab,pulses,Well drained loamy soil,6.2,7.0,105.0,105.0,196.41,26.74,20.04,650.0,1000.0
2023,Jan,Navarai/Kodai,VELLORE,tinda,vegetables,Sandy loam,6.5,7.5,70.0,70.0,700.61,30.99,26.36,900.0,1200.0
2024,Nov,Samba/Thaladi,VIRUDHUNAGAR,fodder cumbu,forage crops,Well drained sandy loam and clayey loam soils ,4.0,7.5,45.0,120.0,225.34,31.15,27.82,500.0,480.0
2023,Nov,Samba/Thaladi,HILLY REGIONS OF SHEVROY,annual moringa,vegetables,Sandy loam,6.5,8.0,210.0,240.0,780.64,31.11,26.75,900.0,1200.0
2025,Oct,Samba/Thaladi,CAUVERY,sugarbeet,sugar crops,Well drained sandy loam and clayey loam soils ,6.0,8.0,150.0,180.0,153.57,26.89,15.96,600.0,800.0
2023,May,Navarai/Kodai,KARUR,sweet sorghum,sugar crops,Well drained sandy loam and clayey loam soils ,6.0,8.5,115.0,125.0,202.49,29.59,26.29,500.0,600.0
2022,Feb,Navarai/Kodai,VELLORE,castor,oil seeds,"Loams, silt loams, clay loams, or silty clay loams",5.0,8.5,120.0,160.0,326.03,26.7,22.64,500.0,500.0
2023,Dec,Samba/Thaladi,THALAVADI HILLS,radish,Root&tuber,Well grained deep loamy moist and alluviual soil,5.5,6.8,21.0,21.0,536.48,21.47,14.97,1000.0,1000.0
2021,Oct,Samba/Thaladi,MADURAI,elephant foot yam,Root&tuber,Rich red loamy soil,5.5,7.0,240.0,240.0,478.95,33.12,29.35,1000.0,1500.0
2021,Feb,Navarai/Kodai,KRISHNAGIRI,Celery,minor vegetables,Sandy loam,5.8,6.8,120.0,150.0,517.39,24.52,14.34,900.0,1200.0
2023,Nov,Samba/Thaladi,KANYAKUMARI,chinese potato,Root&tuber,well-drained soil,4.8,5.8,120.0,150.0,351.0,24.66,17.42,1000.0,1000.0
2021,Sep,Kuruvai/Sornavari,KANCHEEPURAM,annual moringa,vegetables,Sandy loam,6.5,8.0,210.0,240.0,660.61,33.97,28.35,900.0,1200.0
2021,Aug,Kuruvai/Sornavari,TIRUVARUR,chinese potato,Root&tuber,well-drained soil,4.8,5.8,120.0,150.0,461.25,23.12,14.97,1000.0,1000.0
2024,Sep,Kuruvai/Sornavari,KARUR,sorghum,millets,well-drained loamy soils,6.0,7.5,95.0,105.0,389.55,35.8,15.9,450.0,650.0
2021,Apr,Navarai/Kodai,SIVAGANGAI,greengram,pulses,well-drained sandy loams or sandy soils ,6.5,7.5,100.0,100.0,535.02,31.07,29.3,850.0,1000.0
2021,Jun,Kuruvai/Sornavari,CHENGLEPUT,Chakravathi keerai,minor vegetables,Sandy loam,4.5,8.3,100.0,100.0,661.25,25.52,14.07,900.0,1200.0
2021,Feb,Navarai/Kodai,THIRUVALLUR,soyabean,pulses,"Well-drained, Loamy Soil",6.0,7.0,90.0,100.0,268.28,28.96,13.93,450.0,700.0
2021,Mar,Navarai/Kodai,TANJORE,chillies,vegetables,Loamy soil/ Lateritic soil,6.0,6.8,120.0,120.0,155.03,27.72,24.03,500.0,500.0
2021,Jul,Kuruvai/Sornavari,KARUR,gardenlablab,pulses,wide range of soils,6.0,7.0,75.0,100.0,618.04,31.62,18.23,650.0,1000.0
2023,Jun,Kuruvai/Sornavari,NAMAKAL,carrot,Root&tuber,light or sandy loam soil,6.0,7.0,75.0,75.0,522.72,24.95,15.73,1000.0,1000.0
2021,Mar,Navarai/Kodai,THIRUPPUR,small onion,bulbvegetables,Sandy loam,6.0,7.0,70.0,90.0,483.6,26.61,19.8,650.0,750.0
2023,Aug,Kuruvai/Sornavari,PERAMBALUR,soundal,forage crops,Well drained sandy loam and clayey loam soils ,5.5,7.5,40.0,80.0,162.67,35.62,23.54,500.0,480.0
2025,Jan,Navarai/Kodai,KARUR,bhendi,vegetables,Loamy soil/ Lateritic soil,6.0,6.8,55.0,65.0,744.37,26.77,25.54,1200.0,2200.0
2025,Oct,Samba/Thaladi,THIRUVANNAMALAI,wheat,cereals,Well Drained,6.0,7.0,80.0,90.0,144.94,25.76,23.33,450.0,650.0
2024,Oct,Samba/Thaladi,KRISHNAGIRI,kudiraivali,millets,Loamy Soil,5.5,7.0,75.0,95.0,546.99,22.13,20.2,500.0,900.0
2021,Apr,Navarai/Kodai,THIRUCHIRAPALLI,rice,cereals,Alluvia or loamy and clayey soil,5.0,8.0,150.0,150.0,531.12,41.79,23.83,900.0,2500.0
2023,Jul,Kuruvai/Sornavari,THIRUCHIRAPALLI,peas,vegetables,Sandy loam,6.5,7.5,60.0,70.0,584.83,31.87,11.85,900.0,1200.0
2024,Dec,Samba/Thaladi,THOOTHUKUDI,samai,millets,Loamy Soil,8.5,9.0,80.0,100.0,341.22,37.93,28.74,480.0,750.0
2021,Jun,Kuruvai/Sornavari,NAMAKAL,rice,cereals,Alluvia or loamy and clayey soil,5.0,8.0,150.0,150.0,801.47,35.16,21.67,900.0,2500.0
2022,Aug,Kuruvai/Sornavari,SALEM,fieldlablab,pulses,Well drained loamy soil,6.2,7.0,105.0,105.0,640.83,29.06,19.17,650.0,1000.0
2022,Apr,Navarai/Kodai,TANJORE,tobacco,other crops,Well drained sandy loam and clayey loam soils ,7.5,8.5,90.0,100.0,319.69,30.0,25.83,800.0,1000.0
2021,May,Navarai/Kodai,THALAVADI HILLS,beetroot,Root&tuber,all types of friable soil,6.0,7.0,45.0,65.0,390.88,24.81,19.03,1000.0,1000.0
2024,Aug,Kuruvai/Sornavari,PERAMBALUR,horsegram,pulses, light to heavy soils ,6.0,7.5,100.0,105.0,378.38,35.32,27.59,800.0,800.0
2021,Nov,Samba/Thaladi,TANJORE,tobacco,other crops,Well drained sandy loam and clayey loam soils ,7.5,8.5,90.0,100.0,200.53,31.53,24.2,800.0,1000.0
2021,Mar,Navarai/Kodai,TANJORE,Pearl millet,millets,"clay, clay loam, or sandy loam soils",5.5,7.5,75.0,85.0,291.6,43.61,15.99,350.0,500.0
2022,Mar,Navarai/Kodai,VILLUPURAM,Phaseolus lunatus,minor vegetables,Sandy loam,6.0,6.8,90.0,90.0,662.86,25.35,20.79,900.0,2000.0
2022,Sep,Kuruvai/Sornavari,CUDDALORE,soyabean,pulses,"Well-drained, Loamy Soil",6.0,7.0,90.0,100.0,247.84,33.64,14.0,450.0,700.0
2025,Mar,Navarai/Kodai,THIRUVANNAMALAI,Cabbage,colecrops,LoamySandy,6.0,6.5,80.0,180.0,193.02,27.04,11.11,380.0,500.0
2022,Apr,Navarai/Kodai,PERAMBALUR,tinda,vegetables,Sandy loam,6.5,7.5,70.0,70.0,271.25,27.72,23.83,900.0,1200.0
2025,Oct,Samba/Thaladi,KRISHNAGIRI,velimasal,forage crops,Well drained sandy loam and clayey loam soils ,5.8,7.0,45.0,55.0,137.18,35.97,28.42,300.0,350.0
2024,Feb,Navarai/Kodai,THE NILGRIS,cucumber,vegetables,Loamy,6.5,7.5,120.0,120.0,560.64,32.67,25.49,1200.0,1500.0
2021,Feb,Navarai/Kodai,SIVAGANGAI,ash gourd,vegetables,Sandy loam,6.0,6.7,120.0,120.0,491.88,32.61,22.04,900.0,1200.0
2024,Aug,Kuruvai/Sornavari,CHENGLEPUT,soundal,forage crops,Well drained sandy loam and clayey loam soils ,5.5,7.5,40.0,80.0,183.12,33.15,20.0,500.0,480.0
2024,Oct,Samba/Thaladi,THIRUVALLUR,castor,oil seeds,"Loams, silt loams, clay loams, or silty clay loams",5.0,8.5,120.0,160.0,151.38,25.96,26.34,500.0,500.0
2022,Jan,Navarai/Kodai,MADURAI,Palak,minor vegetables,Sandy loam,6.5,7.0,37.0,45.0,558.81,28.68,14.51,900.0,1200.0
2024,Sep,Kuruvai/Sornavari,THIRUPPUR,kudirai masi,forage crops,Well drained sandy loam and clayey loam soils ,6.5,7.5,45.0,55.0,197.37,36.82,24.61,300.0,350.0
2021,Oct,Samba/Thaladi,DINDIGUL,onion,vegetables, Any Loamy,5.8,6.5,100.0,120.0,220.25,26.09,19.5,350.0,550.0
2021,Aug,Kuruvai/Sornavari,VILLUPURAM,Celery,minor vegetables,Sandy loam,5.8,6.8,120.0,150.0,562.04,24.35,19.06,900.0,1200.0
2025,May,Navarai/Kodai,SALEM,groundnut,oil seeds,Well-drained sandy loam or sandy clay loam soil ,6.5,7.0,140.0,150.0,373.77,43.65,10.92,500.0,700.0
2023,May,Navarai/Kodai,KOLLI HILLS,ash gourd,vegetables,Sandy loam,6.0,6.7,120.0,120.0,286.13,28.49,23.19,900.0,1200.0
2023,Sep,Kuruvai/Sornavari,DINDIGUL,chowchow,vegetables,Loamy soil/ Lateritic soil,5.5,6.5,150.0,150.0,525.75,24.97,22.93,1200.0,1500.0
2024,Jan,Navarai/Kodai,TANJORE,Coccinia,minor vegetables,Sandy loam,6.0,6.5,90.0,90.0,398.75,32.08,24.97,900.0,1200.0
2022,Nov,Samba/Thaladi,VIRUDHUNAGAR,velimasal,forage crops,Well drained sandy loam and clayey loam soils ,5.8,7.0,45.0,55.0,189.24,34.57,26.52,300.0,350.0
2025,Aug,Kuruvai/Sornavari,COIMBATORE,fodder cholam,forage crops,Well drained sandy loam and clayey loam soils ,5.5,7.5,1095.0,1095.0,159.93,34.56,23.81,300.0,350.0
2023,Nov,Samba/Thaladi,VILLUPURAM,cucumber,vegetables,Loamy,6.5,7.5,120.0,120.0,482.58,33.51,29.31,1200.0,1500.0
2022,Oct,Samba/Thaladi,CUDDALORE,sugarcane,sugar crops,Clayey Loamy Soil/ Black Cotton Soil/ Red Loamy Soil/ Brown Loamy Soil,6.5,8.0,300.0,330.0,1112.97,25.17,24.81,1500.0,2500.0
2024,Apr,Navarai/Kodai,THIRUVALLUR,onion,vegetables, Any Loamy,5.8,6.5,100.0,120.0,279.91,25.98,22.05,350.0,550.0
2025,Dec,Samba/Thaladi,PUDUKKOTTAI,Knol-khol,minor vegetables,Sandy loam,5.5,7.0,50.0,65.0,792.4,32.95,18.58,900.0,1200.0
2022,Jan,Navarai/Kodai,CUDDALORE,muyal masal,forage crops,Well drained sandy loam and clayey loam soils ,5.5,7.5,75.0,65.0,240.1,35.05,24.22,500.0,480.0
2024,Dec,Samba/Thaladi,THALAVADI HILLS,lablab,vegetables,Well drained loamy soil,6.5,8.5,70.0,75.0,359.46,31.28,24.32,900.0,1200.0
2024,Mar,Navarai/Kodai,THIRUCHIRAPALLI,tapoica,Root&tuber,Red lateritic loam,5.5,7.0,270.0,300.0,601.27,27.72,28.4,1000.0,1000.0
2025,Jun,Kuruvai/Sornavari,THALAVADI HILLS,niger,oil seeds,"Loams, silt loams, clay loams, or silty clay loams",5.2,7.3,80.0,80.0,434.96,25.0,17.65,1000.0,1300.0
2021,Jul,Kuruvai/Sornavari,TIRUVARUR,annual moringa,vegetables,Sandy loam,6.5,8.0,210.0,240.0,315.65,31.05,26.93,900.0,1200.0
2025,Nov,Samba/Thaladi,THIRUVANNAMALAI,cumbu napier hybrid,forage crops,Well drained sandy loam and clayey loam soils ,5.0,8.6,45.0,55.0,532.27,26.59,19.27,800.0,1000.0
2023,Jun,Kuruvai/Sornavari,VIRUDHUNAGAR,soyabean,pulses,"Well-drained, Loamy Soil",6.0,7.0,90.0,100.0,453.07,29.27,17.81,450.0,700.0
2022,Nov,Samba/Thaladi,VILLUPURAM,Palak,minor vegetables,Sandy loam,6.5,7.0,37.0,45.0,385.96,30.43,12.72,900.0,1200.0
2025,May,Navarai/Kodai,THIRUVANNAMALAI,sorghum,millets,well-drained loamy soils,6.0,7.5,95.0,105.0,224.59,37.99,18.6,450.0,650.0
2021,Jul,Kuruvai/Sornavari,DINDIGUL,wheat,cereals,Well Drained,6.0,7.0,80.0,90.0,126.49,25.57,24.38,450.0,650.0
2024,Aug,Kuruvai/Sornavari,VIRUDHUNAGAR,castor,oil seeds,"Loams, silt loams, clay loams, or silty clay loams",5.0,8.5,120.0,160.0,135.89,25.61,25.19,500.0,500.0
2024,Aug,Kuruvai/Sornavari,THIRUVANNAMALAI,ribbed gourd,vegetables,Sandy Loam,6.5,7.5,125.0,125.0,274.36,33.92,25.51,900.0,1200.0
2025,Sep,Kuruvai/Sornavari,COIMBATORE,gherkins,vegetables,Sandy loam,5.8,7.0,90.0,90.0,728.9,34.81,16.3,900.0,1200.0
2022,Jan,Navarai/Kodai,TANJORE,chinese potato,Root&tuber,well-drained soil,4.8,5.8,120.0,150.0,296.71,22.38,18.49,1000.0,1000.0
2021,Jun,Kuruvai/Sornavari,ERODE,maize,millets,temperate podzols to the leached red soils of the tropics. ,5.5,7.0,105.0,110.0,429.63,25.47,20.54,500.0,800.0
2021,Nov,Samba/Thaladi,KANCHEEPURAM,Brussels sprout,minor vegetables,Sandy loam,6.5,6.8,12.0,12.0,422.74,26.21,14.4,900.0,1200.0
2024,Jan,Navarai/Kodai,DINDIGUL,groundnut,oil seeds,Well-drained sandy loam or sandy clay loam soil ,6.5,7.0,140.0,150.0,291.52,44.62,10.52,500.0,700.0
2025,Sep,Kuruvai/Sornavari,VELLORE,fodder cholam,forage crops,Well drained sandy loam and clayey loam soils ,5.5,7.5,1095.0,1095.0,89.88,34.74,26.48,300.0,350.0
2024,Nov,Samba/Thaladi,VELLORE,Chakravathi keerai,minor vegetables,Sandy loam,4.5,8.3,100.0,100.0,748.84,25.7,14.77,900.0,1200.0
2021,Jan,Navarai/Kodai,COIMBATORE,Chakravathi keerai,minor vegetables,Sandy loam,4.5,8.3,100.0,100.0,624.65,25.53,17.92,900.0,1200.0
2023,Dec,Samba/Thaladi,COIMBATORE,fodder maize,forage crops,Well drained sandy loam and clayey loam soils ,5.5,8.0,60.0,70.0,254.07,40.18,11.58,500.0,480.0
2022,Sep,Kuruvai/Sornavari,SIVAGANGAI,sweet potato,Root&tuber,well-drained soil,5.7,6.7,90.0,120.0,350.23,26.44,25.54,1000.0,1000.0
2021,Sep,Kuruvai/Sornavari,THE NILGRIS,Lettuce,minor vegetables,Sandy loam,6.0,6.5,45.0,55.0,773.84,24.74,20.46,900.0,1200.0
2023,Mar,Navarai/Kodai,MADURAI,paprika,vegetables,Sandy loam,5.8,6.5,160.0,180.0,610.18,29.0,28.05,700.0,1000.0
2025,Sep,Kuruvai/Sornavari,SALEM,Butter bean,minor vegetables,Sandy loam,6.0,7.0,80.0,100.0,326.17,28.33,20.2,900.0,1200.0
2024,Oct,Samba/Thaladi,HILLY REGIONS OF SHEVROY,bottle gourd,vegetables,Sandy loam,6.0,6.7,120.0,120.0,311.71,27.89,20.31,900.0,1200.0
2024,May,Navarai/Kodai,NAGAPATTINAM,Ceylon spinach,minor vegetables,Sandy loam,6.5,7.0,40.0,50.0,245.04,24.85,13.83,900.0,1200.0
2024,Feb,Navarai/Kodai,ERODE,chillies,vegetables,Loamy soil/ Lateritic soil,6.0,6.8,120.0,120.0,218.6,26.57,22.9,500.0,500.0
2022,Jul,Kuruvai/Sornavari,DINDIGUL,fieldlablab,pulses,Well drained loamy soil,6.2,7.0,105.0,105.0,518.01,29.2,17.26,650.0,1000.0
2023,Mar,Navarai/Kodai,PERAMBALUR,cotton,fibre crop," black soils, (ii) red soils and (iii) alluvial soils.",7.0,8.0,135.0,140.0,603.54,27.8,22.85,700.0,1300.0
2022,Nov,Samba/Thaladi,DINDIGUL,bellary onion,minor vegetables,Sandy loam,5.8,6.5,150.0,150.0,258.64,25.69,12.43,900.0,1200.0
2023,Mar,Navarai/Kodai,THIRUVALLUR,bellary onion,minor vegetables,Sandy loam,5.8,6.5,150.0,150.0,501.68,25.3,13.14,900.0,1200.0
2025,Nov,Samba/Thaladi,THOOTHUKUDI,celery,greenleafy,Silt Loam to loamy,6.0,8.5,120.0,150.0,387.64,25.18,14.96,1000.0,1000.0
2021,Feb,Navarai/Kodai,NAMAKAL,chinese potato,Root&tuber,well-drained soil,4.8,5.8,120.0,150.0,661.93,24.29,17.01,1000.0,1000.0
2021,May,Navarai/Kodai,THOOTHUKUDI,panivaragu,millets,sandy loam to clays of black cotton soils,5.5,7.0,70.0,75.0,109.8,41.19,14.86,330.0,350.0
2024,Dec,Samba/Thaladi,THALAVADI HILLS,ribbed gourd,vegetables,Sandy Loam,6.5,7.5,125.0,125.0,719.02,31.49,24.41,900.0,1200.0
2023,Feb,Navarai/Kodai,VIRUDHUNAGAR,cumbu napier hybrid,forage crops,Well drained sandy loam and clayey loam soils ,5.0,8.6,45.0,55.0,583.44,25.02,23.44,800.0,1000.0
2024,Aug,Kuruvai/Sornavari,TIRUVARUR,broadbean,vegetables,Well drained loamy soil,5.5,6.0,80.0,100.0,619.29,24.66,14.66,900.0,1200.0
2021,Oct,Samba/Thaladi,ERODE,sweet potato,Root&tuber,well-drained soil,5.7,6.7,90.0,120.0,413.01,26.58,25.63,1000.0,1000.0
2024,Oct,Samba/Thaladi,SALEM,thinai,millets,"alluvial,loamy ",5.5,7.0,85.0,90.0,304.03,30.12,19.58,500.0,900.0
2022,Oct,Samba/Thaladi,THIRUNELVELI,amaranthus,greenleafy,Silt Loam to loamy,6.5,7.5,70.0,75.0,552.73,28.04,18.66,1000.0,1000.0
2025,Aug,Kuruvai/Sornavari,THE NILGRIS,rice,cereals,Alluvia or loamy and clayey soil,5.0,8.0,150.0,150.0,1503.88,40.08,24.28,900.0,2500.0
2024,Mar,Navarai/Kodai,THOOTHUKUDI,kudiraivali,millets,Loamy Soil,5.5,7.0,75.0,95.0,173.1,22.62,22.17,500.0,900.0
2021,Mar,Navarai/Kodai,CUDDALORE,ragi,millets,"red, black, sandy, loamy and shallow black soils.",5.0,8.2,100.0,120.0,332.91,27.94,11.69,700.0,1200.0
2021,Jul,Kuruvai/Sornavari,THALAVADI HILLS,chillies,vegetables,Loamy soil/ Lateritic soil,6.0,6.8,120.0,120.0,181.15,27.29,23.03,500.0,500.0
2022,May,Navarai/Kodai,CUDDALORE,groundnut,oil seeds,Well-drained sandy loam or sandy clay loam soil ,6.5,7.0,140.0,150.0,445.51,42.58,10.88,500.0,700.0
2024,May,Navarai/Kodai,PUDUKKOTTAI,tapoica,Root&tuber,Red lateritic loam,5.5,7.0,270.0,300.0,542.11,30.7,26.26,1000.0,1000.0
2022,Apr,Navarai/Kodai,THIRUCHIRAPALLI,fodder maize,forage crops,Well drained sandy loam and clayey loam soils ,5.5,8.0,60.0,70.0,255.59,42.6,11.7,500.0,480.0
2024,Jan,Navarai/Kodai,VILLUPURAM,Brussels sprout,minor vegetables,Sandy loam,6.5,6.8,12.0,12.0,489.37,25.92,16.11,900.0,1200.0
2024,Oct,Samba/Thaladi,MADURAI,bellary onion,minor vegetables,Sandy loam,5.8,6.5,150.0,150.0,514.24,25.92,11.67,900.0,1200.0
2025,May,Navarai/Kodai,MADURAI,radish,Root&tuber,Well grained deep loamy moist and alluviual soil,5.5,6.8,21.0,21.0,581.12,24.02,13.1,1000.0,1000.0
2024,Sep,Kuruvai/Sornavari,THOOTHUKUDI,watermelon,vegetables,Sandy,6.0,7.5,70.0,85.0,517.97,25.84,23.98,900.0,1200.0
2021,Apr,Navarai/Kodai,THIRUVANNAMALAI,peas,vegetables,Sandy loam,6.5,7.5,60.0,70.0,725.46,26.54,13.07,900.0,1200.0
2025,Nov,Samba/Thaladi,THOOTHUKUDI,Cabbage,colecrops,LoamySandy,6.0,6.5,80.0,180.0,298.89,28.28,10.16,380.0,500.0
2021,Mar,Navarai/Kodai,DHARMAPURI,annual moringa,vegetables,Sandy loam,6.5,8.0,210.0,240.0,629.05,35.66,26.54,900.0,1200.0
2022,Apr,Navarai/Kodai,VELLORE,Asparagus,minor vegetables,Sandy loam,6.0,6.7,730.0,730.0,350.92,29.36,14.32,900.0,1200.0
2021,Jul,Kuruvai/Sornavari,THIRUPPUR,kudirai masi,forage crops,Well drained sandy loam and clayey loam soils ,6.5,7.5,45.0,55.0,146.12,31.86,26.75,300.0,350.0
2024,Jun,Kuruvai/Sornavari,SIVAGANGAI,kollukattai pullu,forage crops,Well drained sandy loam and clayey loam soils ,7.0,7.5,45.0,55.0,303.34,27.72,18.67,500.0,480.0
2022,Sep,Kuruvai/Sornavari,NAGAPATTINAM,Basella,minor vegetables,Sandy loam,5.5,8.0,70.0,70.0,356.79,32.21,19.76,900.0,1200.0
2022,May,Navarai/Kodai,COIMBATORE,kudirai masi,forage crops,Well drained sandy loam and clayey loam soils ,6.5,7.5,45.0,55.0,76.46,33.74,24.01,300.0,350.0
2022,Feb,Navarai/Kodai,MADURAI,sugarcane,sugar crops,Clayey Loamy Soil/ Black Cotton Soil/ Red Loamy Soil/ Brown Loamy Soil,6.5,8.0,300.0,330.0,1530.72,28.18,22.46,1500.0,2500.0
2024,Feb,Navarai/Kodai,NAMAKAL,Asparagus,minor vegetables,Sandy loam,6.0,6.7,730.0,730.0,233.75,30.96,14.09,900.0,1200.0
2025,Jan,Navarai/Kodai,KRISHNAGIRI,fodder cholam,forage crops,Well drained sandy loam and clayey loam soils ,5.5,7.5,1095.0,1095.0,140.83,34.83,25.73,300.0,350.0
2021,Mar,Navarai/Kodai,DINDIGUL,Phaseolus lunatus,minor vegetables,Sandy loam,6.0,6.8,90.0,90.0,593.23,28.0,17.74,900.0,2000.0
2025,Oct,Samba/Thaladi,THIRUNELVELI,paprika,vegetables,Sandy loam,5.8,6.5,160.0,180.0,650.42,32.01,26.92,700.0,1000.0
2025,Jun,Kuruvai/Sornavari,HILLY REGIONS OF SHEVROY,velimasal,forage crops,Well drained sandy loam and clayey loam soils ,5.8,7.0,45.0,55.0,165.46,30.21,25.78,300.0,350.0
2024,Aug,Kuruvai/Sornavari,SALEM,thinai,millets,"alluvial,loamy ",5.5,7.0,85.0,90.0,136.49,27.01,18.18,500.0,900.0
2021,Jan,Navarai/Kodai,NAGAPATTINAM,vegetable cowpea,vegetables,Sandy loam,5.6,6.0,45.0,90.0,720.89,26.47,20.92,900.0,1200.0
2025,Feb,Navarai/Kodai,THIRUCHIRAPALLI,Coccinia,minor vegetables,Sandy loam,6.0,6.5,90.0,90.0,745.14,31.99,23.57,900.0,1200.0
2022,Aug,Kuruvai/Sornavari,HILLY REGIONS OF SHEVROY,tapoica,Root&tuber,Red lateritic loam,5.5,7.0,270.0,300.0,640.91,29.53,25.26,1000.0,1000.0
2023,Aug,Kuruvai/Sornavari,HILLY REGIONS OF SHEVROY,Celery,minor vegetables,Sandy loam,5.8,6.8,120.0,150.0,518.88,23.92,14.92,900.0,1200.0
2021,Mar,Navarai/Kodai,VIRUDHUNAGAR,pumpkin,vegetables,Loamy soil/ Lateritic soil,6.0,7.0,115.0,120.0,364.92,25.52,17.7,900.0,1200.0
2022,May,Navarai/Kodai,CHENGLEPUT,peas,vegetables,Sandy loam,6.5,7.5,60.0,70.0,311.14,30.05,13.87,900.0,1200.0
2025,Feb,Navarai/Kodai,COIMBATORE,fodder cholam,forage crops,Well drained sandy loam and clayey loam soils ,5.5,7.5,1095.0,1095.0,83.73,33.69,28.14,300.0,350.0
2021,Dec,Samba/Thaladi,NAGAPATTINAM,blackgram,pulses,sandy soils to heavy cotton soils,6.5,7.8,70.0,75.0,528.74,42.74,20.33,600.0,1000.0
2025,Jan,Navarai/Kodai,SALEM,peas,vegetables,Sandy loam,6.5,7.5,60.0,70.0,761.83,31.19,10.03,900.0,1200.0
2021,Jul,Kuruvai/Sornavari,ERODE,blackgram,pulses,sandy soils to heavy cotton soils,6.5,7.8,70.0,75.0,587.6,42.98,21.07,600.0,1000.0
2025,Jan,Navarai/Kodai,DINDIGUL,Butter bean,minor vegetables,Sandy loam,6.0,7.0,80.0,100.0,620.95,26.86,21.68,900.0,1200.0
2023,Apr,Navarai/Kodai,CAUVERY,sugarbeet,sugar crops,Well drained sandy loam and clayey loam soils ,6.0,8.0,150.0,180.0,512.55,26.34,13.88,600.0,800.0
2023,Mar,Navarai/Kodai,ARIYALUR,ribbed gourd,vegetables,Sandy Loam,6.5,7.5,125.0,125.0,617.08,35.77,29.15,900.0,1200.0
2024,May,Navarai/Kodai,KRISHNAGIRI,Pearl millet,millets,"clay, clay loam, or sandy loam soils",5.5,7.5,75.0,85.0,250.16,44.02,13.77,350.0,500.0
2024,Apr,Navarai/Kodai,VELLORE,jute,fibre crop,Sandy and Clay Loam,6.0,7.5,120.0,140.0,854.8,38.92,27.09,1000.0,1300.0
2021,Aug,Kuruvai/Sornavari,PERAMBALUR,brinjal,vegetables,Loamy soil/ Lateritic soil,6.0,7.5,100.0,150.0,767.25,30.82,18.17,900.0,1200.0
2022,Apr,Navarai/Kodai,KANCHEEPURAM,colocasia,Root&tuber,Well grained deep loamy moist and alluviual soil,5.5,7.0,150.0,180.0,503.87,36.5,23.58,1000.0,1000.0
2025,Dec,Samba/Thaladi,VIRUDHUNAGAR,gardenlablab,pulses,wide range of soils,6.0,7.0,75.0,100.0,326.5,36.29,22.22,650.0,1000.0
2024,Aug,Kuruvai/Sornavari,THE NILGRIS,Palak,minor vegetables,Sandy loam,6.5,7.0,37.0,45.0,518.7,28.17,12.26,900.0,1200.0
2024,May,Navarai/Kodai,CUDDALORE,greengram,pulses,well-drained sandy loams or sandy soils ,6.5,7.5,100.0,100.0,406.66,35.03,26.94,850.0,1000.0
2024,Nov,Samba/Thaladi,CAUVERY,sugarbeet,sugar crops,Well drained sandy loam and clayey loam soils ,6.0,8.0,150.0,180.0,443.69,26.08,13.92,600.0,800.0
2022,Nov,Samba/Thaladi,JAWAD HILLS,french bean,vegetables,Well drained loamy soil,5.5,6.0,40.0,50.0,618.56,28.21,12.65,900.0,1200.0
2024,Aug,Kuruvai/Sornavari,ERODE,chowchow,vegetables,Loamy soil/ Lateritic soil,5.5,6.5,150.0,150.0,388.5,24.35,18.15,1200.0,1500.0
2025,Nov,Samba/Thaladi,SIVAGANGAI,broadbean,vegetables,Well drained loamy soil,5.5,6.0,80.0,100.0,594.58,23.7,14.58,900.0,1200.0
2024,Mar,Navarai/Kodai,RAMANATHANPURAM,chowchow,vegetables,Loamy soil/ Lateritic soil,5.5,6.5,150.0,150.0,641.57,24.02,16.42,1200.0,1500.0
2024,May,Navarai/Kodai,KANCHEEPURAM,carrot,Root&tuber,light or sandy loam soil,6.0,7.0,75.0,75.0,401.9,22.4,16.7,1000.0,1000.0
2022,Feb,Navarai/Kodai,TANJORE,tobacco,other crops,Well drained sandy loam and clayey loam soils ,7.5,8.5,90.0,100.0,634.16,31.52,26.49,800.0,1000.0
2023,Jan,Navarai/Kodai,THIRUNELVELI,peas,vegetables,Sandy loam,6.5,7.5,60.0,70.0,444.43,31.2,13.99,900.0,1200.0
2023,Aug,Kuruvai/Sornavari,CHENGLEPUT,capsicum,vegetables,Loamy soil/ Lateritic soil,5.5,7.0,60.0,60.0,489.7,26.08,18.76,500.0,1200.0
2024,Apr,Navarai/Kodai,DHARMAPURI,gherkins,vegetables,Sandy loam,5.8,7.0,90.0,90.0,255.01,33.89,14.7,900.0,1200.0
2022,Jan,Navarai/Kodai,TIRUVARUR,Cabbage,colecrops,LoamySandy,6.0,6.5,80.0,180.0,252.15,27.91,10.19,380.0,500.0
2025,Feb,Navarai/Kodai,PUDUKKOTTAI,Butter bean,minor vegetables,Sandy loam,6.0,7.0,80.0,100.0,284.16,27.58,20.24,900.0,1200.0
2025,May,Navarai/Kodai,CUDDALORE,ash gourd,vegetables,Sandy loam,6.0,6.7,120.0,120.0,762.72,31.94,23.65,900.0,1200.0
2022,Jun,Kuruvai/Sornavari,THIRUPPUR,maize,millets,temperate podzols to the leached red soils of the tropics. ,5.5,7.0,105.0,110.0,509.05,25.53,16.53,500.0,800.0
2023,Sep,Kuruvai/Sornavari,THENI,curry leaf,greenleafy,Red sandy loam,5.2,5.5,90.0,85.0,602.92,37.2,26.16,1000.0,1000.0
2022,Sep,Kuruvai/Sornavari,THIRUNELVELI,guinea grass,forage crops,Well drained sandy loam and clayey loam soils ,5.0,7.0,45.0,55.0,267.73,33.78,16.1,1000.0,480.0
2023,May,Navarai/Kodai,TANJORE,cumbu napier hybrid,forage crops,Well drained sandy loam and clayey loam soils ,5.0,8.6,45.0,55.0,654.09,26.71,20.43,800.0,1000.0
2025,Oct,Samba/Thaladi,THIRUVANNAMALAI,pumpkin,vegetables,Loamy soil/ Lateritic soil,6.0,7.0,115.0,120.0,485.65,26.43,21.91,900.0,1200.0
2025,Jul,Kuruvai/Sornavari,SALEM,amaranthus,greenleafy,Silt Loam to loamy,6.5,7.5,70.0,75.0,296.32,27.53,24.96,1000.0,1000.0
2022,Jun,Kuruvai/Sornavari,THIRUVALLUR,chinese potato,Root&tuber,well-drained soil,4.8,5.8,120.0,150.0,625.17,24.27,17.26,1000.0,1000.0
2022,Apr,Navarai/Kodai,PUDUKKOTTAI,bellary onion,minor vegetables,Sandy loam,5.8,6.5,150.0,150.0,381.65,25.68,15.66,900.0,1200.0
2023,Jan,Navarai/Kodai,CUDDALORE,Phaseolus lunatus,minor vegetables,Sandy loam,6.0,6.8,90.0,90.0,1274.69,25.77,17.86,900.0,2000.0
2021,Feb,Navarai/Kodai,NAMAKAL,carrot,Root&tuber,light or sandy loam soil,6.0,7.0,75.0,75.0,556.9,24.85,19.97,1000.0,1000.0
2023,Jan,Navarai/Kodai,THOOTHUKUDI,beetroot,Root&tuber,all types of friable soil,6.0,7.0,45.0,65.0,294.02,23.21,21.21,1000.0,1000.0
2021,Dec,Samba/Thaladi,SIVAGANGAI,sunflower,oil seeds,"Loams, silt loams, clay loams, or silty clay loams",6.5,8.0,85.0,95.0,314.32,25.69,24.53,350.0,500.0
2024,Feb,Navarai/Kodai,KOLLI HILLS,fodder cumbu,forage crops,Well drained sandy loam and clayey loam soils ,4.0,7.5,45.0,120.0,300.87,32.19,24.25,500.0,480.0
2024,Jul,Kuruvai/Sornavari,JAWAD HILLS,dioscorea,Root&tuber,well-drained soil,6.0,6.5,270.0,300.0,960.49,34.47,30.0,1000.0,2000.0
2022,Nov,Samba/Thaladi,KARUR,muyal masal,forage crops,Well drained sandy loam and clayey loam soils ,5.5,7.5,75.0,65.0,235.0,35.45,26.45,500.0,480.0
2024,Mar,Navarai/Kodai,THENI,sunflower,oil seeds,"Loams, silt loams, clay loams, or silty clay loams",6.5,8.0,85.0,95.0,276.56,25.26,19.42,350.0,500.0
2021,Oct,Samba/Thaladi,DINDIGUL,sunflower,oil seeds,"Loams, silt loams, clay loams, or silty clay loams",6.5,8.0,85.0,95.0,133.17,25.4,23.64,350.0,500.0
2023,Jan,Navarai/Kodai,VILLUPURAM,Turnip,minor vegetables,Loamy soil,5.5,6.8,42.0,56.0,638.97,21.99,12.04,900.0,1200.0
2025,Mar,Navarai/Kodai,RAMANATHANPURAM,cumbu napier hybrid,forage crops,Well drained sandy loam and clayey loam soils ,5.0,8.6,45.0,55.0,332.21,25.24,22.58,800.0,1000.0
2023,Jul,Kuruvai/Sornavari,THIRUPPUR,dioscorea,Root&tuber,well-drained soil,6.0,6.5,270.0,300.0,631.9,29.36,30.0,1000.0,2000.0
2022,Nov,Samba/Thaladi,ERODE,cumbu napier hybrid,forage crops,Well drained sandy loam and clayey loam soils ,5.0,8.6,45.0,55.0,412.95,25.95,22.32,800.0,1000.0
2025,Jun,Kuruvai/Sornavari,KOLLI HILLS,chinese potato,Root&tuber,well-drained soil,4.8,5.8,120.0,150.0,478.21,22.9,15.85,1000.0,1000.0
2022,Oct,Samba/Thaladi,PERAMBALUR,lablab,vegetables,Well drained loamy soil,6.5,8.5,70.0,75.0,559.62,30.33,21.37,900.0,1200.0
2025,May,Navarai/Kodai,THIRUVALLUR,swordbean,pulses, well-drained sandy loams or sandy soils ,5.0,6.0,110.0,120.0,230.41,35.94,12.42,900.0,1500.0
2024,Mar,Navarai/Kodai,JAWAD HILLS,ribbed gourd,vegetables,Sandy Loam,6.5,7.5,125.0,125.0,436.61,30.11,25.23,900.0,1200.0
2022,Mar,Navarai/Kodai,SIVAGANGAI,bitter gourd,vegetables,Well drained loamy soil,6.5,7.0,55.0,60.0,287.55,29.15,29.27,900.0,1200.0
2025,Jul,Kuruvai/Sornavari,VILLUPURAM,chillies,vegetables,Loamy soil/ Lateritic soil,6.0,6.8,120.0,120.0,311.31,26.86,25.0,500.0,500.0
2024,Apr,Navarai/Kodai,KOLLI HILLS,tapoica,Root&tuber,Red lateritic loam,5.5,7.0,270.0,300.0,541.88,28.05,27.38,1000.0,1000.0
2025,Jan,Navarai/Kodai,THENI,sweet sorghum,sugar crops,Well drained sandy loam and clayey loam soils ,6.0,8.5,115.0,125.0,363.05,26.34,27.03,500.0,600.0
2025,Nov,Samba/Thaladi,TIRUVARUR,amaranthus,greenleafy,Silt Loam to loamy,6.5,7.5,70.0,75.0,387.37,28.55,19.05,1000.0,1000.0
2024,Feb,Navarai/Kodai,KANYAKUMARI,capsicum,vegetables,Loamy soil/ Lateritic soil,5.5,7.0,60.0,60.0,200.36,31.76,16.43,500.0,1200.0
2023,May,Navarai/Kodai,THIRUVANNAMALAI,panivaragu,millets,sandy loam to clays of black cotton soils,5.5,7.0,70.0,75.0,115.03,43.45,13.38,330.0,350.0
2025,Aug,Kuruvai/Sornavari,THIRUVALLUR,sorghum,millets,well-drained loamy soils,6.0,7.5,95.0,105.0,292.05,38.09,15.81,450.0,650.0
2025,Oct,Samba/Thaladi,RAMANATHANPURAM,horsegram,pulses, light to heavy soils ,6.0,7.5,100.0,105.0,275.42,36.93,28.38,800.0,800.0
2021,May,Navarai/Kodai,KARUR,fodder cumbu,forage crops,Well drained sandy loam and clayey loam soils ,4.0,7.5,45.0,120.0,312.48,34.75,25.95,500.0,480.0
2024,Aug,Kuruvai/Sornavari,KANYAKUMARI,beetroot,Root&tuber,all types of friable soil,6.0,7.0,45.0,65.0,621.48,24.65,17.77,1000.0,1000.0
2021,Mar,Navarai/Kodai,RAMANATHANPURAM,lablab,vegetables,Well drained loamy soil,6.5,8.5,70.0,75.0,399.5,34.15,23.44,900.0,1200.0
2025,Mar,Navarai/Kodai,DHARMAPURI,greengram,pulses,well-drained sandy loams or sandy soils ,6.5,7.5,100.0,100.0,315.2,30.38,29.81,850.0,1000.0
2021,Jun,Kuruvai/Sornavari,TANJORE,guinea grass,forage crops,Well drained sandy loam and clayey loam soils ,5.0,7.0,45.0,55.0,260.71,33.66,13.05,1000.0,480.0
2023,Oct,Samba/Thaladi,THALAVADI HILLS,dioscorea,Root&tuber,well-drained soil,6.0,6.5,270.0,300.0,1006.72,33.09,30.0,1000.0,2000.0
2022,Feb,Navarai/Kodai,ERODE,blackgram,pulses,sandy soils to heavy cotton soils,6.5,7.8,70.0,75.0,151.2,43.96,18.63,600.0,1000.0
2021,Oct,Samba/Thaladi,SALEM,Pearl millet,millets,"clay, clay loam, or sandy loam soils",5.5,7.5,75.0,85.0,226.59,43.9,10.8,350.0,500.0
2022,Mar,Navarai/Kodai,THIRUPPUR,castor,oil seeds,"Loams, silt loams, clay loams, or silty clay loams",5.0,8.5,120.0,160.0,236.76,26.2,26.88,500.0,500.0
2025,Dec,Samba/Thaladi,CHENGLEPUT,bitter gourd,vegetables,Well drained loamy soil,6.5,7.0,55.0,60.0,323.75,27.05,29.45,900.0,1200.0
2024,Jun,Kuruvai/Sornavari,CAUVERY,fodder maize,forage crops,Well drained sandy loam and clayey loam soils ,5.5,8.0,60.0,70.0,253.98,42.85,11.22,500.0,480.0
2022,Dec,Samba/Thaladi,NAGAPATTINAM,sweet sorghum,sugar crops,Well drained sandy loam and clayey loam soils ,6.0,8.5,115.0,125.0,228.72,26.92,28.81,500.0,600.0
2021,Jul,Kuruvai/Sornavari,CHENGLEPUT,Coccinia,minor vegetables,Sandy loam,6.0,6.5,90.0,90.0,549.9,31.46,22.03,900.0,1200.0
2022,Dec,Samba/Thaladi,KANYAKUMARI,Mint,minor vegetables,Loamy soil,6.5,7.0,100.0,120.0,355.55,25.28,22.43,1000.0,1100.0
2024,Sep,Kuruvai/Sornavari,THIRUVANNAMALAI,dioscorea,Root&tuber,well-drained soil,6.0,6.5,270.0,300.0,1055.99,34.02,30.0,1000.0,2000.0
2025,Sep,Kuruvai/Sornavari,RAMANATHANPURAM,blackgram,pulses,sandy soils to heavy cotton soils,6.5,7.8,70.0,75.0,263.57,40.18,19.87,600.0,1000.0
2024,Apr,Navarai/Kodai,THIRUPPUR,Winged Bean,minor vegetables,Sandy loam,7.0,12.0,42.0,42.0,245.27,30.93,23.92,900.0,1200.0
2025,Sep,Kuruvai/Sornavari,NAGAPATTINAM,Coccinia,minor vegetables,Sandy loam,6.0,6.5,90.0,90.0,730.58,32.84,21.36,900.0,1200.0
2021,Sep,Kuruvai/Sornavari,KANCHEEPURAM,fodder maize,forage crops,Well drained sandy loam and clayey loam soils ,5.5,8.0,60.0,70.0,282.27,43.54,11.39,500.0,480.0
2024,Sep,Kuruvai/Sornavari,NAGAPATTINAM,Basella,minor vegetables,Sandy loam,5.5,8.0,70.0,70.0,710.95,32.95,17.6,900.0,1200.0
2024,Mar,Navarai/Kodai,THIRUVANNAMALAI,peas,vegetables,Sandy loam,6.5,7.5,60.0,70.0,307.4,27.02,12.47,900.0,1200.0
2021,Oct,Samba/Thaladi,KRISHNAGIRI,amaranthus,greenleafy,Silt Loam to loamy,6.5,7.5,70.0,75.0,465.42,28.63,18.08,1000.0,1000.0
2023,Jan,Navarai/Kodai,KANYAKUMARI,onion,vegetables, Any Loamy,5.8,6.5,100.0,120.0,305.95,25.71,23.75,350.0,550.0
2025,Mar,Navarai/Kodai,DHARMAPURI,Chakravathi keerai,minor vegetables,Sandy loam,4.5,8.3,100.0,100.0,569.07,25.7,15.9,900.0,1200.0
2022,Sep,Kuruvai/Sornavari,KRISHNAGIRI,niger,oil seeds,"Loams, silt loams, clay loams, or silty clay loams",5.2,7.3,80.0,80.0,319.31,25.0,11.53,1000.0,1300.0
2025,Jan,Navarai/Kodai,MADURAI,cotton,fibre crop," black soils, (ii) red soils and (iii) alluvial soils.",7.0,8.0,135.0,140.0,261.95,27.95,19.66,700.0,1300.0
2025,Sep,Kuruvai/Sornavari,VILLUPURAM,onion,vegetables, Any Loamy,5.8,6.5,100.0,120.0,131.41,26.11,20.68,350.0,550.0
2022,Sep,Kuruvai/Sornavari,THALAVADI HILLS,fodder cumbu,forage crops,Well drained sandy loam and clayey loam soils ,4.0,7.5,45.0,120.0,262.27,31.77,28.81,500.0,480.0
2021,Dec,Samba/Thaladi,PUDUKKOTTAI,sweet potato,Root&tuber,well-drained soil,5.7,6.7,90.0,120.0,407.35,25.4,23.98,1000.0,1000.0
2025,Jun,Kuruvai/Sornavari,THIRUNELVELI,sweet potato,Root&tuber,well-drained soil,5.7,6.7,90.0,120.0,541.92,25.6,20.85,1000.0,1000.0
2024,Sep,Kuruvai/Sornavari,VELLORE,panivaragu,millets,sandy loam to clays of black cotton soils,5.5,7.0,70.0,75.0,217.95,40.04,13.24,330.0,350.0
2023,Jan,Navarai/Kodai,DHARMAPURI,panivaragu,millets,sandy loam to clays of black cotton soils,5.5,7.0,70.0,75.0,117.88,43.65,10.78,330.0,350.0
2022,Jan,Navarai/Kodai,KOLLI HILLS,Chakravathi keerai,minor vegetables,Sandy loam,4.5,8.3,100.0,100.0,272.37,25.95,18.05,900.0,1200.0
2025,May,Navarai/Kodai,VILLUPURAM,cumbu napier hybrid,forage crops,Well drained sandy loam and clayey loam soils ,5.0,8.6,45.0,55.0,484.0,25.47,23.45,800.0,1000.0
2022,Feb,Navarai/Kodai,THOOTHUKUDI,cotton,fibre crop," black soils, (ii) red soils and (iii) alluvial soils.",7.0,8.0,135.0,140.0,646.57,27.21,24.52,700.0,1300.0
2021,Nov,Samba/Thaladi,SIVAGANGAI,Chinese cabbage,minor vegetables,Sandy loam,5.5,7.0,50.0,80.0,741.1,24.68,19.0,900.0,1200.0
2024,Sep,Kuruvai/Sornavari,CAUVERY,elephant foot yam,Root&tuber,Rich red loamy soil,5.5,7.0,240.0,240.0,285.08,36.0,26.86,1000.0,1500.0
2023,Feb,Navarai/Kodai,RAMANATHANPURAM,vegetable cowpea,vegetables,Sandy loam,5.6,6.0,45.0,90.0,636.49,27.33,22.14,900.0,1200.0
2025,Sep,Kuruvai/Sornavari,KANYAKUMARI,Bread fruit,minor vegetables,Sandy loam,6.1,7.4,100.0,100.0,1118.13,39.49,17.75,2030.0,2540.0
2022,Jul,Kuruvai/Sornavari,THIRUVALLUR,peas,vegetables,Sandy loam,6.5,7.5,60.0,70.0,714.27,26.61,11.46,900.0,1200.0
2023,May,Navarai/Kodai,KARUR,celery,greenleafy,Silt Loam to loamy,6.0,8.5,120.0,150.0,455.93,27.48,15.18,1000.0,1000.0
2022,Jul,Kuruvai/Sornavari,SIVAGANGAI,Brussels sprout,minor vegetables,Sandy loam,6.5,6.8,12.0,12.0,369.33,25.37,14.44,900.0,1200.0
2024,Aug,Kuruvai/Sornavari,THIRUPPUR,sorghum,millets,well-drained loamy soils,6.0,7.5,95.0,105.0,113.99,37.35,18.62,450.0,650.0
2023,Oct,Samba/Thaladi,DHARMAPURI,guinea grass,forage crops,Well drained sandy loam and clayey loam soils ,5.0,7.0,45.0,55.0,280.89,37.11,18.93,1000.0,480.0
2022,May,Navarai/Kodai,COIMBATORE,pumpkin,vegetables,Loamy soil/ Lateritic soil,6.0,7.0,115.0,120.0,637.99,25.68,16.0,900.0,1200.0
2023,Jun,Kuruvai/Sornavari,VELLORE,colocasia,Root&tuber,Well grained deep loamy moist and alluviual soil,5.5,7.0,150.0,180.0,309.74,33.99,19.66,1000.0,1000.0
2023,Jan,Navarai/Kodai,THIRUVALLUR,sweet sorghum,sugar crops,Well drained sandy loam and clayey loam soils ,6.0,8.5,115.0,125.0,180.16,27.91,29.87,500.0,600.0
2023,Feb,Navarai/Kodai,HILLY REGIONS OF SHEVROY,Chinese cabbage,minor vegetables,Sandy loam,5.5,7.0,50.0,80.0,341.09,24.51,16.65,900.0,1200.0
2023,Jan,Navarai/Kodai,KARUR,bellary onion,minor vegetables,Sandy loam,5.8,6.5,150.0,150.0,318.23,25.98,14.33,900.0,1200.0
2025,May,Navarai/Kodai,SIVAGANGAI,celery,greenleafy,Silt Loam to loamy,6.0,8.5,120.0,150.0,276.74,26.97,16.9,1000.0,1000.0
2022,Jun,Kuruvai/Sornavari,KANCHEEPURAM,cowpea,pulses, well-drained sandy loams or sandy soils ,5.0,6.5,60.0,90.0,442.83,26.34,20.88,400.0,700.0
2025,Apr,Navarai/Kodai,NAGAPATTINAM,Cabbage,colecrops,LoamySandy,6.0,6.5,80.0,180.0,198.07,25.46,11.35,380.0,500.0
2021,Oct,Samba/Thaladi,DINDIGUL,rice,cereals,Alluvia or loamy and clayey soil,5.0,8.0,150.0,150.0,780.64,41.6,21.94,900.0,2500.0
2023,Jan,Navarai/Kodai,THIRUVALLUR,fodder cholam,forage crops,Well drained sandy loam and clayey loam soils ,5.5,7.5,1095.0,1095.0,109.08,31.32,27.01,300.0,350.0
2024,Mar,Navarai/Kodai,KRISHNAGIRI,sweet sorghum,sugar crops,Well drained sandy loam and clayey loam soils ,6.0,8.5,115.0,125.0,290.46,28.3,25.19,500.0,600.0
2021,May,Navarai/Kodai,KARUR,amaranthus,greenleafy,Silt Loam to loamy,6.5,7.5,70.0,75.0,456.44,28.37,22.69,1000.0,1000.0
2022,Apr,Navarai/Kodai,VELLORE,Pearl millet,millets,"clay, clay loam, or sandy loam soils",5.5,7.5,75.0,85.0,291.48,42.77,14.56,350.0,500.0
2024,Oct,Samba/Thaladi,THIRUPPUR,colocasia,Root&tuber,Well grained deep loamy moist and alluviual soil,5.5,7.0,150.0,180.0,641.34,32.62,19.45,1000.0,1000.0
2023,Sep,Kuruvai/Sornavari,ERODE,Chakravathi keerai,minor vegetables,Sandy loam,4.5,8.3,100.0,100.0,251.14,25.91,17.95,900.0,1200.0
2022,Oct,Samba/Thaladi,THIRUPPUR,castor,oil seeds,"Loams, silt loams, clay loams, or silty clay loams",5.0,8.5,120.0,160.0,177.75,25.22,24.39,500.0,500.0
2022,May,Navarai/Kodai,THIRUPPUR,brinjal,vegetables,Loamy soil/ Lateritic soil,6.0,7.5,100.0,150.0,653.04,31.43,20.8,900.0,1200.0
2023,Jan,Navarai/Kodai,THENI,fieldlablab,pulses,Well drained loamy soil,6.2,7.0,105.0,105.0,462.02,30.18,16.66,650.0,1000.0
2025,Jun,Kuruvai/Sornavari,NAMAKAL,Celery,minor vegetables,Sandy loam,5.8,6.8,120.0,150.0,334.85,24.84,16.73,900.0,1200.0
2025,Jan,Navarai/Kodai,MADURAI,muyal masal,forage crops,Well drained sandy loam and clayey loam soils ,5.5,7.5,75.0,65.0,140.18,34.52,25.77,500.0,480.0
2024,Sep,Kuruvai/Sornavari,MADURAI,cauliflower,colecrops,LoamySandy,6.5,6.8,55.0,100.0,104.5,28.17,10.0,380.0,500.0
2024,May,Navarai/Kodai,COIMBATORE,Bread fruit,minor vegetables,Sandy loam,6.1,7.4,100.0,100.0,891.38,39.88,16.13,2030.0,2540.0
2025,Aug,Kuruvai/Sornavari,VELLORE,tinda,vegetables,Sandy loam,6.5,7.5,70.0,70.0,771.81,30.43,25.83,900.0,1200.0
2023,Dec,Samba/Thaladi,PERAMBALUR,amaranthus,greenleafy,Silt Loam to loamy,6.5,7.5,70.0,75.0,524.61,29.92,24.96,1000.0,1000.0
2025,Sep,Kuruvai/Sornavari,CUDDALORE,broadbean,vegetables,Well drained loamy soil,5.5,6.0,80.0,100.0,438.39,23.9,11.25,900.0,1200.0
2024,Sep,Kuruvai/Sornavari,VIRUDHUNAGAR,celery,greenleafy,Silt Loam to loamy,6.0,8.5,120.0,150.0,608.48,29.63,14.56,1000.0,1000.0
2022,Aug,Kuruvai/Sornavari,HILLY REGIONS OF SHEVROY,chillies,vegetables,Loamy soil/ Lateritic soil,6.0,6.8,120.0,120.0,231.85,28.02,24.17,500.0,500.0
2025,Dec,Samba/Thaladi,KARUR,thinai,millets,"alluvial,loamy ",5.5,7.0,85.0,90.0,586.7,28.39,21.25,500.0,900.0
2024,Oct,Samba/Thaladi,THOOTHUKUDI,onion,vegetables, Any Loamy,5.8,6.5,100.0,120.0,124.13,26.11,19.28,350.0,550.0
2022,Aug,Kuruvai/Sornavari,THOOTHUKUDI,Chakravathi keerai,minor vegetables,Sandy loam,4.5,8.3,100.0,100.0,670.95,25.08,16.26,900.0,1200.0
2025,Feb,Navarai/Kodai,VELLORE,Chekurmanis,minor vegetables,Sandy loam,5.5,7.5,90.0,120.0,529.06,30.68,27.12,900.0,1200.0
2021,Aug,Kuruvai/Sornavari,THALAVADI HILLS,Phaseolus lunatus,minor vegetables,Sandy loam,6.0,6.8,90.0,90.0,623.43,25.08,14.74,900.0,2000.0
2021,Jun,Kuruvai/Sornavari,CAUVERY,soyabean,pulses,"Well-drained, Loamy Soil",6.0,7.0,90.0,100.0,390.31,32.78,17.42,450.0,700.0
2023,Apr,Navarai/Kodai,KANYAKUMARI,bellary onion,minor vegetables,Sandy loam,5.8,6.5,150.0,150.0,318.8,25.42,12.56,900.0,1200.0
2023,May,Navarai/Kodai,TIRUVARUR,colocasia,Root&tuber,Well grained deep loamy moist and alluviual soil,5.5,7.0,150.0,180.0,592.77,30.46,18.31,1000.0,1000.0
2021,Aug,Kuruvai/Sornavari,TIRUVARUR,blackgram,pulses,sandy soils to heavy cotton soils,6.5,7.8,70.0,75.0,282.29,38.68,20.18,600.0,1000.0
2022,Aug,Kuruvai/Sornavari,COIMBATORE,capsicum,vegetables,Loamy soil/ Lateritic soil,5.5,7.0,60.0,60.0,428.06,29.79,15.59,500.0,1200.0
2025,Oct,Samba/Thaladi,THOOTHUKUDI,ragi,millets,"red, black, sandy, loamy and shallow black soils.",5.0,8.2,100.0,120.0,567.98,26.66,15.08,700.0,1200.0
2022,Dec,Samba/Thaladi,THENI,small onion,bulbvegetables,Sandy loam,6.0,7.0,70.0,90.0,274.18,25.08,19.2,650.0,750.0
2021,Dec,Samba/Thaladi,DINDIGUL,Cabbage,colecrops,LoamySandy,6.0,6.5,80.0,180.0,293.48,25.26,10.74,380.0,500.0
2022,Dec,Samba/Thaladi,KRISHNAGIRI,chillies,vegetables,Loamy soil/ Lateritic soil,6.0,6.8,120.0,120.0,215.06,29.75,27.11,500.0,500.0
2023,Oct,Samba/Thaladi,THENI,sunflower,oil seeds,"Loams, silt loams, clay loams, or silty clay loams",6.5,8.0,85.0,95.0,295.22,25.54,20.21,350.0,500.0
2023,Aug,Kuruvai/Sornavari,HILLY REGIONS OF SHEVROY,bellary onion,minor vegetables,Sandy loam,5.8,6.5,150.0,150.0,469.36,26.0,14.19,900.0,1200.0
2025,Mar,Navarai/Kodai,MADURAI,samai,millets,Loamy Soil,8.5,9.0,80.0,100.0,161.7,41.72,26.93,480.0,750.0
2021,Apr,Navarai/Kodai,VIRUDHUNAGAR,onion,vegetables, Any Loamy,5.8,6.5,100.0,120.0,168.9,25.33,22.94,350.0,550.0
2023,Jul,Kuruvai/Sornavari,THIRUPPUR,bottle gourd,vegetables,Sandy loam,6.0,6.7,120.0,120.0,388.48,25.7,21.9,900.0,1200.0
2024,Feb,Navarai/Kodai,CAUVERY,watermelon,vegetables,Sandy,6.0,7.5,70.0,85.0,244.98,26.96,22.52,900.0,1200.0
2022,May,Navarai/Kodai,NAGAPATTINAM,gingely,oil seeds,"Loams, silt loams, clay loams, or silty clay loams",5.5,8.0,85.0,90.0,157.23,33.75,26.34,350.0,400.0
2024,Sep,Kuruvai/Sornavari,KANYAKUMARI,gherkins,vegetables,Sandy loam,5.8,7.0,90.0,90.0,288.17,33.42,18.23,900.0,1200.0
2021,Jul,Kuruvai/Sornavari,KANYAKUMARI,Chakravathi keerai,minor vegetables,Sandy loam,4.5,8.3,100.0,100.0,701.48,25.63,14.31,900.0,1200.0
2024,Jul,Kuruvai/Sornavari,THOOTHUKUDI,Basella,minor vegetables,Sandy loam,5.5,8.0,70.0,70.0,787.03,33.34,16.65,900.0,1200.0
2022,May,Navarai/Kodai,THIRUVALLUR,bitter gourd,vegetables,Well drained loamy soil,6.5,7.0,55.0,60.0,797.61,27.78,26.55,900.0,1200.0
2025,Sep,Kuruvai/Sornavari,VIRUDHUNAGAR,swordbean,pulses, well-drained sandy loams or sandy soils ,5.0,6.0,110.0,120.0,982.56,33.54,13.07,900.0,1500.0
2023,Sep,Kuruvai/Sornavari,HILLY REGIONS OF SHEVROY,cucumber,vegetables,Loamy,6.5,7.5,120.0,120.0,775.59,30.31,25.16,1200.0,1500.0
2025,Mar,Navarai/Kodai,VILLUPURAM,swordbean,pulses, well-drained sandy loams or sandy soils ,5.0,6.0,110.0,120.0,599.5,34.23,16.92,900.0,1500.0
2021,Sep,Kuruvai/Sornavari,VIRUDHUNAGAR,Brussels sprout,minor vegetables,Sandy loam,6.5,6.8,12.0,12.0,291.62,25.27,15.69,900.0,1200.0
2025,Feb,Navarai/Kodai,ERODE,Mint,minor vegetables,Loamy soil,6.5,7.0,100.0,120.0,697.41,25.92,19.53,1000.0,1100.0
2024,Mar,Navarai/Kodai,THIRUPPUR,carrot,Root&tuber,light or sandy loam soil,6.0,7.0,75.0,75.0,646.24,22.08,13.32,1000.0,1000.0
2024,Sep,Kuruvai/Sornavari,CHENGLEPUT,ribbed gourd,vegetables,Sandy Loam,6.5,7.5,125.0,125.0,683.52,36.79,29.49,900.0,1200.0
2025,Jun,Kuruvai/Sornavari,MADURAI,bhendi,vegetables,Loamy soil/ Lateritic soil,6.0,6.8,55.0,65.0,722.54,28.5,27.37,1200.0,2200.0
2023,Dec,Samba/Thaladi,VILLUPURAM,peas,vegetables,Sandy loam,6.5,7.5,60.0,70.0,758.68,30.45,14.45,900.0,1200.0
2025,Jan,Navarai/Kodai,KANCHEEPURAM,Basella,minor vegetables,Sandy loam,5.5,8.0,70.0,70.0,624.87,33.86,15.58,900.0,1200.0
2025,Mar,Navarai/Kodai,NAGAPATTINAM,curry leaf,greenleafy,Red sandy loam,5.2,5.5,90.0,85.0,576.86,37.91,27.57,1000.0,1000.0
2025,May,Navarai/Kodai,COIMBATORE,sweet sorghum,sugar crops,Well drained sandy loam and clayey loam soils ,6.0,8.5,115.0,125.0,308.34,27.68,24.91,500.0,600.0
2021,Oct,Samba/Thaladi,VILLUPURAM,Knol-khol,minor vegetables,Sandy loam,5.5,7.0,50.0,65.0,542.88,33.2,17.99,900.0,1200.0
2021,Dec,Samba/Thaladi,KANCHEEPURAM,Rhubarb,minor vegetables,Sandy loam,6.0,6.8,56.0,70.0,410.66,25.89,10.0,900.0,1200.0
2021,Jun,Kuruvai/Sornavari,CAUVERY,cumbu napier hybrid,forage crops,Well drained sandy loam and clayey loam soils ,5.0,8.6,45.0,55.0,481.41,26.9,18.44,800.0,1000.0
2022,Feb,Navarai/Kodai,MADURAI,maize,millets,temperate podzols to the leached red soils of the tropics. ,5.5,7.0,105.0,110.0,378.22,28.56,19.19,500.0,800.0
2022,May,Navarai/Kodai,MADURAI,Basella,minor vegetables,Sandy loam,5.5,8.0,70.0,70.0,341.05,33.26,13.32,900.0,1200.0
2025,Feb,Navarai/Kodai,VIRUDHUNAGAR,cauliflower,colecrops,LoamySandy,6.5,6.8,55.0,100.0,257.88,31.4,10.0,380.0,500.0
2023,May,Navarai/Kodai,THIRUCHIRAPALLI,fieldlablab,pulses,Well drained loamy soil,6.2,7.0,105.0,105.0,567.16,30.16,18.01,650.0,1000.0
2024,Aug,Kuruvai/Sornavari,THIRUPPUR,cowpea,pulses, well-drained sandy loams or sandy soils ,5.0,6.5,60.0,90.0,188.74,29.29,22.46,400.0,700.0
2022,Aug,Kuruvai/Sornavari,THENI,Chekurmanis,minor vegetables,Sandy loam,5.5,7.5,90.0,120.0,554.98,33.86,29.58,900.0,1200.0
2023,Aug,Kuruvai/Sornavari,THIRUVALLUR,safflower,oil seeds,"Loams, silt loams, clay loams, or silty clay loams",5.4,8.2,120.0,125.0,309.29,34.07,26.5,550.0,725.0
2022,Mar,Navarai/Kodai,NAMAKAL,swordbean,pulses, well-drained sandy loams or sandy soils ,5.0,6.0,110.0,120.0,889.35,33.12,16.01,900.0,1500.0
2023,Jan,Navarai/Kodai,SALEM,thinai,millets,"alluvial,loamy ",5.5,7.0,85.0,90.0,477.62,28.95,20.18,500.0,900.0
2023,Feb,Navarai/Kodai,JAWAD HILLS,carrot,Root&tuber,light or sandy loam soil,6.0,7.0,75.0,75.0,564.79,24.63,13.56,1000.0,1000.0
2022,May,Navarai/Kodai,PERAMBALUR,fodder cumbu,forage crops,Well drained sandy loam and clayey loam soils ,4.0,7.5,45.0,120.0,213.95,35.85,24.04,500.0,480.0
2022,Jan,Navarai/Kodai,KANCHEEPURAM,paprika,vegetables,Sandy loam,5.8,6.5,160.0,180.0,596.08,31.89,22.16,700.0,1000.0
2024,Mar,Navarai/Kodai,SIVAGANGAI,fodder cholam,forage crops,Well drained sandy loam and clayey loam soils ,5.5,7.5,1095.0,1095.0,119.79,34.06,27.33,300.0,350.0
2021,May,Navarai/Kodai,VILLUPURAM,gingely,oil seeds,"Loams, silt loams, clay loams, or silty clay loams",5.5,8.0,85.0,90.0,97.28,35.79,26.9,350.0,400.0
2025,Jul,Kuruvai/Sornavari,KARUR,gardenlablab,pulses,wide range of soils,6.0,7.0,75.0,100.0,395.18,35.44,21.75,650.0,1000.0
2021,May,Navarai/Kodai,COIMBATORE,celery,greenleafy,Silt Loam to loamy,6.0,8.5,120.0,150.0,543.98,29.74,14.33,1000.0,1000.0
2023,Dec,Samba/Thaladi,VELLORE,samai,millets,Loamy Soil,8.5,9.0,80.0,100.0,287.01,37.18,27.04,480.0,750.0
2022,Mar,Navarai/Kodai,DINDIGUL,Coccinia,minor vegetables,Sandy loam,6.0,6.5,90.0,90.0,792.93,30.07,18.92,900.0,1200.0
2025,Feb,Navarai/Kodai,RAMANATHANPURAM,muskmelon,vegetables,Sandy Loam,6.5,7.5,70.0,100.0,332.47,35.81,27.22,900.0,1200.0
2025,Feb,Navarai/Kodai,CUDDALORE,Chinese cabbage,minor vegetables,Sandy loam,5.5,7.0,50.0,80.0,446.19,24.95,18.49,900.0,1200.0
2025,Feb,Navarai/Kodai,VELLORE,amaranthus,greenleafy,Silt Loam to loamy,6.5,7.5,70.0,75.0,601.58,31.54,19.37,1000.0,1000.0
2021,Sep,Kuruvai/Sornavari,TANJORE,elephant foot yam,Root&tuber,Rich red loamy soil,5.5,7.0,240.0,240.0,745.09,32.29,27.41,1000.0,1500.0
2021,Sep,Kuruvai/Sornavari,RAMANATHANPURAM,carrot,Root&tuber,light or sandy loam soil,6.0,7.0,75.0,75.0,513.75,22.91,17.1,1000.0,1000.0
2024,Jul,Kuruvai/Sornavari,NAMAKAL,cucumber,vegetables,Loamy,6.5,7.5,120.0,120.0,645.86,34.61,23.56,1200.0,1500.0
2025,Jul,Kuruvai/Sornavari,NAGAPATTINAM,broadbean,vegetables,Well drained loamy soil,5.5,6.0,80.0,100.0,261.8,24.41,12.76,900.0,1200.0
2021,Mar,Navarai/Kodai,SIVAGANGAI,watermelon,vegetables,Sandy,6.0,7.5,70.0,85.0,493.33,26.56,22.0,900.0,1200.0
2025,Jun,Kuruvai/Sornavari,KRISHNAGIRI,blackgram,pulses,sandy soils to heavy cotton soils,6.5,7.8,70.0,75.0,358.88,39.9,21.45,600.0,1000.0
2024,Nov,Samba/Thaladi,CAUVERY,peas,vegetables,Sandy loam,6.5,7.5,60.0,70.0,608.84,29.02,11.33,900.0,1200.0
2025,Jul,Kuruvai/Sornavari,THIRUCHIRAPALLI,guinea grass,forage crops,Well drained sandy loam and clayey loam soils ,5.0,7.0,45.0,55.0,254.4,39.04,16.14,1000.0,480.0
2022,Oct,Samba/Thaladi,THENI,Bread fruit,minor vegetables,Sandy loam,6.1,7.4,100.0,100.0,811.23,39.04,20.26,2030.0,2540.0
2024,Aug,Kuruvai/Sornavari,SALEM,bhendi,vegetables,Loamy soil/ Lateritic soil,6.0,6.8,55.0,65.0,558.31,25.19,26.56,1200.0,2200.0
2021,Nov,Samba/Thaladi,DINDIGUL,sweet sorghum,sugar crops,Well drained sandy loam and clayey loam soils ,6.0,8.5,115.0,125.0,388.39,25.5,29.45,500.0,600.0
2021,Jul,Kuruvai/Sornavari,THIRUVALLUR,cucumber,vegetables,Loamy,6.5,7.5,120.0,120.0,306.98,36.57,26.7,1200.0,1500.0
2022,Oct,Samba/Thaladi,KANCHEEPURAM,pumpkin,vegetables,Loamy soil/ Lateritic soil,6.0,7.0,115.0,120.0,616.67,25.26,22.82,900.0,1200.0
2023,Apr,Navarai/Kodai,THIRUCHIRAPALLI,sweet sorghum,sugar crops,Well drained sandy loam and clayey loam soils ,6.0,8.5,115.0,125.0,294.28,26.47,27.4,500.0,600.0
2022,Apr,Navarai/Kodai,KRISHNAGIRI,soyabean,pulses,"Well-drained, Loamy Soil",6.0,7.0,90.0,100.0,147.21,33.72,13.34,450.0,700.0
2021,May,Navarai/Kodai,VIRUDHUNAGAR,sunflower,oil seeds,"Loams, silt loams, clay loams, or silty clay loams",6.5,8.0,85.0,95.0,218.4,25.24,20.12,350.0,500.0
2025,May,Navarai/Kodai,PERAMBALUR,carrot,Root&tuber,light or sandy loam soil,6.0,7.0,75.0,75.0,315.86,23.77,18.93,1000.0,1000.0
2023,Jul,Kuruvai/Sornavari,SALEM,thinai,millets,"alluvial,loamy ",5.5,7.0,85.0,90.0,310.97,30.32,22.15,500.0,900.0
2021,Jan,Navarai/Kodai,VILLUPURAM,jute,fibre crop,Sandy and Clay Loam,6.0,7.5,120.0,140.0,315.52,39.63,22.38,1000.0,1300.0
2022,Aug,Kuruvai/Sornavari,THOOTHUKUDI,thinai,millets,"alluvial,loamy ",5.5,7.0,85.0,90.0,473.08,28.04,23.88,500.0,900.0
2021,Oct,Samba/Thaladi,TANJORE,Chekurmanis,minor vegetables,Sandy loam,5.5,7.5,90.0,120.0,281.18,34.85,26.81,900.0,1200.0
2025,Sep,Kuruvai/Sornavari,HILLY REGIONS OF SHEVROY,sweet sorghum,sugar crops,Well drained sandy loam and clayey loam soils ,6.0,8.5,115.0,125.0,230.34,26.05,29.6,500.0,600.0
2021,Sep,Kuruvai/Sornavari,KANCHEEPURAM,gingely,oil seeds,"Loams, silt loams, clay loams, or silty clay loams",5.5,8.0,85.0,90.0,154.84,30.07,23.53,350.0,400.0
2023,Dec,Samba/Thaladi,VIRUDHUNAGAR,Ceylon spinach,minor vegetables,Sandy loam,6.5,7.0,40.0,50.0,299.84,24.1,11.56,900.0,1200.0
2025,Dec,Samba/Thaladi,KRISHNAGIRI,muskmelon,vegetables,Sandy Loam,6.5,7.5,70.0,100.0,592.65,30.99,24.1,900.0,1200.0
2024,Nov,Samba/Thaladi,VELLORE,velimasal,forage crops,Well drained sandy loam and clayey loam soils ,5.8,7.0,45.0,55.0,212.99,34.61,24.91,300.0,350.0
2022,Oct,Samba/Thaladi,THIRUPPUR,Celery,minor vegetables,Sandy loam,5.8,6.8,120.0,150.0,398.75,22.28,19.1,900.0,1200.0
2025,Sep,Kuruvai/Sornavari,ERODE,snake gourd,vegetables,Loamy soil/ Lateritic soil,6.0,6.7,90.0,90.0,706.71,27.28,17.17,900.0,1200.0
2024,May,Navarai/Kodai,THALAVADI HILLS,safflower,oil seeds,"Loams, silt loams, clay loams, or silty clay loams",5.4,8.2,120.0,125.0,144.11,34.65,22.4,550.0,725.0
2022,Jun,Kuruvai/Sornavari,THALAVADI HILLS,swordbean,pulses, well-drained sandy loams or sandy soils ,5.0,6.0,110.0,120.0,462.19,32.62,11.7,900.0,1500.0
2024,Jun,Kuruvai/Sornavari,VILLUPURAM,tomato,vegetables,Sandy loam,6.5,7.5,90.0,140.0,389.67,25.86,19.41,600.0,800.0
2025,Jun,Kuruvai/Sornavari,KOLLI HILLS,brinjal,vegetables,Loamy soil/ Lateritic soil,6.0,7.5,100.0,150.0,305.66,25.19,21.84,900.0,1200.0
2025,May,Navarai/Kodai,KRISHNAGIRI,Phaseolus lunatus,minor vegetables,Sandy loam,6.0,6.8,90.0,90.0,239.78,27.91,15.49,900.0,2000.0
2025,Apr,Navarai/Kodai,PUDUKKOTTAI,soyabean,pulses,"Well-drained, Loamy Soil",6.0,7.0,90.0,100.0,392.54,28.15,14.27,450.0,700.0
2022,Feb,Navarai/Kodai,VILLUPURAM,Bread fruit,minor vegetables,Sandy loam,6.1,7.4,100.0,100.0,809.27,38.97,18.43,2030.0,2540.0
2024,Jul,Kuruvai/Sornavari,PERAMBALUR,safflower,oil seeds,"Loams, silt loams, clay loams, or silty clay loams",5.4,8.2,120.0,125.0,283.68,33.63,20.05,550.0,725.0
2021,Feb,Navarai/Kodai,THIRUPPUR,bottle gourd,vegetables,Sandy loam,6.0,6.7,120.0,120.0,415.25,26.3,17.65,900.0,1200.0
2023,Jan,Navarai/Kodai,JAWAD HILLS,bottle gourd,vegetables,Sandy loam,6.0,6.7,120.0,120.0,700.19,28.95,19.65,900.0,1200.0
2022,Aug,Kuruvai/Sornavari,DHARMAPURI,soundal,forage crops,Well drained sandy loam and clayey loam soils ,5.5,7.5,40.0,80.0,176.27,35.17,20.78,500.0,480.0
2025,Jun,Kuruvai/Sornavari,KARUR,fieldlablab,pulses,Well drained loamy soil,6.2,7.0,105.0,105.0,450.32,29.63,16.99,650.0,1000.0
2024,Nov,Samba/Thaladi,VILLUPURAM,amaranthus,greenleafy,Silt Loam to loamy,6.5,7.5,70.0,75.0,588.98,29.16,23.91,1000.0,1000.0
2021,Nov,Samba/Thaladi,KRISHNAGIRI,beetroot,Root&tuber,all types of friable soil,6.0,7.0,45.0,65.0,549.87,24.04,22.47,1000.0,1000.0
2022,Jan,Navarai/Kodai,THIRUCHIRAPALLI,greengram,pulses,well-drained sandy loams or sandy soils ,6.5,7.5,100.0,100.0,499.04,31.03,23.05,850.0,1000.0
2025,Mar,Navarai/Kodai,DHARMAPURI,Winged Bean,minor vegetables,Sandy loam,7.0,12.0,42.0,42.0,514.64,30.47,26.79,900.0,1200.0
2022,May,Navarai/Kodai,VILLUPURAM,soyabean,pulses,"Well-drained, Loamy Soil",6.0,7.0,90.0,100.0,341.14,28.3,16.79,450.0,700.0
2022,Feb,Navarai/Kodai,KARUR,Coccinia,minor vegetables,Sandy loam,6.0,6.5,90.0,90.0,382.15,27.65,24.36,900.0,1200.0
2025,Jul,Kuruvai/Sornavari,PUDUKKOTTAI,ribbed gourd,vegetables,Sandy Loam,6.5,7.5,125.0,125.0,519.29,34.39,28.75,900.0,1200.0
2024,Jul,Kuruvai/Sornavari,PUDUKKOTTAI,brinjal,vegetables,Loamy soil/ Lateritic soil,6.0,7.5,100.0,150.0,631.59,27.4,19.08,900.0,1200.0
2023,Feb,Navarai/Kodai,THIRUVALLUR,Bread fruit,minor vegetables,Sandy loam,6.1,7.4,100.0,100.0,1679.38,33.17,17.64,2030.0,2540.0
2021,Feb,Navarai/Kodai,ERODE,Asparagus,minor vegetables,Sandy loam,6.0,6.7,730.0,730.0,271.13,25.83,13.79,900.0,1200.0
2025,Sep,Kuruvai/Sornavari,DHARMAPURI,cumbu napier hybrid,forage crops,Well drained sandy loam and clayey loam soils ,5.0,8.6,45.0,55.0,253.4,26.1,22.96,800.0,1000.0
2024,Jul,Kuruvai/Sornavari,MADURAI,horsegram,pulses, light to heavy soils ,6.0,7.5,100.0,105.0,474.78,40.78,27.71,800.0,800.0
2024,Jan,Navarai/Kodai,SALEM,tobacco,other crops,Well drained sandy loam and clayey loam soils ,7.5,8.5,90.0,100.0,575.15,31.71,29.35,800.0,1000.0
2023,Apr,Navarai/Kodai,JAWAD HILLS,soyabean,pulses,"Well-drained, Loamy Soil",6.0,7.0,90.0,100.0,439.2,30.83,16.33,450.0,700.0
2024,Jul,Kuruvai/Sornavari,THE NILGRIS,snake gourd,vegetables,Loamy soil/ Lateritic soil,6.0,6.7,90.0,90.0,268.28,25.41,18.3,900.0,1200.0
2024,Jan,Navarai/Kodai,THIRUNELVELI,watermelon,vegetables,Sandy,6.0,7.5,70.0,85.0,258.93,28.77,23.48,900.0,1200.0
2021,Sep,Kuruvai/Sornavari,VIRUDHUNAGAR,Ceylon spinach,minor vegetables,Sandy loam,6.5,7.0,40.0,50.0,233.26,24.85,13.15,900.0,1200.0
2025,Nov,Samba/Thaladi,VIRUDHUNAGAR,bhendi,vegetables,Loamy soil/ Lateritic soil,6.0,6.8,55.0,65.0,729.65,25.46,28.7,1200.0,2200.0
2025,Apr,Navarai/Kodai,THENI,colocasia,Root&tuber,Well grained deep loamy moist and alluviual soil,5.5,7.0,150.0,180.0,506.29,32.34,23.82,1000.0,1000.0
2022,Sep,Kuruvai/Sornavari,CHENGLEPUT,pumpkin,vegetables,Loamy soil/ Lateritic soil,6.0,7.0,115.0,120.0,695.28,26.92,19.92,900.0,1200.0
2021,Jan,Navarai/Kodai,KANYAKUMARI,cauliflower,colecrops,LoamySandy,6.5,6.8,55.0,100.0,170.68,27.86,10.0,380.0,500.0
2022,Dec,Samba/Thaladi,DHARMAPURI,maize,millets,temperate podzols to the leached red soils of the tropics. ,5.5,7.0,105.0,110.0,431.21,27.77,19.74,500.0,800.0
2025,Nov,Samba/Thaladi,CAUVERY,Turnip,minor vegetables,Loamy soil,5.5,6.8,42.0,56.0,694.91,23.3,10.5,900.0,1200.0
2024,Feb,Navarai/Kodai,KANCHEEPURAM,gherkins,vegetables,Sandy loam,5.8,7.0,90.0,90.0,697.42,30.2,19.36,900.0,1200.0
2023,Mar,Navarai/Kodai,THE NILGRIS,celery,greenleafy,Silt Loam to loamy,6.0,8.5,120.0,150.0,431.65,28.96,10.74,1000.0,1000.0
2022,Nov,Samba/Thaladi,HILLY REGIONS OF SHEVROY,chillies,vegetables,Loamy soil/ Lateritic soil,6.0,6.8,120.0,120.0,272.07,28.81,26.18,500.0,500.0
2025,Oct,Samba/Thaladi,THIRUPPUR,blackgram,pulses,sandy soils to heavy cotton soils,6.5,7.8,70.0,75.0,158.76,43.83,18.88,600.0,1000.0
2022,Aug,Kuruvai/Sornavari,CHENGLEPUT,sweet sorghum,sugar crops,Well drained sandy loam and clayey loam soils ,6.0,8.5,115.0,125.0,332.87,28.34,29.01,500.0,600.0
2024,Jul,Kuruvai/Sornavari,SALEM,muyal masal,forage crops,Well drained sandy loam and clayey loam soils ,5.5,7.5,75.0,65.0,139.15,33.07,25.48,500.0,480.0
2024,May,Navarai/Kodai,VILLUPURAM,beetroot,Root&tuber,all types of friable soil,6.0,7.0,45.0,65.0,588.48,23.42,17.0,1000.0,1000.0
2023,Aug,Kuruvai/Sornavari,PUDUKKOTTAI,peas,vegetables,Sandy loam,6.5,7.5,60.0,70.0,762.02,26.37,10.65,900.0,1200.0
2023,Dec,Samba/Thaladi,SALEM,panivaragu,millets,sandy loam to clays of black cotton soils,5.5,7.0,70.0,75.0,177.56,43.25,11.64,330.0,350.0
2023,Mar,Navarai/Kodai,THALAVADI HILLS,Palak,minor vegetables,Sandy loam,6.5,7.0,37.0,45.0,696.86,33.69,12.06,900.0,1200.0
2025,May,Navarai/Kodai,KOLLI HILLS,colocasia,Root&tuber,Well grained deep loamy moist and alluviual soil,5.5,7.0,150.0,180.0,514.18,32.06,21.84,1000.0,1000.0
2024,Oct,Samba/Thaladi,NAMAKAL,sunflower,oil seeds,"Loams, silt loams, clay loams, or silty clay loams",6.5,8.0,85.0,95.0,95.48,26.85,24.98,350.0,500.0
2024,Jan,Navarai/Kodai,TANJORE,Chekurmanis,minor vegetables,Sandy loam,5.5,7.5,90.0,120.0,782.72,31.7,27.65,900.0,1200.0
2025,Aug,Kuruvai/Sornavari,KARUR,varagu,millets,clay-based soil,5.5,6.5,120.0,120.0,356.98,26.01,24.54,500.0,900.0
2025,May,Navarai/Kodai,COIMBATORE,vegetable cowpea,vegetables,Sandy loam,5.6,6.0,45.0,90.0,360.89,25.98,22.7,900.0,1200.0
2025,May,Navarai/Kodai,KARUR,Brussels sprout,minor vegetables,Sandy loam,6.5,6.8,12.0,12.0,258.32,26.75,18.82,900.0,1200.0
2025,Jan,Navarai/Kodai,CUDDALORE,celery,greenleafy,Silt Loam to loamy,6.0,8.5,120.0,150.0,411.07,27.71,15.62,1000.0,1000.0
2023,Nov,Samba/Thaladi,CAUVERY,bhendi,vegetables,Loamy soil/ Lateritic soil,6.0,6.8,55.0,65.0,409.03,28.37,25.26,1200.0,2200.0
2024,Nov,Samba/Thaladi,COIMBATORE,kudirai masi,forage crops,Well drained sandy loam and clayey loam soils ,6.5,7.5,45.0,55.0,149.69,34.61,26.97,300.0,350.0
2021,May,Navarai/Kodai,KARUR,Chakravathi keerai,minor vegetables,Sandy loam,4.5,8.3,100.0,100.0,740.54,25.21,13.08,900.0,1200.0
2024,Nov,Samba/Thaladi,ARIYALUR,tinda,vegetables,Sandy loam,6.5,7.5,70.0,70.0,557.62,27.15,29.73,900.0,1200.0
2022,Sep,Kuruvai/Sornavari,KARUR,ash gourd,vegetables,Sandy loam,6.0,6.7,120.0,120.0,432.95,27.36,28.82,900.0,1200.0
2021,Dec,Samba/Thaladi,PUDUKKOTTAI,cluster bean,vegetables,Sandy Loam,7.0,8.5,60.0,90.0,534.62,26.07,19.96,900.0,1200.0
2025,May,Navarai/Kodai,ERODE,broadbean,vegetables,Well drained loamy soil,5.5,6.0,80.0,100.0,706.22,24.23,14.55,900.0,1200.0
2022,Apr,Navarai/Kodai,HILLY REGIONS OF SHEVROY,Chinese cabbage,minor vegetables,Sandy loam,5.5,7.0,50.0,80.0,546.5,24.8,13.17,900.0,1200.0
2024,Aug,Kuruvai/Sornavari,KANCHEEPURAM,cumbu napier hybrid,forage crops,Well drained sandy loam and clayey loam soils ,5.0,8.6,45.0,55.0,390.97,25.64,24.39,800.0,1000.0
2024,Nov,Samba/Thaladi,HILLY REGIONS OF SHEVROY,Chinese cabbage,minor vegetables,Sandy loam,5.5,7.0,50.0,80.0,560.09,24.21,13.6,900.0,1200.0
2023,Oct,Samba/Thaladi,THIRUNELVELI,small onion,bulbvegetables,Sandy loam,6.0,7.0,70.0,90.0,212.27,25.04,14.66,650.0,750.0
2021,Dec,Samba/Thaladi,KANYAKUMARI,castor,oil seeds,"Loams, silt loams, clay loams, or silty clay loams",5.0,8.5,120.0,160.0,237.92,27.44,21.52,500.0,500.0
2025,Dec,Samba/Thaladi,SALEM,french bean,vegetables,Well drained loamy soil,5.5,6.0,40.0,50.0,690.01,25.97,10.11,900.0,1200.0
2024,Jul,Kuruvai/Sornavari,THIRUVALLUR,redgram,pulses,deep loam soils,6.5,7.0,120.0,150.0,276.84,27.38,19.54,600.0,1400.0
2023,Mar,Navarai/Kodai,KRISHNAGIRI,chillies,vegetables,Loamy soil/ Lateritic soil,6.0,6.8,120.0,120.0,290.77,27.79,23.12,500.0,500.0
2023,Apr,Navarai/Kodai,JAWAD HILLS,brinjal,vegetables,Loamy soil/ Lateritic soil,6.0,7.5,100.0,150.0,704.93,27.09,20.6,900.0,1200.0
2024,Sep,Kuruvai/Sornavari,THIRUVALLUR,muyal masal,forage crops,Well drained sandy loam and clayey loam soils ,5.5,7.5,75.0,65.0,212.4,30.53,27.63,500.0,480.0
2024,Oct,Samba/Thaladi,THENI,ash gourd,vegetables,Sandy loam,6.0,6.7,120.0,120.0,751.06,27.26,22.87,900.0,1200.0
2022,Apr,Navarai/Kodai,KOLLI HILLS,blackgram,pulses,sandy soils to heavy cotton soils,6.5,7.8,70.0,75.0,490.25,42.27,23.38,600.0,1000.0
2025,Jan,Navarai/Kodai,TANJORE,chillies,vegetables,Loamy soil/ Lateritic soil,6.0,6.8,120.0,120.0,319.4,26.49,27.38,500.0,500.0
2025,Jan,Navarai/Kodai,NAMAKAL,bottle gourd,vegetables,Sandy loam,6.0,6.7,120.0,120.0,498.89,28.17,21.2,900.0,1200.0
2021,Sep,Kuruvai/Sornavari,DINDIGUL,greengram,pulses,well-drained sandy loams or sandy soils ,6.5,7.5,100.0,100.0,567.35,30.99,27.36,850.0,1000.0
2025,May,Navarai/Kodai,THIRUNELVELI,panivaragu,millets,sandy loam to clays of black cotton soils,5.5,7.0,70.0,75.0,204.07,44.81,12.42,330.0,350.0
2023,Mar,Navarai/Kodai,SIVAGANGAI,pumpkin,vegetables,Loamy soil/ Lateritic soil,6.0,7.0,115.0,120.0,283.88,26.27,17.24,900.0,1200.0
2022,May,Navarai/Kodai,MADURAI,safflower,oil seeds,"Loams, silt loams, clay loams, or silty clay loams",5.4,8.2,120.0,125.0,212.8,33.14,23.42,550.0,725.0
2024,Oct,Samba/Thaladi,TIRUVARUR,cowpea,pulses, well-drained sandy loams or sandy soils ,5.0,6.5,60.0,90.0,230.52,31.38,18.21,400.0,700.0
2023,Apr,Navarai/Kodai,ARIYALUR,ribbed gourd,vegetables,Sandy Loam,6.5,7.5,125.0,125.0,606.49,34.78,29.59,900.0,1200.0
2022,Mar,Navarai/Kodai,CAUVERY,lablab,vegetables,Well drained loamy soil,6.5,8.5,70.0,75.0,634.12,34.97,26.87,900.0,1200.0
2022,May,Navarai/Kodai,COIMBATORE,kudiraivali,millets,Loamy Soil,5.5,7.0,75.0,95.0,515.07,22.53,24.69,500.0,900.0
2025,Jul,Kuruvai/Sornavari,KANCHEEPURAM,wheat,cereals,Well Drained,6.0,7.0,80.0,90.0,141.76,25.79,24.53,450.0,650.0
2025,Oct,Samba/Thaladi,NAMAKAL,panivaragu,millets,sandy loam to clays of black cotton soils,5.5,7.0,70.0,75.0,210.89,41.51,13.66,330.0,350.0
2021,Oct,Samba/Thaladi,THOOTHUKUDI,paprika,vegetables,Sandy loam,5.8,6.5,160.0,180.0,199.55,28.92,22.46,700.0,1000.0
2021,Jun,Kuruvai/Sornavari,SALEM,cotton,fibre crop," black soils, (ii) red soils and (iii) alluvial soils.",7.0,8.0,135.0,140.0,395.52,26.2,20.38,700.0,1300.0
2025,Dec,Samba/Thaladi,THE NILGRIS,Turnip,minor vegetables,Loamy soil,5.5,6.8,42.0,56.0,716.68,24.54,11.9,900.0,1200.0
2024,Oct,Samba/Thaladi,CAUVERY,peas,vegetables,Sandy loam,6.5,7.5,60.0,70.0,753.09,25.57,14.9,900.0,1200.0
2022,May,Navarai/Kodai,CUDDALORE,bhendi,vegetables,Loamy soil/ Lateritic soil,6.0,6.8,55.0,65.0,1295.12,27.81,25.9,1200.0,2200.0
2025,Dec,Samba/Thaladi,THOOTHUKUDI,Coccinia,minor vegetables,Sandy loam,6.0,6.5,90.0,90.0,604.24,32.25,18.51,900.0,1200.0
2024,Jul,Kuruvai/Sornavari,THIRUVALLUR,fodder maize,forage crops,Well drained sandy loam and clayey loam soils ,5.5,8.0,60.0,70.0,247.32,40.99,10.03,500.0,480.0
2023,Oct,Samba/Thaladi,DINDIGUL,greengram,pulses,well-drained sandy loams or sandy soils ,6.5,7.5,100.0,100.0,555.06,32.6,25.75,850.0,1000.0
2023,Mar,Navarai/Kodai,TANJORE,soundal,forage crops,Well drained sandy loam and clayey loam soils ,5.5,7.5,40.0,80.0,138.94,31.33,21.1,500.0,480.0
2021,Oct,Samba/Thaladi,JAWAD HILLS,lablab,vegetables,Well drained loamy soil,6.5,8.5,70.0,75.0,575.47,30.25,23.59,900.0,1200.0
2022,Feb,Navarai/Kodai,THALAVADI HILLS,bitter gourd,vegetables,Well drained loamy soil,6.5,7.0,55.0,60.0,652.93,28.01,26.31,900.0,1200.0
2023,Mar,Navarai/Kodai,KRISHNAGIRI,Chekurmanis,minor vegetables,Sandy loam,5.5,7.5,90.0,120.0,506.53,35.37,25.26,900.0,1200.0
2023,Apr,Navarai/Kodai,NAMAKAL,broadbean,vegetables,Well drained loamy soil,5.5,6.0,80.0,100.0,782.97,24.6,10.21,900.0,1200.0
2024,Sep,Kuruvai/Sornavari,CUDDALORE,fodder cowpea,forage crops,Well drained sandy loam and clayey loam soils ,5.0,6.5,50.0,65.0,221.92,28.33,18.86,300.0,350.0
2021,Jan,Navarai/Kodai,THIRUPPUR,radish,Root&tuber,Well grained deep loamy moist and alluviual soil,5.5,6.8,21.0,21.0,359.35,20.22,14.64,1000.0,1000.0
2024,Nov,Samba/Thaladi,THIRUVANNAMALAI,horsegram,pulses, light to heavy soils ,6.0,7.5,100.0,105.0,369.03,37.46,28.33,800.0,800.0
2022,Feb,Navarai/Kodai,TIRUVARUR,vegetable cowpea,vegetables,Sandy loam,5.6,6.0,45.0,90.0,384.47,27.04,21.82,900.0,1200.0
2021,Aug,Kuruvai/Sornavari,THIRUVANNAMALAI,Bread fruit,minor vegetables,Sandy loam,6.1,7.4,100.0,100.0,1525.34,34.67,19.86,2030.0,2540.0
2022,May,Navarai/Kodai,THENI,Celery,minor vegetables,Sandy loam,5.8,6.8,120.0,150.0,721.3,24.94,17.16,900.0,1200.0
2024,Dec,Samba/Thaladi,THIRUCHIRAPALLI,Brussels sprout,minor vegetables,Sandy loam,6.5,6.8,12.0,12.0,623.86,26.77,17.23,900.0,1200.0
2023,Sep,Kuruvai/Sornavari,MADURAI,Chekurmanis,minor vegetables,Sandy loam,5.5,7.5,90.0,120.0,616.94,31.2,29.48,900.0,1200.0
2022,Jul,Kuruvai/Sornavari,KOLLI HILLS,cucumber,vegetables,Loamy,6.5,7.5,120.0,120.0,695.39,35.04,23.15,1200.0,1500.0
2024,Mar,Navarai/Kodai,TIRUVARUR,onion,vegetables, Any Loamy,5.8,6.5,100.0,120.0,89.74,26.75,19.59,350.0,550.0
2022,Jan,Navarai/Kodai,ERODE,small onion,bulbvegetables,Sandy loam,6.0,7.0,70.0,90.0,410.99,25.55,18.74,650.0,750.0
2024,May,Navarai/Kodai,KARUR,lablab,vegetables,Well drained loamy soil,6.5,8.5,70.0,75.0,234.97,34.04,23.07,900.0,1200.0
2021,Sep,Kuruvai/Sornavari,SIVAGANGAI,castor,oil seeds,"Loams, silt loams, clay loams, or silty clay loams",5.0,8.5,120.0,160.0,300.87,25.4,20.81,500.0,500.0
2023,Apr,Navarai/Kodai,MADURAI,fodder cowpea,forage crops,Well drained sandy loam and clayey loam soils ,5.0,6.5,50.0,65.0,80.05,26.9,23.99,300.0,350.0
2023,Mar,Navarai/Kodai,THALAVADI HILLS,tinda,vegetables,Sandy loam,6.5,7.5,70.0,70.0,497.22,28.02,28.8,900.0,1200.0
2022,Jun,Kuruvai/Sornavari,THIRUVALLUR,Coccinia,minor vegetables,Sandy loam,6.0,6.5,90.0,90.0,403.26,30.38,21.39,900.0,1200.0
2021,Aug,Kuruvai/Sornavari,VELLORE,jute,fibre crop,Sandy and Clay Loam,6.0,7.5,120.0,140.0,286.85,34.42,28.11,1000.0,1300.0
2021,Dec,Samba/Thaladi,SIVAGANGAI,gardenlablab,pulses,wide range of soils,6.0,7.0,75.0,100.0,535.9,33.43,19.01,650.0,1000.0
2021,Jul,Kuruvai/Sornavari,THIRUVALLUR,gherkins,vegetables,Sandy loam,5.8,7.0,90.0,90.0,495.97,31.75,15.34,900.0,1200.0
2025,Aug,Kuruvai/Sornavari,TIRUVARUR,gardenlablab,pulses,wide range of soils,6.0,7.0,75.0,100.0,514.89,31.31,16.62,650.0,1000.0
2023,Sep,Kuruvai/Sornavari,THIRUVANNAMALAI,sweet potato,Root&tuber,well-drained soil,5.7,6.7,90.0,120.0,580.25,26.37,24.0,1000.0,1000.0
2023,Dec,Samba/Thaladi,DINDIGUL,ragi,millets,"red, black, sandy, loamy and shallow black soils.",5.0,8.2,100.0,120.0,443.94,25.5,14.11,700.0,1200.0
2022,Aug,Kuruvai/Sornavari,THALAVADI HILLS,Cabbage,colecrops,LoamySandy,6.0,6.5,80.0,180.0,281.67,28.43,10.96,380.0,500.0
2023,Apr,Navarai/Kodai,SIVAGANGAI,paprika,vegetables,Sandy loam,5.8,6.5,160.0,180.0,630.86,29.34,25.25,700.0,1000.0
2025,Apr,Navarai/Kodai,SALEM,sweet potato,Root&tuber,well-drained soil,5.7,6.7,90.0,120.0,503.7,25.71,20.55,1000.0,1000.0
2023,May,Navarai/Kodai,THENI,sunflower,oil seeds,"Loams, silt loams, clay loams, or silty clay loams",6.5,8.0,85.0,95.0,214.18,25.63,19.54,350.0,500.0
2025,Aug,Kuruvai/Sornavari,MADURAI,bengalgram,pulses,medium to heavy black soil,5.5,7.0,90.0,120.0,374.63,29.75,18.54,650.0,1000.0
2025,Sep,Kuruvai/Sornavari,SALEM,chillies,vegetables,Loamy soil/ Lateritic soil,6.0,6.8,120.0,120.0,331.79,31.24,26.93,500.0,500.0
2021,Dec,Samba/Thaladi,NAGAPATTINAM,cotton,fibre crop," black soils, (ii) red soils and (iii) alluvial soils.",7.0,8.0,135.0,140.0,811.36,29.92,21.82,700.0,1300.0
2023,Jun,Kuruvai/Sornavari,PERAMBALUR,muyal masal,forage crops,Well drained sandy loam and clayey loam soils ,5.5,7.5,75.0,65.0,234.18,34.81,25.06,500.0,480.0
2021,Nov,Samba/Thaladi,THE NILGRIS,tinda,vegetables,Sandy loam,6.5,7.5,70.0,70.0,281.78,28.43,28.69,900.0,1200.0
2021,Dec,Samba/Thaladi,THIRUPPUR,ribbed gourd,vegetables,Sandy Loam,6.5,7.5,125.0,125.0,601.41,34.05,27.9,900.0,1200.0
2021,Dec,Samba/Thaladi,TIRUVARUR,Coccinia,minor vegetables,Sandy loam,6.0,6.5,90.0,90.0,238.2,31.59,19.83,900.0,1200.0
2023,Jul,Kuruvai/Sornavari,NAMAKAL,fodder maize,forage crops,Well drained sandy loam and clayey loam soils ,5.5,8.0,60.0,70.0,225.61,42.16,10.69,500.0,480.0
2022,Jan,Navarai/Kodai,KRISHNAGIRI,colocasia,Root&tuber,Well grained deep loamy moist and alluviual soil,5.5,7.0,150.0,180.0,496.26,33.93,21.76,1000.0,1000.0
2023,Jun,Kuruvai/Sornavari,THALAVADI HILLS,Rhubarb,minor vegetables,Sandy loam,6.0,6.8,56.0,70.0,372.93,25.01,10.0,900.0,1200.0
2021,Sep,Kuruvai/Sornavari,SALEM,Butter bean,minor vegetables,Sandy loam,6.0,7.0,80.0,100.0,670.49,28.03,22.37,900.0,1200.0
2022,Apr,Navarai/Kodai,COIMBATORE,cotton,fibre crop," black soils, (ii) red soils and (iii) alluvial soils.",7.0,8.0,135.0,140.0,428.53,30.62,20.07,700.0,1300.0
2023,Mar,Navarai/Kodai,NAGAPATTINAM,chinese potato,Root&tuber,well-drained soil,4.8,5.8,120.0,150.0,511.24,23.79,15.6,1000.0,1000.0
2022,Aug,Kuruvai/Sornavari,PERAMBALUR,muyal masal,forage crops,Well drained sandy loam and clayey loam soils ,5.5,7.5,75.0,65.0,134.76,33.83,27.97,500.0,480.0
2024,Oct,Samba/Thaladi,DINDIGUL,kollukattai pullu,forage crops,Well drained sandy loam and clayey loam soils ,7.0,7.5,45.0,55.0,186.34,25.55,21.41,500.0,480.0
2022,Aug,Kuruvai/Sornavari,NAMAKAL,brinjal,vegetables,Loamy soil/ Lateritic soil,6.0,7.5,100.0,150.0,573.71,26.59,18.73,900.0,1200.0
2024,Aug,Kuruvai/Sornavari,DHARMAPURI,Bread fruit,minor vegetables,Sandy loam,6.1,7.4,100.0,100.0,515.59,37.71,15.91,2030.0,2540.0
2022,Feb,Navarai/Kodai,HILLY REGIONS OF SHEVROY,Lettuce,minor vegetables,Sandy loam,6.0,6.5,45.0,55.0,514.34,24.09,19.79,900.0,1200.0
2025,Dec,Samba/Thaladi,THIRUVALLUR,capsicum,vegetables,Loamy soil/ Lateritic soil,5.5,7.0,60.0,60.0,289.86,30.18,16.57,500.0,1200.0
2022,Feb,Navarai/Kodai,DINDIGUL,small onion,bulbvegetables,Sandy loam,6.0,7.0,70.0,90.0,290.72,26.01,19.72,650.0,750.0
2024,Jun,Kuruvai/Sornavari,THIRUVALLUR,cumbu napier hybrid,forage crops,Well drained sandy loam and clayey loam soils ,5.0,8.6,45.0,55.0,311.86,26.7,19.61,800.0,1000.0
2021,May,Navarai/Kodai,THENI,bellary onion,minor vegetables,Sandy loam,5.8,6.5,150.0,150.0,422.82,25.79,12.5,900.0,1200.0
2025,Nov,Samba/Thaladi,SIVAGANGAI,paprika,vegetables,Sandy loam,5.8,6.5,160.0,180.0,254.49,33.59,23.36,700.0,1000.0
2023,May,Navarai/Kodai,THENI,Asparagus,minor vegetables,Sandy loam,6.0,6.7,730.0,730.0,682.72,28.71,14.91,900.0,1200.0
2021,Jun,Kuruvai/Sornavari,DHARMAPURI,Lettuce,minor vegetables,Sandy loam,6.0,6.5,45.0,55.0,628.21,24.22,18.2,900.0,1200.0
2023,Feb,Navarai/Kodai,THENI,french bean,vegetables,Well drained loamy soil,5.5,6.0,40.0,50.0,253.69,26.42,10.62,900.0,1200.0
2025,Sep,Kuruvai/Sornavari,CAUVERY,bottle gourd,vegetables,Sandy loam,6.0,6.7,120.0,120.0,273.0,27.94,22.66,900.0,1200.0
2024,Sep,Kuruvai/Sornavari,VILLUPURAM,onion,vegetables, Any Loamy,5.8,6.5,100.0,120.0,189.4,26.2,22.24,350.0,550.0
2025,May,Navarai/Kodai,THIRUVANNAMALAI,small onion,bulbvegetables,Sandy loam,6.0,7.0,70.0,90.0,214.99,25.28,15.34,650.0,750.0
2023,Mar,Navarai/Kodai,CAUVERY,cucumber,vegetables,Loamy,6.5,7.5,120.0,120.0,812.47,30.88,26.06,1200.0,1500.0
2025,Dec,Samba/Thaladi,TANJORE,cotton,fibre crop," black soils, (ii) red soils and (iii) alluvial soils.",7.0,8.0,135.0,140.0,687.74,26.47,19.28,700.0,1300.0
2025,Feb,Navarai/Kodai,THE NILGRIS,annual moringa,vegetables,Sandy loam,6.5,8.0,210.0,240.0,357.8,34.27,24.84,900.0,1200.0
2023,Apr,Navarai/Kodai,KARUR,pumpkin,vegetables,Loamy soil/ Lateritic soil,6.0,7.0,115.0,120.0,237.09,28.48,16.03,900.0,1200.0
2022,Mar,Navarai/Kodai,DHARMAPURI,kudirai masi,forage crops,Well drained sandy loam and clayey loam soils ,6.5,7.5,45.0,55.0,108.91,30.95,26.48,300.0,350.0
2024,May,Navarai/Kodai,KANCHEEPURAM,varagu,millets,clay-based soil,5.5,6.5,120.0,120.0,499.51,28.48,28.36,500.0,900.0
2023,Jul,Kuruvai/Sornavari,JAWAD HILLS,niger,oil seeds,"Loams, silt loams, clay loams, or silty clay loams",5.2,7.3,80.0,80.0,615.5,25.0,11.45,1000.0,1300.0
2025,Dec,Samba/Thaladi,THIRUNELVELI,elephant foot yam,Root&tuber,Rich red loamy soil,5.5,7.0,240.0,240.0,857.59,34.29,26.28,1000.0,1500.0
2025,Mar,Navarai/Kodai,THALAVADI HILLS,french bean,vegetables,Well drained loamy soil,5.5,6.0,40.0,50.0,244.97,26.43,13.2,900.0,1200.0
2023,May,Navarai/Kodai,THIRUCHIRAPALLI,Bread fruit,minor vegetables,Sandy loam,6.1,7.4,100.0,100.0,511.77,39.64,16.51,2030.0,2540.0
2024,Aug,Kuruvai/Sornavari,COIMBATORE,bottle gourd,vegetables,Sandy loam,6.0,6.7,120.0,120.0,657.18,28.38,20.32,900.0,1200.0
2022,Jan,Navarai/Kodai,THALAVADI HILLS,cauliflower,colecrops,LoamySandy,6.5,6.8,55.0,100.0,158.15,26.56,10.0,380.0,500.0
2022,Dec,Samba/Thaladi,TANJORE,sweet potato,Root&tuber,well-drained soil,5.7,6.7,90.0,120.0,477.17,26.2,19.53,1000.0,1000.0
2022,Jan,Navarai/Kodai,JAWAD HILLS,muskmelon,vegetables,Sandy Loam,6.5,7.5,70.0,100.0,663.28,36.75,29.51,900.0,1200.0
2022,Aug,Kuruvai/Sornavari,DHARMAPURI,varagu,millets,clay-based soil,5.5,6.5,120.0,120.0,555.42,26.27,29.0,500.0,900.0
2022,Jun,Kuruvai/Sornavari,CAUVERY,Basella,minor vegetables,Sandy loam,5.5,8.0,70.0,70.0,713.37,27.7,16.54,900.0,1200.0
2025,Aug,Kuruvai/Sornavari,KANCHEEPURAM,Asparagus,minor vegetables,Sandy loam,6.0,6.7,730.0,730.0,336.6,28.51,16.65,900.0,1200.0
2023,Jun,Kuruvai/Sornavari,DHARMAPURI,Cabbage,colecrops,LoamySandy,6.0,6.5,80.0,180.0,134.12,27.67,11.61,380.0,500.0
2023,Sep,Kuruvai/Sornavari,THIRUNELVELI,thinai,millets,"alluvial,loamy ",5.5,7.0,85.0,90.0,353.46,25.56,22.12,500.0,900.0
2025,Feb,Navarai/Kodai,PUDUKKOTTAI,tapoica,Root&tuber,Red lateritic loam,5.5,7.0,270.0,300.0,303.65,29.3,29.31,1000.0,1000.0
2021,Feb,Navarai/Kodai,CAUVERY,redgram,pulses,deep loam soils,6.5,7.0,120.0,150.0,171.81,27.88,16.88,600.0,1400.0
2024,Sep,Kuruvai/Sornavari,PERAMBALUR,cotton,fibre crop," black soils, (ii) red soils and (iii) alluvial soils.",7.0,8.0,135.0,140.0,423.99,29.8,23.95,700.0,1300.0
2025,May,Navarai/Kodai,THOOTHUKUDI,bengalgram,pulses,medium to heavy black soil,5.5,7.0,90.0,120.0,447.7,27.51,24.39,650.0,1000.0
2021,Dec,Samba/Thaladi,THOOTHUKUDI,fodder cholam,forage crops,Well drained sandy loam and clayey loam soils ,5.5,7.5,1095.0,1095.0,97.25,33.99,23.38,300.0,350.0
2021,Nov,Samba/Thaladi,DINDIGUL,soyabean,pulses,"Well-drained, Loamy Soil",6.0,7.0,90.0,100.0,177.83,30.09,14.14,450.0,700.0
2022,Jul,Kuruvai/Sornavari,DINDIGUL,Cabbage,colecrops,LoamySandy,6.0,6.5,80.0,180.0,275.31,26.46,11.7,380.0,500.0
2025,Sep,Kuruvai/Sornavari,DINDIGUL,wheat,cereals,Well Drained,6.0,7.0,80.0,90.0,150.06,25.89,21.46,450.0,650.0
2022,Sep,Kuruvai/Sornavari,VIRUDHUNAGAR,greengram,pulses,well-drained sandy loams or sandy soils ,6.5,7.5,100.0,100.0,645.33,33.49,25.85,850.0,1000.0
2025,Jan,Navarai/Kodai,CHENGLEPUT,Mint,minor vegetables,Loamy soil,6.5,7.0,100.0,120.0,606.57,25.07,21.2,1000.0,1100.0
2022,Jun,Kuruvai/Sornavari,COIMBATORE,Asparagus,minor vegetables,Sandy loam,6.0,6.7,730.0,730.0,528.69,27.48,18.86,900.0,1200.0
2022,Apr,Navarai/Kodai,THOOTHUKUDI,muskmelon,vegetables,Sandy Loam,6.5,7.5,70.0,100.0,282.26,30.28,28.33,900.0,1200.0
2025,Mar,Navarai/Kodai,CHENGLEPUT,cowpea,pulses, well-drained sandy loams or sandy soils ,5.0,6.5,60.0,90.0,370.57,29.32,23.2,400.0,700.0
2025,Dec,Samba/Thaladi,VELLORE,wheat,cereals,Well Drained,6.0,7.0,80.0,90.0,187.33,25.15,22.59,450.0,650.0
2022,Jan,Navarai/Kodai,THIRUNELVELI,elephant foot yam,Root&tuber,Rich red loamy soil,5.5,7.0,240.0,240.0,757.19,35.19,23.28,1000.0,1500.0
2022,Feb,Navarai/Kodai,CUDDALORE,Mint,minor vegetables,Loamy soil,6.5,7.0,100.0,120.0,699.42,25.51,20.8,1000.0,1100.0
2022,Dec,Samba/Thaladi,KRISHNAGIRI,Lettuce,minor vegetables,Sandy loam,6.0,6.5,45.0,55.0,337.01,24.74,21.95,900.0,1200.0
2024,Sep,Kuruvai/Sornavari,THIRUVANNAMALAI,Turnip,minor vegetables,Loamy soil,5.5,6.8,42.0,56.0,395.03,24.52,11.93,900.0,1200.0
2023,Dec,Samba/Thaladi,DHARMAPURI,kudiraivali,millets,Loamy Soil,5.5,7.0,75.0,95.0,192.73,24.5,21.01,500.0,900.0
2023,Feb,Navarai/Kodai,ERODE,colocasia,Root&tuber,Well grained deep loamy moist and alluviual soil,5.5,7.0,150.0,180.0,262.96,30.64,19.43,1000.0,1000.0
2024,Sep,Kuruvai/Sornavari,THIRUVALLUR,beetroot,Root&tuber,all types of friable soil,6.0,7.0,45.0,65.0,502.24,23.86,19.51,1000.0,1000.0
2021,Mar,Navarai/Kodai,VELLORE,peas,vegetables,Sandy loam,6.5,7.5,60.0,70.0,488.67,31.72,13.99,900.0,1200.0
2023,Aug,Kuruvai/Sornavari,THIRUVANNAMALAI,bengalgram,pulses,medium to heavy black soil,5.5,7.0,90.0,120.0,598.59,30.49,21.24,650.0,1000.0
2024,Jan,Navarai/Kodai,MADURAI,gardenlablab,pulses,wide range of soils,6.0,7.0,75.0,100.0,396.55,30.48,18.59,650.0,1000.0
2021,Oct,Samba/Thaladi,NAGAPATTINAM,curry leaf,greenleafy,Red sandy loam,5.2,5.5,90.0,85.0,336.55,35.71,29.54,1000.0,1000.0
2023,Dec,Samba/Thaladi,NAMAKAL,Bread fruit,minor vegetables,Sandy loam,6.1,7.4,100.0,100.0,680.72,39.41,20.46,2030.0,2540.0
2021,Mar,Navarai/Kodai,TIRUVARUR,Basella,minor vegetables,Sandy loam,5.5,8.0,70.0,70.0,469.84,29.38,19.27,900.0,1200.0
2021,May,Navarai/Kodai,VILLUPURAM,rice,cereals,Alluvia or loamy and clayey soil,5.0,8.0,150.0,150.0,981.52,36.28,20.13,900.0,2500.0
2025,Apr,Navarai/Kodai,HILLY REGIONS OF SHEVROY,capsicum,vegetables,Loamy soil/ Lateritic soil,5.5,7.0,60.0,60.0,534.67,30.69,17.75,500.0,1200.0
2025,Apr,Navarai/Kodai,THIRUNELVELI,Chakravathi keerai,minor vegetables,Sandy loam,4.5,8.3,100.0,100.0,317.62,25.47,19.21,900.0,1200.0
2021,May,Navarai/Kodai,NAMAKAL,pumpkin,vegetables,Loamy soil/ Lateritic soil,6.0,7.0,115.0,120.0,282.54,28.68,19.73,900.0,1200.0
2022,Sep,Kuruvai/Sornavari,CUDDALORE,tomato,vegetables,Sandy loam,6.5,7.5,90.0,140.0,202.49,28.26,19.58,600.0,800.0
2023,Aug,Kuruvai/Sornavari,RAMANATHANPURAM,muyal masal,forage crops,Well drained sandy loam and clayey loam soils ,5.5,7.5,75.0,65.0,141.94,30.38,27.18,500.0,480.0
2022,Feb,Navarai/Kodai,THIRUVALLUR,Asparagus,minor vegetables,Sandy loam,6.0,6.7,730.0,730.0,510.92,25.81,16.58,900.0,1200.0
2022,Mar,Navarai/Kodai,MADURAI,cluster bean,vegetables,Sandy Loam,7.0,8.5,60.0,90.0,673.33,25.1,22.88,900.0,1200.0
2022,Feb,Navarai/Kodai,PUDUKKOTTAI,celery,greenleafy,Silt Loam to loamy,6.0,8.5,120.0,150.0,652.63,25.23,12.82,1000.0,1000.0
2024,Feb,Navarai/Kodai,THE NILGRIS,elephant foot yam,Root&tuber,Rich red loamy soil,5.5,7.0,240.0,240.0,479.32,32.15,28.36,1000.0,1500.0
2023,Dec,Samba/Thaladi,PUDUKKOTTAI,jute,fibre crop,Sandy and Clay Loam,6.0,7.5,120.0,140.0,302.27,36.32,22.07,1000.0,1300.0
2021,Sep,Kuruvai/Sornavari,SIVAGANGAI,soyabean,pulses,"Well-drained, Loamy Soil",6.0,7.0,90.0,100.0,382.97,27.42,17.23,450.0,700.0
2022,Oct,Samba/Thaladi,ERODE,ribbed gourd,vegetables,Sandy Loam,6.5,7.5,125.0,125.0,691.64,33.48,24.04,900.0,1200.0
2023,Nov,Samba/Thaladi,KARUR,varagu,millets,clay-based soil,5.5,6.5,120.0,120.0,245.64,28.22,28.91,500.0,900.0
2025,Feb,Navarai/Kodai,VILLUPURAM,tinda,vegetables,Sandy loam,6.5,7.5,70.0,70.0,468.53,25.31,24.05,900.0,1200.0
2022,May,Navarai/Kodai,PERAMBALUR,tinda,vegetables,Sandy loam,6.5,7.5,70.0,70.0,541.76,29.4,29.0,900.0,1200.0
2021,Jul,Kuruvai/Sornavari,KANYAKUMARI,peas,vegetables,Sandy loam,6.5,7.5,60.0,70.0,404.0,31.72,10.87,900.0,1200.0
2022,Feb,Navarai/Kodai,THOOTHUKUDI,gardenlablab,pulses,wide range of soils,6.0,7.0,75.0,100.0,371.33,33.79,18.42,650.0,1000.0
2021,Mar,Navarai/Kodai,JAWAD HILLS,fodder cumbu,forage crops,Well drained sandy loam and clayey loam soils ,4.0,7.5,45.0,120.0,126.56,30.98,26.81,500.0,480.0
2022,Mar,Navarai/Kodai,THIRUPPUR,chillies,vegetables,Loamy soil/ Lateritic soil,6.0,6.8,120.0,120.0,299.15,29.25,21.73,500.0,500.0
2021,Oct,Samba/Thaladi,NAGAPATTINAM,celery,greenleafy,Silt Loam to loamy,6.0,8.5,120.0,150.0,512.54,31.09,15.43,1000.0,1000.0
2025,Apr,Navarai/Kodai,CHENGLEPUT,Asparagus,minor vegetables,Sandy loam,6.0,6.7,730.0,730.0,623.26,25.77,15.65,900.0,1200.0
2023,Mar,Navarai/Kodai,THENI,soyabean,pulses,"Well-drained, Loamy Soil",6.0,7.0,90.0,100.0,186.09,27.36,17.32,450.0,700.0
2021,Dec,Samba/Thaladi,SIVAGANGAI,bengalgram,pulses,medium to heavy black soil,5.5,7.0,90.0,120.0,282.23,25.17,21.14,650.0,1000.0
2021,Feb,Navarai/Kodai,RAMANATHANPURAM,onion,vegetables, Any Loamy,5.8,6.5,100.0,120.0,277.59,26.01,23.96,350.0,550.0
2025,Aug,Kuruvai/Sornavari,DINDIGUL,colocasia,Root&tuber,Well grained deep loamy moist and alluviual soil,5.5,7.0,150.0,180.0,251.75,32.99,19.67,1000.0,1000.0
2021,Aug,Kuruvai/Sornavari,RAMANATHANPURAM,cluster bean,vegetables,Sandy Loam,7.0,8.5,60.0,90.0,697.86,26.76,23.3,900.0,1200.0
2023,May,Navarai/Kodai,THIRUVALLUR,velimasal,forage crops,Well drained sandy loam and clayey loam soils ,5.8,7.0,45.0,55.0,119.02,36.91,26.9,300.0,350.0
2023,Dec,Samba/Thaladi,THIRUVANNAMALAI,broadbean,vegetables,Well drained loamy soil,5.5,6.0,80.0,100.0,317.21,24.07,12.99,900.0,1200.0
2024,May,Navarai/Kodai,PUDUKKOTTAI,elephant foot yam,Root&tuber,Rich red loamy soil,5.5,7.0,240.0,240.0,366.67,36.65,29.02,1000.0,1500.0
2025,Apr,Navarai/Kodai,KRISHNAGIRI,broadbean,vegetables,Well drained loamy soil,5.5,6.0,80.0,100.0,699.87,24.92,12.28,900.0,1200.0
2021,Nov,Samba/Thaladi,SALEM,brinjal,vegetables,Loamy soil/ Lateritic soil,6.0,7.5,100.0,150.0,262.32,29.06,17.58,900.0,1200.0
2024,Oct,Samba/Thaladi,VELLORE,Ceylon spinach,minor vegetables,Sandy loam,6.5,7.0,40.0,50.0,718.01,24.41,14.1,900.0,1200.0
2024,Sep,Kuruvai/Sornavari,THIRUNELVELI,thinai,millets,"alluvial,loamy ",5.5,7.0,85.0,90.0,496.73,29.19,24.51,500.0,900.0
2025,Aug,Kuruvai/Sornavari,THIRUVANNAMALAI,fodder cowpea,forage crops,Well drained sandy loam and clayey loam soils ,5.0,6.5,50.0,65.0,195.08,26.54,22.74,300.0,350.0
2024,Jan,Navarai/Kodai,RAMANATHANPURAM,cauliflower,colecrops,LoamySandy,6.5,6.8,55.0,100.0,256.36,29.02,10.0,380.0,500.0
2024,Jun,Kuruvai/Sornavari,ERODE,sweet sorghum,sugar crops,Well drained sandy loam and clayey loam soils ,6.0,8.5,115.0,125.0,254.96,27.47,25.95,500.0,600.0
2025,Oct,Samba/Thaladi,SALEM,thinai,millets,"alluvial,loamy ",5.5,7.0,85.0,90.0,421.6,29.97,23.51,500.0,900.0
2024,Nov,Samba/Thaladi,KOLLI HILLS,chillies,vegetables,Loamy soil/ Lateritic soil,6.0,6.8,120.0,120.0,281.64,31.08,24.76,500.0,500.0
2024,Jun,Kuruvai/Sornavari,THIRUCHIRAPALLI,Chinese cabbage,minor vegetables,Sandy loam,5.5,7.0,50.0,80.0,667.12,24.37,15.46,900.0,1200.0
2022,May,Navarai/Kodai,THE NILGRIS,Ceylon spinach,minor vegetables,Sandy loam,6.5,7.0,40.0,50.0,335.13,24.85,14.76,900.0,1200.0
2022,Oct,Samba/Thaladi,TIRUVARUR,beetroot,Root&tuber,all types of friable soil,6.0,7.0,45.0,65.0,561.19,25.0,21.34,1000.0,1000.0
2025,Aug,Kuruvai/Sornavari,VIRUDHUNAGAR,pumpkin,vegetables,Loamy soil/ Lateritic soil,6.0,7.0,115.0,120.0,362.0,28.51,19.8,900.0,1200.0
2021,May,Navarai/Kodai,DHARMAPURI,cowpea,pulses, well-drained sandy loams or sandy soils ,5.0,6.5,60.0,90.0,414.06,27.35,24.85,400.0,700.0
2024,Feb,Navarai/Kodai,THALAVADI HILLS,french bean,vegetables,Well drained loamy soil,5.5,6.0,40.0,50.0,629.14,25.91,14.6,900.0,1200.0
2023,Jun,Kuruvai/Sornavari,KANCHEEPURAM,gingely,oil seeds,"Loams, silt loams, clay loams, or silty clay loams",5.5,8.0,85.0,90.0,129.91,36.07,29.69,350.0,400.0
2022,Jun,Kuruvai/Sornavari,NAMAKAL,soundal,forage crops,Well drained sandy loam and clayey loam soils ,5.5,7.5,40.0,80.0,224.59,32.95,18.48,500.0,480.0
2023,Nov,Samba/Thaladi,TIRUVARUR,maize,millets,temperate podzols to the leached red soils of the tropics. ,5.5,7.0,105.0,110.0,379.02,28.13,18.78,500.0,800.0
2021,Oct,Samba/Thaladi,THIRUVALLUR,capsicum,vegetables,Loamy soil/ Lateritic soil,5.5,7.0,60.0,60.0,539.38,31.87,15.49,500.0,1200.0
2021,Jul,Kuruvai/Sornavari,PUDUKKOTTAI,jute,fibre crop,Sandy and Clay Loam,6.0,7.5,120.0,140.0,588.41,39.43,25.08,1000.0,1300.0
2022,Oct,Samba/Thaladi,VILLUPURAM,bhendi,vegetables,Loamy soil/ Lateritic soil,6.0,6.8,55.0,65.0,1108.05,26.83,25.99,1200.0,2200.0
2025,Jul,Kuruvai/Sornavari,KANCHEEPURAM,Turnip,minor vegetables,Loamy soil,5.5,6.8,42.0,56.0,342.13,23.87,14.83,900.0,1200.0
2024,Jun,Kuruvai/Sornavari,THIRUNELVELI,tapoica,Root&tuber,Red lateritic loam,5.5,7.0,270.0,300.0,580.98,28.31,24.41,1000.0,1000.0
2022,Dec,Samba/Thaladi,KANCHEEPURAM,cluster bean,vegetables,Sandy Loam,7.0,8.5,60.0,90.0,459.98,25.54,19.39,900.0,1200.0
2023,Oct,Samba/Thaladi,THE NILGRIS,onion,vegetables, Any Loamy,5.8,6.5,100.0,120.0,241.25,26.62,20.1,350.0,550.0
2023,Dec,Samba/Thaladi,CAUVERY,sugarbeet,sugar crops,Well drained sandy loam and clayey loam soils ,6.0,8.0,150.0,180.0,422.6,26.26,17.9,600.0,800.0
2024,Jul,Kuruvai/Sornavari,VIRUDHUNAGAR,Butter bean,minor vegetables,Sandy loam,6.0,7.0,80.0,100.0,713.81,26.32,20.31,900.0,1200.0
2023,Jun,Kuruvai/Sornavari,SALEM,varagu,millets,clay-based soil,5.5,6.5,120.0,120.0,434.54,28.95,29.31,500.0,900.0
2023,Nov,Samba/Thaladi,THIRUVALLUR,Coccinia,minor vegetables,Sandy loam,6.0,6.5,90.0,90.0,521.87,29.15,21.72,900.0,1200.0
2022,May,Navarai/Kodai,ARIYALUR,sweet sorghum,sugar crops,Well drained sandy loam and clayey loam soils ,6.0,8.5,115.0,125.0,253.01,26.44,25.93,500.0,600.0
2023,Feb,Navarai/Kodai,COIMBATORE,fodder maize,forage crops,Well drained sandy loam and clayey loam soils ,5.5,8.0,60.0,70.0,164.67,43.02,12.8,500.0,480.0
2021,Aug,Kuruvai/Sornavari,THALAVADI HILLS,maize,millets,temperate podzols to the leached red soils of the tropics. ,5.5,7.0,105.0,110.0,518.32,28.47,17.57,500.0,800.0
2023,Nov,Samba/Thaladi,COIMBATORE,bitter gourd,vegetables,Well drained loamy soil,6.5,7.0,55.0,60.0,681.97,28.51,29.07,900.0,1200.0
2023,Apr,Navarai/Kodai,VILLUPURAM,bottle gourd,vegetables,Sandy loam,6.0,6.7,120.0,120.0,750.93,25.96,18.51,900.0,1200.0
2023,Dec,Samba/Thaladi,JAWAD HILLS,Winged Bean,minor vegetables,Sandy loam,7.0,12.0,42.0,42.0,522.05,28.44,28.02,900.0,1200.0
2023,Dec,Samba/Thaladi,THIRUPPUR,brinjal,vegetables,Loamy soil/ Lateritic soil,6.0,7.5,100.0,150.0,577.08,26.91,18.12,900.0,1200.0
2022,Sep,Kuruvai/Sornavari,THOOTHUKUDI,bengalgram,pulses,medium to heavy black soil,5.5,7.0,90.0,120.0,311.56,29.57,19.35,650.0,1000.0
2022,Sep,Kuruvai/Sornavari,COIMBATORE,kudirai masi,forage crops,Well drained sandy loam and clayey loam soils ,6.5,7.5,45.0,55.0,157.17,31.85,23.08,300.0,350.0
2021,Nov,Samba/Thaladi,THOOTHUKUDI,sorghum,millets,well-drained loamy soils,6.0,7.5,95.0,105.0,430.11,35.94,13.44,450.0,650.0
2025,Dec,Samba/Thaladi,THIRUVANNAMALAI,redgram,pulses,deep loam soils,6.5,7.0,120.0,150.0,784.25,29.71,19.37,600.0,1400.0
2025,Jan,Navarai/Kodai,KARUR,small onion,bulbvegetables,Sandy loam,6.0,7.0,70.0,90.0,372.41,25.56,16.44,650.0,750.0
2024,Apr,Navarai/Kodai,THIRUNELVELI,blackgram,pulses,sandy soils to heavy cotton soils,6.5,7.8,70.0,75.0,221.88,42.91,22.73,600.0,1000.0
2022,Mar,Navarai/Kodai,THIRUPPUR,Mint,minor vegetables,Loamy soil,6.5,7.0,100.0,120.0,582.87,25.24,22.1,1000.0,1100.0
2021,Jul,Kuruvai/Sornavari,THIRUCHIRAPALLI,kudiraivali,millets,Loamy Soil,5.5,7.0,75.0,95.0,348.13,23.58,22.36,500.0,900.0
2022,May,Navarai/Kodai,PERAMBALUR,carrot,Root&tuber,light or sandy loam soil,6.0,7.0,75.0,75.0,459.29,24.27,14.36,1000.0,1000.0
2021,Feb,Navarai/Kodai,VILLUPURAM,ragi,millets,"red, black, sandy, loamy and shallow black soils.",5.0,8.2,100.0,120.0,584.53,28.45,14.86,700.0,1200.0
2021,Jan,Navarai/Kodai,SIVAGANGAI,ash gourd,vegetables,Sandy loam,6.0,6.7,120.0,120.0,422.78,26.65,28.45,900.0,1200.0
2021,Mar,Navarai/Kodai,THALAVADI HILLS,Palak,minor vegetables,Sandy loam,6.5,7.0,37.0,45.0,430.21,33.66,10.09,900.0,1200.0
2024,May,Navarai/Kodai,THIRUVALLUR,horsegram,pulses, light to heavy soils ,6.0,7.5,100.0,105.0,303.97,37.41,25.36,800.0,800.0
2025,Aug,Kuruvai/Sornavari,SIVAGANGAI,Palak,minor vegetables,Sandy loam,6.5,7.0,37.0,45.0,329.69,29.84,14.09,900.0,1200.0
2024,Oct,Samba/Thaladi,CHENGLEPUT,soundal,forage crops,Well drained sandy loam and clayey loam soils ,5.5,7.5,40.0,80.0,208.25,32.75,23.93,500.0,480.0
2024,Nov,Samba/Thaladi,THE NILGRIS,Winged Bean,minor vegetables,Sandy loam,7.0,12.0,42.0,42.0,225.98,30.66,26.87,900.0,1200.0
2025,Feb,Navarai/Kodai,NAGAPATTINAM,horsegram,pulses, light to heavy soils ,6.0,7.5,100.0,105.0,343.21,39.51,23.16,800.0,800.0
2021,May,Navarai/Kodai,HILLY REGIONS OF SHEVROY,soundal,forage crops,Well drained sandy loam and clayey loam soils ,5.5,7.5,40.0,80.0,138.91,34.69,22.22,500.0,480.0
2024,Oct,Samba/Thaladi,DHARMAPURI,guinea grass,forage crops,Well drained sandy loam and clayey loam soils ,5.0,7.0,45.0,55.0,289.64,36.0,13.89,1000.0,480.0
2024,Aug,Kuruvai/Sornavari,VELLORE,swordbean,pulses, well-drained sandy loams or sandy soils ,5.0,6.0,110.0,120.0,558.67,36.07,16.5,900.0,1500.0
2022,May,Navarai/Kodai,VILLUPURAM,rice,cereals,Alluvia or loamy and clayey soil,5.0,8.0,150.0,150.0,785.34,35.32,20.28,900.0,2500.0
2021,Jan,Navarai/Kodai,THIRUVALLUR,pumpkin,vegetables,Loamy soil/ Lateritic soil,6.0,7.0,115.0,120.0,755.23,28.03,18.17,900.0,1200.0
2024,Feb,Navarai/Kodai,VIRUDHUNAGAR,Winged Bean,minor vegetables,Sandy loam,7.0,12.0,42.0,42.0,270.26,25.44,27.41,900.0,1200.0
2022,Nov,Samba/Thaladi,VILLUPURAM,chinese potato,Root&tuber,well-drained soil,4.8,5.8,120.0,150.0,578.32,22.59,17.41,1000.0,1000.0
2022,Mar,Navarai/Kodai,COIMBATORE,elephant foot yam,Root&tuber,Rich red loamy soil,5.5,7.0,240.0,240.0,299.84,34.13,23.99,1000.0,1500.0
2023,Dec,Samba/Thaladi,JAWAD HILLS,cowpea,pulses, well-drained sandy loams or sandy soils ,5.0,6.5,60.0,90.0,444.32,29.29,19.49,400.0,700.0
2021,Aug,Kuruvai/Sornavari,VIRUDHUNAGAR,paprika,vegetables,Sandy loam,5.8,6.5,160.0,180.0,281.92,32.59,24.54,700.0,1000.0
2023,Jul,Kuruvai/Sornavari,KRISHNAGIRI,Rhubarb,minor vegetables,Sandy loam,6.0,6.8,56.0,70.0,519.84,25.63,10.0,900.0,1200.0
2022,Sep,Kuruvai/Sornavari,THALAVADI HILLS,Ceylon spinach,minor vegetables,Sandy loam,6.5,7.0,40.0,50.0,681.01,24.42,14.48,900.0,1200.0
2025,Dec,Samba/Thaladi,THIRUVANNAMALAI,fieldlablab,pulses,Well drained loamy soil,6.2,7.0,105.0,105.0,288.37,26.53,22.12,650.0,1000.0
2023,Oct,Samba/Thaladi,SALEM,curry leaf,greenleafy,Red sandy loam,5.2,5.5,90.0,85.0,389.98,37.97,27.21,1000.0,1000.0
2024,Oct,Samba/Thaladi,ERODE,sorghum,millets,well-drained loamy soils,6.0,7.5,95.0,105.0,349.11,37.42,15.43,450.0,650.0
2025,Jul,Kuruvai/Sornavari,JAWAD HILLS,bottle gourd,vegetables,Sandy loam,6.0,6.7,120.0,120.0,413.14,26.22,17.52,900.0,1200.0
2022,Apr,Navarai/Kodai,THOOTHUKUDI,Knol-khol,minor vegetables,Sandy loam,5.5,7.0,50.0,65.0,460.4,31.68,15.29,900.0,1200.0
2023,Feb,Navarai/Kodai,DINDIGUL,muyal masal,forage crops,Well drained sandy loam and clayey loam soils ,5.5,7.5,75.0,65.0,176.86,36.14,29.39,500.0,480.0
2022,Nov,Samba/Thaladi,KANCHEEPURAM,varagu,millets,clay-based soil,5.5,6.5,120.0,120.0,532.02,28.19,29.77,500.0,900.0
2022,May,Navarai/Kodai,ARIYALUR,ash gourd,vegetables,Sandy loam,6.0,6.7,120.0,120.0,789.26,27.24,25.92,900.0,1200.0
2022,Feb,Navarai/Kodai,PERAMBALUR,jute,fibre crop,Sandy and Clay Loam,6.0,7.5,120.0,140.0,700.25,37.11,22.72,1000.0,1300.0
2023,Feb,Navarai/Kodai,CAUVERY,horsegram,pulses, light to heavy soils ,6.0,7.5,100.0,105.0,216.87,41.49,25.94,800.0,800.0
2023,Mar,Navarai/Kodai,KRISHNAGIRI,ash gourd,vegetables,Sandy loam,6.0,6.7,120.0,120.0,430.99,28.08,27.77,900.0,1200.0
2021,Jun,Kuruvai/Sornavari,PERAMBALUR,sweet potato,Root&tuber,well-drained soil,5.7,6.7,90.0,120.0,539.05,27.8,22.74,1000.0,1000.0
2025,Jul,Kuruvai/Sornavari,THIRUNELVELI,fieldlablab,pulses,Well drained loamy soil,6.2,7.0,105.0,105.0,409.93,26.16,21.98,650.0,1000.0
2023,Nov,Samba/Thaladi,PUDUKKOTTAI,Winged Bean,minor vegetables,Sandy loam,7.0,12.0,42.0,42.0,460.8,29.16,29.12,900.0,1200.0
2023,Dec,Samba/Thaladi,CAUVERY,onion,vegetables, Any Loamy,5.8,6.5,100.0,120.0,343.52,25.08,19.03,350.0,550.0
2025,Nov,Samba/Thaladi,VIRUDHUNAGAR,Rhubarb,minor vegetables,Sandy loam,6.0,6.8,56.0,70.0,783.98,25.84,10.0,900.0,1200.0
2025,Aug,Kuruvai/Sornavari,COIMBATORE,tapoica,Root&tuber,Red lateritic loam,5.5,7.0,270.0,300.0,264.79,28.28,26.73,1000.0,1000.0
2021,Jun,Kuruvai/Sornavari,SIVAGANGAI,Palak,minor vegetables,Sandy loam,6.5,7.0,37.0,45.0,369.87,27.52,14.4,900.0,1200.0
2022,Jul,Kuruvai/Sornavari,THIRUPPUR,swordbean,pulses, well-drained sandy loams or sandy soils ,5.0,6.0,110.0,120.0,331.41,36.62,16.03,900.0,1500.0
2023,Nov,Samba/Thaladi,PUDUKKOTTAI,Basella,minor vegetables,Sandy loam,5.5,8.0,70.0,70.0,701.42,27.92,19.18,900.0,1200.0
2025,Apr,Navarai/Kodai,THIRUCHIRAPALLI,Phaseolus lunatus,minor vegetables,Sandy loam,6.0,6.8,90.0,90.0,818.22,27.09,15.13,900.0,2000.0
2023,Apr,Navarai/Kodai,CHENGLEPUT,safflower,oil seeds,"Loams, silt loams, clay loams, or silty clay loams",5.4,8.2,120.0,125.0,419.68,30.7,21.9,550.0,725.0
2023,Apr,Navarai/Kodai,ARIYALUR,lablab,vegetables,Well drained loamy soil,6.5,8.5,70.0,75.0,267.23,33.86,26.85,900.0,1200.0
2023,Dec,Samba/Thaladi,KARUR,Turnip,minor vegetables,Loamy soil,5.5,6.8,42.0,56.0,403.03,22.94,12.93,900.0,1200.0
2024,May,Navarai/Kodai,NAGAPATTINAM,groundnut,oil seeds,Well-drained sandy loam or sandy clay loam soil ,6.5,7.0,140.0,150.0,461.8,44.39,15.0,500.0,700.0
2024,Jul,Kuruvai/Sornavari,RAMANATHANPURAM,Rhubarb,minor vegetables,Sandy loam,6.0,6.8,56.0,70.0,538.28,25.15,10.0,900.0,1200.0
2025,Dec,Samba/Thaladi,NAMAKAL,Chakravathi keerai,minor vegetables,Sandy loam,4.5,8.3,100.0,100.0,785.62,26.0,18.45,900.0,1200.0
2024,May,Navarai/Kodai,COIMBATORE,maize,millets,temperate podzols to the leached red soils of the tropics. ,5.5,7.0,105.0,110.0,318.53,26.38,22.28,500.0,800.0
2024,Dec,Samba/Thaladi,THIRUVALLUR,french bean,vegetables,Well drained loamy soil,5.5,6.0,40.0,50.0,434.51,28.84,13.44,900.0,1200.0
2024,May,Navarai/Kodai,THE NILGRIS,Chinese cabbage,minor vegetables,Sandy loam,5.5,7.0,50.0,80.0,391.29,24.42,14.76,900.0,1200.0
2025,Sep,Kuruvai/Sornavari,ERODE,fieldlablab,pulses,Well drained loamy soil,6.2,7.0,105.0,105.0,289.95,27.6,21.5,650.0,1000.0
2021,Dec,Samba/Thaladi,KANYAKUMARI,chowchow,vegetables,Loamy soil/ Lateritic soil,5.5,6.5,150.0,150.0,536.94,24.82,19.45,1200.0,1500.0
2025,Jul,Kuruvai/Sornavari,KRISHNAGIRI,snake gourd,vegetables,Loamy soil/ Lateritic soil,6.0,6.7,90.0,90.0,671.68,28.05,16.7,900.0,1200.0
2025,Feb,Navarai/Kodai,KANCHEEPURAM,Cabbage,colecrops,LoamySandy,6.0,6.5,80.0,180.0,227.7,28.17,10.56,380.0,500.0
2025,Oct,Samba/Thaladi,THIRUPPUR,tinda,vegetables,Sandy loam,6.5,7.5,70.0,70.0,676.37,27.35,23.67,900.0,1200.0
2025,Jun,Kuruvai/Sornavari,SIVAGANGAI,radish,Root&tuber,Well grained deep loamy moist and alluviual soil,5.5,6.8,21.0,21.0,427.11,21.33,13.64,1000.0,1000.0
2025,Jun,Kuruvai/Sornavari,THENI,celery,greenleafy,Silt Loam to loamy,6.0,8.5,120.0,150.0,300.59,26.61,12.94,1000.0,1000.0
2022,Oct,Samba/Thaladi,THALAVADI HILLS,brinjal,vegetables,Loamy soil/ Lateritic soil,6.0,7.5,100.0,150.0,798.83,25.84,22.38,900.0,1200.0
2024,May,Navarai/Kodai,DHARMAPURI,Lettuce,minor vegetables,Sandy loam,6.0,6.5,45.0,55.0,764.23,24.4,22.83,900.0,1200.0
2024,May,Navarai/Kodai,THE NILGRIS,guinea grass,forage crops,Well drained sandy loam and clayey loam soils ,5.0,7.0,45.0,55.0,277.7,33.2,17.24,1000.0,480.0
2024,Mar,Navarai/Kodai,ERODE,wheat,cereals,Well Drained,6.0,7.0,80.0,90.0,318.89,25.58,21.72,450.0,650.0
2021,May,Navarai/Kodai,NAGAPATTINAM,Rhubarb,minor vegetables,Sandy loam,6.0,6.8,56.0,70.0,478.28,25.29,10.0,900.0,1200.0
2024,Feb,Navarai/Kodai,CHENGLEPUT,soundal,forage crops,Well drained sandy loam and clayey loam soils ,5.5,7.5,40.0,80.0,270.2,30.27,20.14,500.0,480.0
2021,Apr,Navarai/Kodai,HILLY REGIONS OF SHEVROY,snake gourd,vegetables,Loamy soil/ Lateritic soil,6.0,6.7,90.0,90.0,612.68,25.76,16.22,900.0,1200.0
2022,Feb,Navarai/Kodai,THIRUPPUR,Pearl millet,millets,"clay, clay loam, or sandy loam soils",5.5,7.5,75.0,85.0,92.02,40.86,11.91,350.0,500.0
2022,Dec,Samba/Thaladi,THOOTHUKUDI,vegetable cowpea,vegetables,Sandy loam,5.6,6.0,45.0,90.0,484.95,25.34,21.09,900.0,1200.0
2025,Dec,Samba/Thaladi,THIRUPPUR,peas,vegetables,Sandy loam,6.5,7.5,60.0,70.0,450.08,25.31,11.68,900.0,1200.0
2021,Jun,Kuruvai/Sornavari,JAWAD HILLS,niger,oil seeds,"Loams, silt loams, clay loams, or silty clay loams",5.2,7.3,80.0,80.0,811.01,25.0,17.89,1000.0,1300.0
2022,Aug,Kuruvai/Sornavari,THE NILGRIS,Celery,minor vegetables,Sandy loam,5.8,6.8,120.0,150.0,690.72,23.25,17.94,900.0,1200.0
2023,May,Navarai/Kodai,TIRUVARUR,cotton,fibre crop," black soils, (ii) red soils and (iii) alluvial soils.",7.0,8.0,135.0,140.0,849.21,30.96,20.1,700.0,1300.0
2021,Mar,Navarai/Kodai,THIRUPPUR,tapoica,Root&tuber,Red lateritic loam,5.5,7.0,270.0,300.0,357.01,25.53,27.31,1000.0,1000.0
2024,Aug,Kuruvai/Sornavari,COIMBATORE,tapoica,Root&tuber,Red lateritic loam,5.5,7.0,270.0,300.0,639.32,25.83,23.22,1000.0,1000.0
2023,Aug,Kuruvai/Sornavari,THIRUVALLUR,lablab,vegetables,Well drained loamy soil,6.5,8.5,70.0,75.0,578.81,31.6,21.1,900.0,1200.0
2022,May,Navarai/Kodai,THOOTHUKUDI,jute,fibre crop,Sandy and Clay Loam,6.0,7.5,120.0,140.0,483.52,37.33,26.66,1000.0,1300.0
2021,Dec,Samba/Thaladi,VELLORE,snake gourd,vegetables,Loamy soil/ Lateritic soil,6.0,6.7,90.0,90.0,326.9,27.47,17.31,900.0,1200.0
2025,Dec,Samba/Thaladi,THIRUCHIRAPALLI,colocasia,Root&tuber,Well grained deep loamy moist and alluviual soil,5.5,7.0,150.0,180.0,663.24,31.49,20.86,1000.0,1000.0
2022,Mar,Navarai/Kodai,ERODE,soyabean,pulses,"Well-drained, Loamy Soil",6.0,7.0,90.0,100.0,423.47,31.02,16.96,450.0,700.0
2023,Dec,Samba/Thaladi,ERODE,kollukattai pullu,forage crops,Well drained sandy loam and clayey loam soils ,7.0,7.5,45.0,55.0,257.61,28.11,23.47,500.0,480.0
2021,Mar,Navarai/Kodai,PUDUKKOTTAI,jute,fibre crop,Sandy and Clay Loam,6.0,7.5,120.0,140.0,861.63,38.13,25.56,1000.0,1300.0
2025,Mar,Navarai/Kodai,HILLY REGIONS OF SHEVROY,pumpkin,vegetables,Loamy soil/ Lateritic soil,6.0,7.0,115.0,120.0,376.94,26.05,17.44,900.0,1200.0
2022,May,Navarai/Kodai,THALAVADI HILLS,fodder maize,forage crops,Well drained sandy loam and clayey loam soils ,5.5,8.0,60.0,70.0,163.31,44.41,12.68,500.0,480.0
2021,Nov,Samba/Thaladi,TIRUVARUR,broadbean,vegetables,Well drained loamy soil,5.5,6.0,80.0,100.0,243.31,24.21,10.56,900.0,1200.0
2023,Jan,Navarai/Kodai,SALEM,Rhubarb,minor vegetables,Sandy loam,6.0,6.8,56.0,70.0,551.05,25.8,10.0,900.0,1200.0
2025,Jan,Navarai/Kodai,JAWAD HILLS,paprika,vegetables,Sandy loam,5.8,6.5,160.0,180.0,253.71,28.37,22.3,700.0,1000.0
2025,Jan,Navarai/Kodai,KOLLI HILLS,dioscorea,Root&tuber,well-drained soil,6.0,6.5,270.0,300.0,639.1,30.88,30.0,1000.0,2000.0
2021,Apr,Navarai/Kodai,NAGAPATTINAM,tinda,vegetables,Sandy loam,6.5,7.5,70.0,70.0,768.31,31.28,25.33,900.0,1200.0
2022,Dec,Samba/Thaladi,THIRUCHIRAPALLI,Butter bean,minor vegetables,Sandy loam,6.0,7.0,80.0,100.0,443.92,26.41,18.63,900.0,1200.0
2021,Oct,Samba/Thaladi,SALEM,fodder maize,forage crops,Well drained sandy loam and clayey loam soils ,5.5,8.0,60.0,70.0,282.98,40.71,10.0,500.0,480.0
2025,Sep,Kuruvai/Sornavari,KANCHEEPURAM,celery,greenleafy,Silt Loam to loamy,6.0,8.5,120.0,150.0,519.2,28.15,15.25,1000.0,1000.0
2024,Aug,Kuruvai/Sornavari,DINDIGUL,watermelon,vegetables,Sandy,6.0,7.5,70.0,85.0,461.62,28.16,23.41,900.0,1200.0
2023,Jul,Kuruvai/Sornavari,PERAMBALUR,Turnip,minor vegetables,Loamy soil,5.5,6.8,42.0,56.0,263.93,19.67,11.51,900.0,1200.0
2022,Dec,Samba/Thaladi,SALEM,kudiraivali,millets,Loamy Soil,5.5,7.0,75.0,95.0,190.96,23.2,21.52,500.0,900.0
2021,Apr,Navarai/Kodai,THIRUPPUR,Knol-khol,minor vegetables,Sandy loam,5.5,7.0,50.0,65.0,487.16,33.09,14.53,900.0,1200.0
2022,Nov,Samba/Thaladi,VILLUPURAM,Pearl millet,millets,"clay, clay loam, or sandy loam soils",5.5,7.5,75.0,85.0,322.05,44.75,12.78,350.0,500.0
2023,Jul,Kuruvai/Sornavari,DHARMAPURI,Chekurmanis,minor vegetables,Sandy loam,5.5,7.5,90.0,120.0,547.79,34.34,27.99,900.0,1200.0
2021,Oct,Samba/Thaladi,KRISHNAGIRI,bitter gourd,vegetables,Well drained loamy soil,6.5,7.0,55.0,60.0,472.32,29.84,27.87,900.0,1200.0
2024,Jun,Kuruvai/Sornavari,THIRUVALLUR,french bean,vegetables,Well drained loamy soil,5.5,6.0,40.0,50.0,732.3,27.11,10.92,900.0,1200.0
2022,Mar,Navarai/Kodai,KANCHEEPURAM,Celery,minor vegetables,Sandy loam,5.8,6.8,120.0,150.0,334.43,23.31,18.66,900.0,1200.0
2021,Mar,Navarai/Kodai,ARIYALUR,sweet sorghum,sugar crops,Well drained sandy loam and clayey loam soils ,6.0,8.5,115.0,125.0,149.48,27.84,29.59,500.0,600.0
2025,Sep,Kuruvai/Sornavari,VIRUDHUNAGAR,tapoica,Root&tuber,Red lateritic loam,5.5,7.0,270.0,300.0,455.2,26.82,25.2,1000.0,1000.0
2024,Sep,Kuruvai/Sornavari,KANCHEEPURAM,Winged Bean,minor vegetables,Sandy loam,7.0,12.0,42.0,42.0,568.63,31.39,26.92,900.0,1200.0
2024,Oct,Samba/Thaladi,THENI,velimasal,forage crops,Well drained sandy loam and clayey loam soils ,5.8,7.0,45.0,55.0,169.78,35.39,27.32,300.0,350.0
2025,Dec,Samba/Thaladi,THIRUCHIRAPALLI,Chekurmanis,minor vegetables,Sandy loam,5.5,7.5,90.0,120.0,487.55,31.18,29.52,900.0,1200.0
2024,Apr,Navarai/Kodai,KOLLI HILLS,fodder cholam,forage crops,Well drained sandy loam and clayey loam soils ,5.5,7.5,1095.0,1095.0,142.1,36.83,25.0,300.0,350.0
2024,Jan,Navarai/Kodai,THIRUPPUR,brinjal,vegetables,Loamy soil/ Lateritic soil,6.0,7.5,100.0,150.0,612.66,30.09,22.26,900.0,1200.0
2021,Sep,Kuruvai/Sornavari,ERODE,thinai,millets,"alluvial,loamy ",5.5,7.0,85.0,90.0,376.89,29.65,22.51,500.0,900.0
2024,Aug,Kuruvai/Sornavari,KRISHNAGIRI,sweet sorghum,sugar crops,Well drained sandy loam and clayey loam soils ,6.0,8.5,115.0,125.0,168.9,27.44,28.16,500.0,600.0
2025,Jul,Kuruvai/Sornavari,NAGAPATTINAM,jute,fibre crop,Sandy and Clay Loam,6.0,7.5,120.0,140.0,589.02,35.39,27.23,1000.0,1300.0
2023,Aug,Kuruvai/Sornavari,JAWAD HILLS,bhendi,vegetables,Loamy soil/ Lateritic soil,6.0,6.8,55.0,65.0,525.72,28.44,25.65,1200.0,2200.0
2024,Apr,Navarai/Kodai,HILLY REGIONS OF SHEVROY,snake gourd,vegetables,Loamy soil/ Lateritic soil,6.0,6.7,90.0,90.0,358.74,27.33,18.46,900.0,1200.0
2023,Mar,Navarai/Kodai,ARIYALUR,maize,millets,temperate podzols to the leached red soils of the tropics. ,5.5,7.0,105.0,110.0,218.36,28.82,20.24,500.0,800.0
2025,Mar,Navarai/Kodai,THIRUNELVELI,Ceylon spinach,minor vegetables,Sandy loam,6.5,7.0,40.0,50.0,304.71,24.58,10.57,900.0,1200.0
2021,Jul,Kuruvai/Sornavari,SIVAGANGAI,fodder cumbu,forage crops,Well drained sandy loam and clayey loam soils ,4.0,7.5,45.0,120.0,140.28,33.99,29.03,500.0,480.0
2025,Feb,Navarai/Kodai,ERODE,sunflower,oil seeds,"Loams, silt loams, clay loams, or silty clay loams",6.5,8.0,85.0,95.0,131.91,25.87,24.09,350.0,500.0
2025,Apr,Navarai/Kodai,SALEM,chillies,vegetables,Loamy soil/ Lateritic soil,6.0,6.8,120.0,120.0,234.31,28.68,22.46,500.0,500.0
2025,Dec,Samba/Thaladi,KRISHNAGIRI,kudiraivali,millets,Loamy Soil,5.5,7.0,75.0,95.0,152.43,22.76,21.85,500.0,900.0
2025,Jul,Kuruvai/Sornavari,VILLUPURAM,sugarcane,sugar crops,Clayey Loamy Soil/ Black Cotton Soil/ Red Loamy Soil/ Brown Loamy Soil,6.5,8.0,300.0,330.0,658.38,25.23,19.77,1500.0,2500.0
2025,Apr,Navarai/Kodai,NAGAPATTINAM,muyal masal,forage crops,Well drained sandy loam and clayey loam soils ,5.5,7.5,75.0,65.0,223.14,30.02,26.03,500.0,480.0
2024,Feb,Navarai/Kodai,JAWAD HILLS,bitter gourd,vegetables,Well drained loamy soil,6.5,7.0,55.0,60.0,505.03,27.88,28.01,900.0,1200.0
2022,Nov,Samba/Thaladi,SALEM,carrot,Root&tuber,light or sandy loam soil,6.0,7.0,75.0,75.0,568.82,24.09,19.23,1000.0,1000.0
2021,Aug,Kuruvai/Sornavari,THIRUPPUR,soyabean,pulses,"Well-drained, Loamy Soil",6.0,7.0,90.0,100.0,281.91,29.91,13.1,450.0,700.0
2023,Sep,Kuruvai/Sornavari,PERAMBALUR,ribbed gourd,vegetables,Sandy Loam,6.5,7.5,125.0,125.0,601.58,36.8,29.85,900.0,1200.0
2021,Sep,Kuruvai/Sornavari,COIMBATORE,kudiraivali,millets,Loamy Soil,5.5,7.0,75.0,95.0,142.44,24.98,19.53,500.0,900.0
2024,Jul,Kuruvai/Sornavari,RAMANATHANPURAM,gherkins,vegetables,Sandy loam,5.8,7.0,90.0,90.0,468.23,34.79,14.6,900.0,1200.0
2021,Nov,Samba/Thaladi,NAGAPATTINAM,fodder cholam,forage crops,Well drained sandy loam and clayey loam soils ,5.5,7.5,1095.0,1095.0,195.08,32.11,23.66,300.0,350.0
2022,Jun,Kuruvai/Sornavari,DINDIGUL,sorghum,millets,well-drained loamy soils,6.0,7.5,95.0,105.0,165.2,36.41,14.15,450.0,650.0
2025,Apr,Navarai/Kodai,KOLLI HILLS,bhendi,vegetables,Loamy soil/ Lateritic soil,6.0,6.8,55.0,65.0,666.94,26.33,25.29,1200.0,2200.0
2024,Dec,Samba/Thaladi,COIMBATORE,kudirai masi,forage crops,Well drained sandy loam and clayey loam soils ,6.5,7.5,45.0,55.0,92.98,30.82,24.29,300.0,350.0
2021,Oct,Samba/Thaladi,HILLY REGIONS OF SHEVROY,radish,Root&tuber,Well grained deep loamy moist and alluviual soil,5.5,6.8,21.0,21.0,353.47,20.62,14.03,1000.0,1000.0
2024,Nov,Samba/Thaladi,VIRUDHUNAGAR,greengram,pulses,well-drained sandy loams or sandy soils ,6.5,7.5,100.0,100.0,580.77,33.55,25.87,850.0,1000.0
2025,Sep,Kuruvai/Sornavari,DHARMAPURI,colocasia,Root&tuber,Well grained deep loamy moist and alluviual soil,5.5,7.0,150.0,180.0,587.28,32.8,22.66,1000.0,1000.0
2022,Jul,Kuruvai/Sornavari,VIRUDHUNAGAR,annual moringa,vegetables,Sandy loam,6.5,8.0,210.0,240.0,632.98,31.01,26.38,900.0,1200.0
2022,Apr,Navarai/Kodai,CUDDALORE,ribbed gourd,vegetables,Sandy Loam,6.5,7.5,125.0,125.0,722.21,35.92,29.62,900.0,1200.0
2022,Nov,Samba/Thaladi,ARIYALUR,sorghum,millets,well-drained loamy soils,6.0,7.5,95.0,105.0,133.87,37.74,16.72,450.0,650.0
2023,Jul,Kuruvai/Sornavari,NAGAPATTINAM,cucumber,vegetables,Loamy,6.5,7.5,120.0,120.0,957.22,31.28,29.25,1200.0,1500.0
2021,Dec,Samba/Thaladi,THOOTHUKUDI,celery,greenleafy,Silt Loam to loamy,6.0,8.5,120.0,150.0,580.73,26.7,14.17,1000.0,1000.0
2022,Apr,Navarai/Kodai,KRISHNAGIRI,Celery,minor vegetables,Sandy loam,5.8,6.8,120.0,150.0,257.61,24.58,16.95,900.0,1200.0
2025,Jun,Kuruvai/Sornavari,KARUR,jute,fibre crop,Sandy and Clay Loam,6.0,7.5,120.0,140.0,595.4,35.49,26.88,1000.0,1300.0
2023,Aug,Kuruvai/Sornavari,RAMANATHANPURAM,Chinese cabbage,minor vegetables,Sandy loam,5.5,7.0,50.0,80.0,760.48,24.1,14.76,900.0,1200.0
2022,Jun,Kuruvai/Sornavari,TIRUVARUR,chillies,vegetables,Loamy soil/ Lateritic soil,6.0,6.8,120.0,120.0,132.31,29.13,23.09,500.0,500.0
2023,Apr,Navarai/Kodai,THIRUVANNAMALAI,jute,fibre crop,Sandy and Clay Loam,6.0,7.5,120.0,140.0,714.82,36.83,26.55,1000.0,1300.0
2022,Jan,Navarai/Kodai,THIRUPPUR,Asparagus,minor vegetables,Sandy loam,6.0,6.7,730.0,730.0,738.67,27.99,13.51,900.0,1200.0
2023,Jun,Kuruvai/Sornavari,TIRUVARUR,Basella,minor vegetables,Sandy loam,5.5,8.0,70.0,70.0,514.19,28.46,13.47,900.0,1200.0
2025,Oct,Samba/Thaladi,THIRUNELVELI,Chekurmanis,minor vegetables,Sandy loam,5.5,7.5,90.0,120.0,470.61,31.99,29.52,900.0,1200.0
2025,Jul,Kuruvai/Sornavari,DHARMAPURI,ash gourd,vegetables,Sandy loam,6.0,6.7,120.0,120.0,780.63,26.57,24.22,900.0,1200.0
2023,Dec,Samba/Thaladi,HILLY REGIONS OF SHEVROY,Coccinia,minor vegetables,Sandy loam,6.0,6.5,90.0,90.0,624.41,29.34,20.27,900.0,1200.0
2022,Mar,Navarai/Kodai,NAMAKAL,gardenlablab,pulses,wide range of soils,6.0,7.0,75.0,100.0,482.46,36.17,16.85,650.0,1000.0
2024,Oct,Samba/Thaladi,DHARMAPURI,Chakravathi keerai,minor vegetables,Sandy loam,4.5,8.3,100.0,100.0,467.34,25.54,16.7,900.0,1200.0
2025,Oct,Samba/Thaladi,VILLUPURAM,tapoica,Root&tuber,Red lateritic loam,5.5,7.0,270.0,300.0,509.48,25.25,25.66,1000.0,1000.0
2022,Jun,Kuruvai/Sornavari,THIRUNELVELI,broadbean,vegetables,Well drained loamy soil,5.5,6.0,80.0,100.0,539.13,23.26,11.54,900.0,1200.0
2021,Jan,Navarai/Kodai,PERAMBALUR,guinea grass,forage crops,Well drained sandy loam and clayey loam soils ,5.0,7.0,45.0,55.0,283.67,33.89,15.94,1000.0,480.0
2024,Mar,Navarai/Kodai,NAMAKAL,blackgram,pulses,sandy soils to heavy cotton soils,6.5,7.8,70.0,75.0,350.29,41.81,21.46,600.0,1000.0
2025,May,Navarai/Kodai,THIRUVALLUR,Turnip,minor vegetables,Loamy soil,5.5,6.8,42.0,56.0,274.16,22.73,14.89,900.0,1200.0
2025,Dec,Samba/Thaladi,VIRUDHUNAGAR,brinjal,vegetables,Loamy soil/ Lateritic soil,6.0,7.5,100.0,150.0,382.48,27.75,16.03,900.0,1200.0
2024,Jan,Navarai/Kodai,THALAVADI HILLS,muskmelon,vegetables,Sandy Loam,6.5,7.5,70.0,100.0,668.03,32.84,29.89,900.0,1200.0
2022,May,Navarai/Kodai,THENI,cotton,fibre crop," black soils, (ii) red soils and (iii) alluvial soils.",7.0,8.0,135.0,140.0,425.11,25.11,24.46,700.0,1300.0
2024,Feb,Navarai/Kodai,NAMAKAL,ash gourd,vegetables,Sandy loam,6.0,6.7,120.0,120.0,756.81,32.07,24.76,900.0,1200.0
2024,Jun,Kuruvai/Sornavari,NAGAPATTINAM,gherkins,vegetables,Sandy loam,5.8,7.0,90.0,90.0,733.92,31.39,18.2,900.0,1200.0
2023,Aug,Kuruvai/Sornavari,TANJORE,groundnut,oil seeds,Well-drained sandy loam or sandy clay loam soil ,6.5,7.0,140.0,150.0,307.64,44.65,13.32,500.0,700.0
2024,Apr,Navarai/Kodai,NAGAPATTINAM,chinese potato,Root&tuber,well-drained soil,4.8,5.8,120.0,150.0,544.58,23.62,14.46,1000.0,1000.0
2024,Jan,Navarai/Kodai,NAGAPATTINAM,Ceylon spinach,minor vegetables,Sandy loam,6.5,7.0,40.0,50.0,375.83,25.0,14.16,900.0,1200.0
2025,Jun,Kuruvai/Sornavari,JAWAD HILLS,sweet sorghum,sugar crops,Well drained sandy loam and clayey loam soils ,6.0,8.5,115.0,125.0,249.91,26.82,27.82,500.0,600.0
2022,Jan,Navarai/Kodai,NAGAPATTINAM,Basella,minor vegetables,Sandy loam,5.5,8.0,70.0,70.0,446.62,31.71,16.72,900.0,1200.0
2024,Aug,Kuruvai/Sornavari,VILLUPURAM,tinda,vegetables,Sandy loam,6.5,7.5,70.0,70.0,295.89,30.89,29.05,900.0,1200.0
2021,May,Navarai/Kodai,KRISHNAGIRI,bottle gourd,vegetables,Sandy loam,6.0,6.7,120.0,120.0,607.65,25.2,22.22,900.0,1200.0
2022,Jan,Navarai/Kodai,THIRUCHIRAPALLI,Turnip,minor vegetables,Loamy soil,5.5,6.8,42.0,56.0,777.78,22.73,12.65,900.0,1200.0
2023,Apr,Navarai/Kodai,PERAMBALUR,Chekurmanis,minor vegetables,Sandy loam,5.5,7.5,90.0,120.0,450.11,33.47,27.69,900.0,1200.0
2022,Dec,Samba/Thaladi,PERAMBALUR,tinda,vegetables,Sandy loam,6.5,7.5,70.0,70.0,469.61,26.23,26.59,900.0,1200.0
2023,Feb,Navarai/Kodai,DINDIGUL,ash gourd,vegetables,Sandy loam,6.0,6.7,120.0,120.0,503.29,27.91,23.19,900.0,1200.0
2022,Jul,Kuruvai/Sornavari,HILLY REGIONS OF SHEVROY,fodder cumbu,forage crops,Well drained sandy loam and clayey loam soils ,4.0,7.5,45.0,120.0,275.5,32.05,29.12,500.0,480.0
2021,Apr,Navarai/Kodai,VELLORE,blackgram,pulses,sandy soils to heavy cotton soils,6.5,7.8,70.0,75.0,462.97,40.94,21.09,600.0,1000.0
2024,Apr,Navarai/Kodai,CUDDALORE,elephant foot yam,Root&tuber,Rich red loamy soil,5.5,7.0,240.0,240.0,743.77,33.84,28.51,1000.0,1500.0
2022,Feb,Navarai/Kodai,KOLLI HILLS,Brussels sprout,minor vegetables,Sandy loam,6.5,6.8,12.0,12.0,784.4,26.57,14.61,900.0,1200.0
2023,May,Navarai/Kodai,DINDIGUL,tinda,vegetables,Sandy loam,6.5,7.5,70.0,70.0,400.05,25.43,29.29,900.0,1200.0
2023,Oct,Samba/Thaladi,KARUR,radish,Root&tuber,Well grained deep loamy moist and alluviual soil,5.5,6.8,21.0,21.0,386.55,20.97,13.31,1000.0,1000.0
2021,May,Navarai/Kodai,CUDDALORE,elephant foot yam,Root&tuber,Rich red loamy soil,5.5,7.0,240.0,240.0,573.95,35.07,26.47,1000.0,1500.0
2021,Nov,Samba/Thaladi,COIMBATORE,Celery,minor vegetables,Sandy loam,5.8,6.8,120.0,150.0,707.94,24.08,14.08,900.0,1200.0
2025,Aug,Kuruvai/Sornavari,THOOTHUKUDI,Celery,minor vegetables,Sandy loam,5.8,6.8,120.0,150.0,798.89,23.08,18.81,900.0,1200.0
2025,Feb,Navarai/Kodai,CHENGLEPUT,blackgram,pulses,sandy soils to heavy cotton soils,6.5,7.8,70.0,75.0,354.15,39.21,22.51,600.0,1000.0
2022,Nov,Samba/Thaladi,THOOTHUKUDI,groundnut,oil seeds,Well-drained sandy loam or sandy clay loam soil ,6.5,7.0,140.0,150.0,384.43,43.76,13.16,500.0,700.0
2024,Sep,Kuruvai/Sornavari,RAMANATHANPURAM,Coccinia,minor vegetables,Sandy loam,6.0,6.5,90.0,90.0,597.66,33.76,20.37,900.0,1200.0
2023,May,Navarai/Kodai,THALAVADI HILLS,small onion,bulbvegetables,Sandy loam,6.0,7.0,70.0,90.0,355.81,26.62,19.73,650.0,750.0
2023,Dec,Samba/Thaladi,NAGAPATTINAM,tomato,vegetables,Sandy loam,6.5,7.5,90.0,140.0,159.29,28.89,17.99,600.0,800.0
2021,Oct,Samba/Thaladi,PERAMBALUR,french bean,vegetables,Well drained loamy soil,5.5,6.0,40.0,50.0,505.97,27.49,10.06,900.0,1200.0
2024,Nov,Samba/Thaladi,ARIYALUR,groundnut,oil seeds,Well-drained sandy loam or sandy clay loam soil ,6.5,7.0,140.0,150.0,198.81,44.25,12.9,500.0,700.0
2024,Jan,Navarai/Kodai,SALEM,Phaseolus lunatus,minor vegetables,Sandy loam,6.0,6.8,90.0,90.0,843.31,27.15,15.53,900.0,2000.0
2024,Sep,Kuruvai/Sornavari,DHARMAPURI,Phaseolus lunatus,minor vegetables,Sandy loam,6.0,6.8,90.0,90.0,563.53,28.65,19.54,900.0,2000.0
2022,Jun,Kuruvai/Sornavari,VELLORE,kollukattai pullu,forage crops,Well drained sandy loam and clayey loam soils ,7.0,7.5,45.0,55.0,269.87,30.9,19.43,500.0,480.0
2021,Mar,Navarai/Kodai,CUDDALORE,bottle gourd,vegetables,Sandy loam,6.0,6.7,120.0,120.0,405.21,27.61,16.38,900.0,1200.0
2022,Jan,Navarai/Kodai,KOLLI HILLS,Ceylon spinach,minor vegetables,Sandy loam,6.5,7.0,40.0,50.0,553.96,24.69,11.22,900.0,1200.0
2025,Nov,Samba/Thaladi,ARIYALUR,fodder cumbu,forage crops,Well drained sandy loam and clayey loam soils ,4.0,7.5,45.0,120.0,152.6,33.99,28.17,500.0,480.0
2023,Jun,Kuruvai/Sornavari,COIMBATORE,safflower,oil seeds,"Loams, silt loams, clay loams, or silty clay loams",5.4,8.2,120.0,125.0,478.55,32.91,21.17,550.0,725.0
2024,Aug,Kuruvai/Sornavari,THIRUNELVELI,cotton,fibre crop," black soils, (ii) red soils and (iii) alluvial soils.",7.0,8.0,135.0,140.0,623.01,30.06,23.04,700.0,1300.0
2025,Mar,Navarai/Kodai,KRISHNAGIRI,Butter bean,minor vegetables,Sandy loam,6.0,7.0,80.0,100.0,678.31,28.55,17.19,900.0,1200.0
2024,Feb,Navarai/Kodai,THIRUVALLUR,Turnip,minor vegetables,Loamy soil,5.5,6.8,42.0,56.0,337.04,23.87,10.31,900.0,1200.0
2021,Jan,Navarai/Kodai,SALEM,Winged Bean,minor vegetables,Sandy loam,7.0,12.0,42.0,42.0,554.65,25.27,25.16,900.0,1200.0
2023,Apr,Navarai/Kodai,SIVAGANGAI,watermelon,vegetables,Sandy,6.0,7.5,70.0,85.0,660.05,28.14,28.51,900.0,1200.0
2024,Apr,Navarai/Kodai,THIRUVANNAMALAI,Chekurmanis,minor vegetables,Sandy loam,5.5,7.5,90.0,120.0,392.89,34.13,27.62,900.0,1200.0
2024,Dec,Samba/Thaladi,VILLUPURAM,bellary onion,minor vegetables,Sandy loam,5.8,6.5,150.0,150.0,249.58,25.06,11.46,900.0,1200.0
2023,Aug,Kuruvai/Sornavari,THOOTHUKUDI,curry leaf,greenleafy,Red sandy loam,5.2,5.5,90.0,85.0,481.13,34.38,24.01,1000.0,1000.0
2025,Jun,Kuruvai/Sornavari,KANCHEEPURAM,tomato,vegetables,Sandy loam,6.5,7.5,90.0,140.0,410.4,29.39,21.09,600.0,800.0
2021,Jan,Navarai/Kodai,KOLLI HILLS,paprika,vegetables,Sandy loam,5.8,6.5,160.0,180.0,508.7,27.31,27.49,700.0,1000.0
2024,Feb,Navarai/Kodai,KANCHEEPURAM,castor,oil seeds,"Loams, silt loams, clay loams, or silty clay loams",5.0,8.5,120.0,160.0,220.97,25.92,21.18,500.0,500.0
2023,Jun,Kuruvai/Sornavari,HILLY REGIONS OF SHEVROY,onion,vegetables, Any Loamy,5.8,6.5,100.0,120.0,196.2,26.83,19.35,350.0,550.0
2024,Oct,Samba/Thaladi,SALEM,tobacco,other crops,Well drained sandy loam and clayey loam soils ,7.5,8.5,90.0,100.0,453.5,33.35,25.83,800.0,1000.0
2023,Dec,Samba/Thaladi,PUDUKKOTTAI,Knol-khol,minor vegetables,Sandy loam,5.5,7.0,50.0,65.0,617.69,30.6,18.19,900.0,1200.0
2024,Feb,Navarai/Kodai,RAMANATHANPURAM,pumpkin,vegetables,Loamy soil/ Lateritic soil,6.0,7.0,115.0,120.0,282.52,26.81,22.14,900.0,1200.0
2022,Mar,Navarai/Kodai,KARUR,bottle gourd,vegetables,Sandy loam,6.0,6.7,120.0,120.0,283.12,27.17,18.71,900.0,1200.0
2024,Jul,Kuruvai/Sornavari,THOOTHUKUDI,jute,fibre crop,Sandy and Clay Loam,6.0,7.5,120.0,140.0,471.67,38.15,22.56,1000.0,1300.0
2025,Dec,Samba/Thaladi,THOOTHUKUDI,Basella,minor vegetables,Sandy loam,5.5,8.0,70.0,70.0,528.99,33.89,19.32,900.0,1200.0
2024,Apr,Navarai/Kodai,THIRUVANNAMALAI,horsegram,pulses, light to heavy soils ,6.0,7.5,100.0,105.0,264.48,37.74,27.88,800.0,800.0
2022,May,Navarai/Kodai,KOLLI HILLS,chinese potato,Root&tuber,well-drained soil,4.8,5.8,120.0,150.0,572.43,23.7,15.06,1000.0,1000.0
2021,Mar,Navarai/Kodai,THIRUVANNAMALAI,ribbed gourd,vegetables,Sandy Loam,6.5,7.5,125.0,125.0,737.46,33.29,24.79,900.0,1200.0
2025,Nov,Samba/Thaladi,SALEM,cotton,fibre crop," black soils, (ii) red soils and (iii) alluvial soils.",7.0,8.0,135.0,140.0,594.42,29.31,20.35,700.0,1300.0
2022,Jun,Kuruvai/Sornavari,THIRUVANNAMALAI,sugarcane,sugar crops,Clayey Loamy Soil/ Black Cotton Soil/ Red Loamy Soil/ Brown Loamy Soil,6.5,8.0,300.0,330.0,1114.2,25.54,21.07,1500.0,2500.0
2022,Aug,Kuruvai/Sornavari,THENI,Mint,minor vegetables,Loamy soil,6.5,7.0,100.0,120.0,314.13,25.89,20.48,1000.0,1100.0
2025,Apr,Navarai/Kodai,VIRUDHUNAGAR,peas,vegetables,Sandy loam,6.5,7.5,60.0,70.0,653.42,26.68,14.78,900.0,1200.0
2022,May,Navarai/Kodai,THIRUVANNAMALAI,bellary onion,minor vegetables,Sandy loam,5.8,6.5,150.0,150.0,354.87,25.07,13.44,900.0,1200.0
2022,Dec,Samba/Thaladi,NAMAKAL,varagu,millets,clay-based soil,5.5,6.5,120.0,120.0,584.39,28.21,26.54,500.0,900.0
2023,Jul,Kuruvai/Sornavari,RAMANATHANPURAM,chillies,vegetables,Loamy soil/ Lateritic soil,6.0,6.8,120.0,120.0,158.18,31.06,23.08,500.0,500.0
2022,Dec,Samba/Thaladi,KANCHEEPURAM,gardenlablab,pulses,wide range of soils,6.0,7.0,75.0,100.0,552.21,35.35,20.75,650.0,1000.0
2024,Sep,Kuruvai/Sornavari,THALAVADI HILLS,niger,oil seeds,"Loams, silt loams, clay loams, or silty clay loams",5.2,7.3,80.0,80.0,768.21,25.0,15.11,1000.0,1300.0
2024,Feb,Navarai/Kodai,THOOTHUKUDI,Lettuce,minor vegetables,Sandy loam,6.0,6.5,45.0,55.0,664.22,24.83,17.14,900.0,1200.0
2023,Nov,Samba/Thaladi,TANJORE,bellary onion,minor vegetables,Sandy loam,5.8,6.5,150.0,150.0,621.45,25.53,14.38,900.0,1200.0
2023,Mar,Navarai/Kodai,DHARMAPURI,sorghum,millets,well-drained loamy soils,6.0,7.5,95.0,105.0,339.32,41.98,18.27,450.0,650.0
2025,Jan,Navarai/Kodai,DHARMAPURI,colocasia,Root&tuber,Well grained deep loamy moist and alluviual soil,5.5,7.0,150.0,180.0,371.63,36.52,19.02,1000.0,1000.0
2023,Jul,Kuruvai/Sornavari,RAMANATHANPURAM,gardenlablab,pulses,wide range of soils,6.0,7.0,75.0,100.0,369.08,33.39,16.09,650.0,1000.0
2025,Jun,Kuruvai/Sornavari,PERAMBALUR,colocasia,Root&tuber,Well grained deep loamy moist and alluviual soil,5.5,7.0,150.0,180.0,313.62,36.75,22.39,1000.0,1000.0
2022,Nov,Samba/Thaladi,NAMAKAL,thinai,millets,"alluvial,loamy ",5.5,7.0,85.0,90.0,242.17,27.77,18.07,500.0,900.0
2021,Sep,Kuruvai/Sornavari,NAGAPATTINAM,horsegram,pulses, light to heavy soils ,6.0,7.5,100.0,105.0,377.1,37.82,28.27,800.0,800.0
2021,Jan,Navarai/Kodai,THENI,cluster bean,vegetables,Sandy Loam,7.0,8.5,60.0,90.0,741.48,26.95,19.47,900.0,1200.0
2025,Mar,Navarai/Kodai,KRISHNAGIRI,tomato,vegetables,Sandy loam,6.5,7.5,90.0,140.0,325.43,27.41,19.49,600.0,800.0
2021,Feb,Navarai/Kodai,DHARMAPURI,Ceylon spinach,minor vegetables,Sandy loam,6.5,7.0,40.0,50.0,305.15,24.83,10.44,900.0,1200.0
2022,May,Navarai/Kodai,KRISHNAGIRI,small onion,bulbvegetables,Sandy loam,6.0,7.0,70.0,90.0,258.94,25.33,17.74,650.0,750.0
2021,Nov,Samba/Thaladi,NAGAPATTINAM,castor,oil seeds,"Loams, silt loams, clay loams, or silty clay loams",5.0,8.5,120.0,160.0,320.1,27.72,20.61,500.0,500.0
2022,Feb,Navarai/Kodai,THOOTHUKUDI,chillies,vegetables,Loamy soil/ Lateritic soil,6.0,6.8,120.0,120.0,176.0,29.86,26.39,500.0,500.0
2025,Apr,Navarai/Kodai,MADURAI,Lettuce,minor vegetables,Sandy loam,6.0,6.5,45.0,55.0,409.4,24.94,18.13,900.0,1200.0
2023,Aug,Kuruvai/Sornavari,SIVAGANGAI,onion,vegetables, Any Loamy,5.8,6.5,100.0,120.0,158.35,25.85,23.6,350.0,550.0
2023,Jan,Navarai/Kodai,ERODE,cowpea,pulses, well-drained sandy loams or sandy soils ,5.0,6.5,60.0,90.0,165.77,25.47,21.63,400.0,700.0
2023,Apr,Navarai/Kodai,ERODE,Coccinia,minor vegetables,Sandy loam,6.0,6.5,90.0,90.0,298.72,33.41,20.84,900.0,1200.0
2024,Oct,Samba/Thaladi,VILLUPURAM,watermelon,vegetables,Sandy,6.0,7.5,70.0,85.0,395.84,26.63,24.17,900.0,1200.0
2025,Jul,Kuruvai/Sornavari,ERODE,fodder cowpea,forage crops,Well drained sandy loam and clayey loam soils ,5.0,6.5,50.0,65.0,98.12,27.08,19.96,300.0,350.0
2024,Mar,Navarai/Kodai,HILLY REGIONS OF SHEVROY,sweet potato,Root&tuber,well-drained soil,5.7,6.7,90.0,120.0,626.97,27.42,23.76,1000.0,1000.0
2024,Sep,Kuruvai/Sornavari,DHARMAPURI,paprika,vegetables,Sandy loam,5.8,6.5,160.0,180.0,211.58,33.61,25.62,700.0,1000.0
2022,Apr,Navarai/Kodai,KRISHNAGIRI,curry leaf,greenleafy,Red sandy loam,5.2,5.5,90.0,85.0,379.18,35.08,25.94,1000.0,1000.0
2022,Aug,Kuruvai/Sornavari,HILLY REGIONS OF SHEVROY,Lettuce,minor vegetables,Sandy loam,6.0,6.5,45.0,55.0,453.53,24.26,21.47,900.0,1200.0
2022,Sep,Kuruvai/Sornavari,KANCHEEPURAM,sorghum,millets,well-drained loamy soils,6.0,7.5,95.0,105.0,312.73,40.0,19.3,450.0,650.0
2024,Apr,Navarai/Kodai,KARUR,paprika,vegetables,Sandy loam,5.8,6.5,160.0,180.0,390.35,29.05,24.26,700.0,1000.0
2025,Nov,Samba/Thaladi,KOLLI HILLS,kollukattai pullu,forage crops,Well drained sandy loam and clayey loam soils ,7.0,7.5,45.0,55.0,144.05,31.65,24.71,500.0,480.0
2022,Oct,Samba/Thaladi,PERAMBALUR,gherkins,vegetables,Sandy loam,5.8,7.0,90.0,90.0,457.45,30.58,19.41,900.0,1200.0
2022,Jan,Navarai/Kodai,PERAMBALUR,Knol-khol,minor vegetables,Sandy loam,5.5,7.0,50.0,65.0,344.42,29.62,16.01,900.0,1200.0
2023,Nov,Samba/Thaladi,PERAMBALUR,colocasia,Root&tuber,Well grained deep loamy moist and alluviual soil,5.5,7.0,150.0,180.0,608.94,36.74,20.1,1000.0,1000.0
2022,Mar,Navarai/Kodai,THIRUPPUR,dioscorea,Root&tuber,well-drained soil,6.0,6.5,270.0,300.0,525.73,31.8,30.0,1000.0,2000.0
2023,Nov,Samba/Thaladi,CHENGLEPUT,Chinese cabbage,minor vegetables,Sandy loam,5.5,7.0,50.0,80.0,479.36,24.6,15.87,900.0,1200.0
2023,Aug,Kuruvai/Sornavari,THIRUVANNAMALAI,panivaragu,millets,sandy loam to clays of black cotton soils,5.5,7.0,70.0,75.0,96.15,44.97,13.76,330.0,350.0
2024,Mar,Navarai/Kodai,KRISHNAGIRI,Ceylon spinach,minor vegetables,Sandy loam,6.5,7.0,40.0,50.0,279.72,24.81,11.58,900.0,1200.0
2024,Mar,Navarai/Kodai,PUDUKKOTTAI,Basella,minor vegetables,Sandy loam,5.5,8.0,70.0,70.0,301.7,29.87,19.35,900.0,1200.0
2025,Aug,Kuruvai/Sornavari,DHARMAPURI,niger,oil seeds,"Loams, silt loams, clay loams, or silty clay loams",5.2,7.3,80.0,80.0,358.47,25.0,15.99,1000.0,1300.0
2025,Aug,Kuruvai/Sornavari,COIMBATORE,tomato,vegetables,Sandy loam,6.5,7.5,90.0,140.0,155.15,26.03,16.68,600.0,800.0
2024,Dec,Samba/Thaladi,VILLUPURAM,fodder cumbu,forage crops,Well drained sandy loam and clayey loam soils ,4.0,7.5,45.0,120.0,276.91,33.38,27.8,500.0,480.0
2023,May,Navarai/Kodai,VIRUDHUNAGAR,Basella,minor vegetables,Sandy loam,5.5,8.0,70.0,70.0,273.42,28.69,18.57,900.0,1200.0
2021,Apr,Navarai/Kodai,KANCHEEPURAM,Phaseolus lunatus,minor vegetables,Sandy loam,6.0,6.8,90.0,90.0,339.69,28.83,16.69,900.0,2000.0
2025,Jan,Navarai/Kodai,KANCHEEPURAM,soundal,forage crops,Well drained sandy loam and clayey loam soils ,5.5,7.5,40.0,80.0,313.34,36.38,21.52,500.0,480.0
2021,May,Navarai/Kodai,KARUR,wheat,cereals,Well Drained,6.0,7.0,80.0,90.0,224.82,25.91,22.04,450.0,650.0
2024,Sep,Kuruvai/Sornavari,HILLY REGIONS OF SHEVROY,cluster bean,vegetables,Sandy Loam,7.0,8.5,60.0,90.0,612.46,25.73,23.41,900.0,1200.0
2022,Nov,Samba/Thaladi,KARUR,fodder maize,forage crops,Well drained sandy loam and clayey loam soils ,5.5,8.0,60.0,70.0,181.22,44.66,11.9,500.0,480.0
2025,Sep,Kuruvai/Sornavari,KARUR,Basella,minor vegetables,Sandy loam,5.5,8.0,70.0,70.0,254.53,31.96,13.28,900.0,1200.0
2022,Jan,Navarai/Kodai,PERAMBALUR,thinai,millets,"alluvial,loamy ",5.5,7.0,85.0,90.0,333.72,27.23,21.02,500.0,900.0
2022,Aug,Kuruvai/Sornavari,MADURAI,panivaragu,millets,sandy loam to clays of black cotton soils,5.5,7.0,70.0,75.0,83.25,44.93,14.83,330.0,350.0
2025,Dec,Samba/Thaladi,THIRUCHIRAPALLI,amaranthus,greenleafy,Silt Loam to loamy,6.5,7.5,70.0,75.0,365.79,29.15,18.22,1000.0,1000.0
2023,Oct,Samba/Thaladi,KANCHEEPURAM,lablab,vegetables,Well drained loamy soil,6.5,8.5,70.0,75.0,258.44,33.75,26.0,900.0,1200.0
2023,Apr,Navarai/Kodai,DINDIGUL,curry leaf,greenleafy,Red sandy loam,5.2,5.5,90.0,85.0,550.69,37.58,25.06,1000.0,1000.0
2025,Sep,Kuruvai/Sornavari,CAUVERY,horsegram,pulses, light to heavy soils ,6.0,7.5,100.0,105.0,200.45,40.36,23.04,800.0,800.0
2024,Mar,Navarai/Kodai,PERAMBALUR,gardenlablab,pulses,wide range of soils,6.0,7.0,75.0,100.0,350.68,35.82,21.9,650.0,1000.0
2024,Feb,Navarai/Kodai,KANCHEEPURAM,ragi,millets,"red, black, sandy, loamy and shallow black soils.",5.0,8.2,100.0,120.0,465.37,28.94,10.9,700.0,1200.0
2025,Sep,Kuruvai/Sornavari,DHARMAPURI,bengalgram,pulses,medium to heavy black soil,5.5,7.0,90.0,120.0,368.07,25.23,21.33,650.0,1000.0
2022,Apr,Navarai/Kodai,THIRUVANNAMALAI,groundnut,oil seeds,Well-drained sandy loam or sandy clay loam soil ,6.5,7.0,140.0,150.0,387.39,43.43,12.87,500.0,700.0
2022,Jul,Kuruvai/Sornavari,CAUVERY,chowchow,vegetables,Loamy soil/ Lateritic soil,5.5,6.5,150.0,150.0,329.95,24.4,20.44,1200.0,1500.0
2025,Apr,Navarai/Kodai,NAGAPATTINAM,dioscorea,Root&tuber,well-drained soil,6.0,6.5,270.0,300.0,455.71,30.53,30.0,1000.0,2000.0
2024,Jul,Kuruvai/Sornavari,KRISHNAGIRI,bottle gourd,vegetables,Sandy loam,6.0,6.7,120.0,120.0,524.73,26.59,17.47,900.0,1200.0
2025,Apr,Navarai/Kodai,VIRUDHUNAGAR,curry leaf,greenleafy,Red sandy loam,5.2,5.5,90.0,85.0,283.96,38.67,29.5,1000.0,1000.0
2023,Dec,Samba/Thaladi,THOOTHUKUDI,bengalgram,pulses,medium to heavy black soil,5.5,7.0,90.0,120.0,407.43,30.76,19.21,650.0,1000.0
2021,Feb,Navarai/Kodai,THIRUVALLUR,fodder cumbu,forage crops,Well drained sandy loam and clayey loam soils ,4.0,7.5,45.0,120.0,221.95,33.59,25.79,500.0,480.0
2024,Feb,Navarai/Kodai,DHARMAPURI,carrot,Root&tuber,light or sandy loam soil,6.0,7.0,75.0,75.0,451.03,24.48,15.89,1000.0,1000.0
2024,Jun,Kuruvai/Sornavari,THIRUPPUR,maize,millets,temperate podzols to the leached red soils of the tropics. ,5.5,7.0,105.0,110.0,216.41,28.89,20.21,500.0,800.0
2023,Dec,Samba/Thaladi,TANJORE,Chakravathi keerai,minor vegetables,Sandy loam,4.5,8.3,100.0,100.0,240.04,25.69,15.79,900.0,1200.0
2025,Nov,Samba/Thaladi,KANCHEEPURAM,elephant foot yam,Root&tuber,Rich red loamy soil,5.5,7.0,240.0,240.0,538.14,35.38,24.46,1000.0,1500.0
2021,Jan,Navarai/Kodai,COIMBATORE,safflower,oil seeds,"Loams, silt loams, clay loams, or silty clay loams",5.4,8.2,120.0,125.0,477.83,33.14,22.84,550.0,725.0
2021,Apr,Navarai/Kodai,THIRUVANNAMALAI,cluster bean,vegetables,Sandy Loam,7.0,8.5,60.0,90.0,555.36,25.38,23.67,900.0,1200.0
2021,Jun,Kuruvai/Sornavari,CHENGLEPUT,Basella,minor vegetables,Sandy loam,5.5,8.0,70.0,70.0,251.78,33.85,16.66,900.0,1200.0
2023,Oct,Samba/Thaladi,MADURAI,tobacco,other crops,Well drained sandy loam and clayey loam soils ,7.5,8.5,90.0,100.0,395.24,28.83,26.98,800.0,1000.0
2024,Jun,Kuruvai/Sornavari,KARUR,ash gourd,vegetables,Sandy loam,6.0,6.7,120.0,120.0,277.69,27.97,24.67,900.0,1200.0
2021,Feb,Navarai/Kodai,THALAVADI HILLS,horsegram,pulses, light to heavy soils ,6.0,7.5,100.0,105.0,285.11,39.28,25.61,800.0,800.0
2022,Feb,Navarai/Kodai,THIRUCHIRAPALLI,paprika,vegetables,Sandy loam,5.8,6.5,160.0,180.0,659.87,30.37,24.8,700.0,1000.0
2024,Aug,Kuruvai/Sornavari,THIRUNELVELI,vegetable cowpea,vegetables,Sandy loam,5.6,6.0,45.0,90.0,284.57,26.27,24.47,900.0,1200.0
2023,Feb,Navarai/Kodai,THIRUVANNAMALAI,castor,oil seeds,"Loams, silt loams, clay loams, or silty clay loams",5.0,8.5,120.0,160.0,218.23,27.29,20.55,500.0,500.0
2023,Dec,Samba/Thaladi,ERODE,fodder cholam,forage crops,Well drained sandy loam and clayey loam soils ,5.5,7.5,1095.0,1095.0,94.15,30.7,27.23,300.0,350.0
2023,Sep,Kuruvai/Sornavari,PUDUKKOTTAI,pumpkin,vegetables,Loamy soil/ Lateritic soil,6.0,7.0,115.0,120.0,381.66,28.31,18.34,900.0,1200.0
2023,Nov,Samba/Thaladi,VILLUPURAM,rice,cereals,Alluvia or loamy and clayey soil,5.0,8.0,150.0,150.0,617.32,37.49,24.35,900.0,2500.0
2025,Jul,Kuruvai/Sornavari,ARIYALUR,lablab,vegetables,Well drained loamy soil,6.5,8.5,70.0,75.0,739.21,34.54,22.75,900.0,1200.0
2025,Aug,Kuruvai/Sornavari,NAGAPATTINAM,greengram,pulses,well-drained sandy loams or sandy soils ,6.5,7.5,100.0,100.0,480.75,35.28,25.75,850.0,1000.0
2024,Jan,Navarai/Kodai,CHENGLEPUT,soundal,forage crops,Well drained sandy loam and clayey loam soils ,5.5,7.5,40.0,80.0,174.73,35.72,21.92,500.0,480.0
2024,Mar,Navarai/Kodai,JAWAD HILLS,niger,oil seeds,"Loams, silt loams, clay loams, or silty clay loams",5.2,7.3,80.0,80.0,509.8,25.0,12.71,1000.0,1300.0
2023,Mar,Navarai/Kodai,NAMAKAL,Phaseolus lunatus,minor vegetables,Sandy loam,6.0,6.8,90.0,90.0,304.73,26.6,19.78,900.0,2000.0
2025,Aug,Kuruvai/Sornavari,RAMANATHANPURAM,Turnip,minor vegetables,Loamy soil,5.5,6.8,42.0,56.0,543.13,23.76,12.72,900.0,1200.0
2024,Aug,Kuruvai/Sornavari,RAMANATHANPURAM,sunflower,oil seeds,"Loams, silt loams, clay loams, or silty clay loams",6.5,8.0,85.0,95.0,111.89,25.98,23.69,350.0,500.0
2023,Sep,Kuruvai/Sornavari,TANJORE,tobacco,other crops,Well drained sandy loam and clayey loam soils ,7.5,8.5,90.0,100.0,470.56,28.44,28.27,800.0,1000.0
2021,May,Navarai/Kodai,DINDIGUL,Cabbage,colecrops,LoamySandy,6.0,6.5,80.0,180.0,230.25,26.75,11.41,380.0,500.0
2021,Feb,Navarai/Kodai,CUDDALORE,fodder maize,forage crops,Well drained sandy loam and clayey loam soils ,5.5,8.0,60.0,70.0,194.28,43.75,11.93,500.0,480.0
2021,Feb,Navarai/Kodai,TIRUVARUR,Pearl millet,millets,"clay, clay loam, or sandy loam soils",5.5,7.5,75.0,85.0,285.47,42.78,15.05,350.0,500.0
2022,Oct,Samba/Thaladi,JAWAD HILLS,fodder maize,forage crops,Well drained sandy loam and clayey loam soils ,5.5,8.0,60.0,70.0,299.97,41.71,12.41,500.0,480.0
2022,Dec,Samba/Thaladi,SIVAGANGAI,velimasal,forage crops,Well drained sandy loam and clayey loam soils ,5.8,7.0,45.0,55.0,131.51,34.15,28.93,300.0,350.0
2021,Jan,Navarai/Kodai,KARUR,kudiraivali,millets,Loamy Soil,5.5,7.0,75.0,95.0,446.3,22.63,22.48,500.0,900.0
2023,Dec,Samba/Thaladi,ERODE,fodder cowpea,forage crops,Well drained sandy loam and clayey loam soils ,5.0,6.5,50.0,65.0,213.83,28.54,20.89,300.0,350.0
2025,Jun,Kuruvai/Sornavari,THIRUNELVELI,Brussels sprout,minor vegetables,Sandy loam,6.5,6.8,12.0,12.0,336.07,25.1,13.83,900.0,1200.0
2021,Sep,Kuruvai/Sornavari,VELLORE,bhendi,vegetables,Loamy soil/ Lateritic soil,6.0,6.8,55.0,65.0,568.43,28.69,27.64,1200.0,2200.0
2024,Sep,Kuruvai/Sornavari,VIRUDHUNAGAR,Rhubarb,minor vegetables,Sandy loam,6.0,6.8,56.0,70.0,306.47,25.24,10.0,900.0,1200.0
2024,Nov,Samba/Thaladi,KARUR,kudiraivali,millets,Loamy Soil,5.5,7.0,75.0,95.0,166.9,22.02,21.82,500.0,900.0
2025,Mar,Navarai/Kodai,KARUR,cluster bean,vegetables,Sandy Loam,7.0,8.5,60.0,90.0,433.57,25.89,22.13,900.0,1200.0
2022,May,Navarai/Kodai,VILLUPURAM,gherkins,vegetables,Sandy loam,5.8,7.0,90.0,90.0,645.06,36.62,18.23,900.0,1200.0
2022,Nov,Samba/Thaladi,THIRUCHIRAPALLI,snake gourd,vegetables,Loamy soil/ Lateritic soil,6.0,6.7,90.0,90.0,715.04,27.43,16.72,900.0,1200.0
2023,May,Navarai/Kodai,THIRUPPUR,safflower,oil seeds,"Loams, silt loams, clay loams, or silty clay loams",5.4,8.2,120.0,125.0,282.38,30.65,22.8,550.0,725.0
2021,Aug,Kuruvai/Sornavari,DHARMAPURI,groundnut,oil seeds,Well-drained sandy loam or sandy clay loam soil ,6.5,7.0,140.0,150.0,327.34,44.26,12.67,500.0,700.0
2024,Apr,Navarai/Kodai,CAUVERY,sugarbeet,sugar crops,Well drained sandy loam and clayey loam soils ,6.0,8.0,150.0,180.0,530.15,25.19,16.33,600.0,800.0
2024,Mar,Navarai/Kodai,THENI,chinese potato,Root&tuber,well-drained soil,4.8,5.8,120.0,150.0,344.31,22.17,14.86,1000.0,1000.0
2021,Jun,Kuruvai/Sornavari,VIRUDHUNAGAR,capsicum,vegetables,Loamy soil/ Lateritic soil,5.5,7.0,60.0,60.0,428.83,28.03,19.42,500.0,1200.0
2023,Nov,Samba/Thaladi,NAMAKAL,onion,vegetables, Any Loamy,5.8,6.5,100.0,120.0,112.35,26.42,22.06,350.0,550.0
2021,Oct,Samba/Thaladi,DHARMAPURI,sorghum,millets,well-drained loamy soils,6.0,7.5,95.0,105.0,230.96,37.24,17.16,450.0,650.0
2021,Jul,Kuruvai/Sornavari,THIRUVANNAMALAI,sweet sorghum,sugar crops,Well drained sandy loam and clayey loam soils ,6.0,8.5,115.0,125.0,289.73,27.91,26.69,500.0,600.0
2022,Apr,Navarai/Kodai,THOOTHUKUDI,bengalgram,pulses,medium to heavy black soil,5.5,7.0,90.0,120.0,594.32,26.48,21.9,650.0,1000.0
2024,Dec,Samba/Thaladi,KANYAKUMARI,onion,vegetables, Any Loamy,5.8,6.5,100.0,120.0,271.24,25.1,23.99,350.0,550.0
2021,Aug,Kuruvai/Sornavari,THIRUVANNAMALAI,fodder maize,forage crops,Well drained sandy loam and clayey loam soils ,5.5,8.0,60.0,70.0,152.25,43.74,12.71,500.0,480.0
2024,Mar,Navarai/Kodai,THENI,soundal,forage crops,Well drained sandy loam and clayey loam soils ,5.5,7.5,40.0,80.0,237.66,34.05,20.75,500.0,480.0
2021,Mar,Navarai/Kodai,JAWAD HILLS,redgram,pulses,deep loam soils,6.5,7.0,120.0,150.0,171.82,25.57,17.81,600.0,1400.0
2025,Jul,Kuruvai/Sornavari,NAMAKAL,samai,millets,Loamy Soil,8.5,9.0,80.0,100.0,170.6,37.75,29.74,480.0,750.0
2023,Jan,Navarai/Kodai,THALAVADI HILLS,bhendi,vegetables,Loamy soil/ Lateritic soil,6.0,6.8,55.0,65.0,1017.08,27.71,26.62,1200.0,2200.0
2024,Aug,Kuruvai/Sornavari,NAGAPATTINAM,amaranthus,greenleafy,Silt Loam to loamy,6.5,7.5,70.0,75.0,585.62,30.6,21.42,1000.0,1000.0
2024,Feb,Navarai/Kodai,TANJORE,broadbean,vegetables,Well drained loamy soil,5.5,6.0,80.0,100.0,524.21,24.83,11.43,900.0,1200.0
2023,Feb,Navarai/Kodai,NAMAKAL,bitter gourd,vegetables,Well drained loamy soil,6.5,7.0,55.0,60.0,686.39,28.76,26.44,900.0,1200.0
2025,Aug,Kuruvai/Sornavari,KANYAKUMARI,dioscorea,Root&tuber,well-drained soil,6.0,6.5,270.0,300.0,321.26,33.93,30.0,1000.0,2000.0
2024,Sep,Kuruvai/Sornavari,THIRUPPUR,soyabean,pulses,"Well-drained, Loamy Soil",6.0,7.0,90.0,100.0,214.57,31.2,16.6,450.0,700.0
2021,Dec,Samba/Thaladi,RAMANATHANPURAM,small onion,bulbvegetables,Sandy loam,6.0,7.0,70.0,90.0,259.16,26.09,14.53,650.0,750.0
2023,Aug,Kuruvai/Sornavari,PERAMBALUR,Bread fruit,minor vegetables,Sandy loam,6.1,7.4,100.0,100.0,929.8,34.34,17.64,2030.0,2540.0
2023,Oct,Samba/Thaladi,MADURAI,fodder cowpea,forage crops,Well drained sandy loam and clayey loam soils ,5.0,6.5,50.0,65.0,151.16,28.88,23.9,300.0,350.0
2023,Aug,Kuruvai/Sornavari,SALEM,Ceylon spinach,minor vegetables,Sandy loam,6.5,7.0,40.0,50.0,255.35,24.06,13.09,900.0,1200.0
2025,Apr,Navarai/Kodai,NAGAPATTINAM,velimasal,forage crops,Well drained sandy loam and clayey loam soils ,5.8,7.0,45.0,55.0,230.9,34.92,27.44,300.0,350.0
2025,Feb,Navarai/Kodai,TANJORE,greengram,pulses,well-drained sandy loams or sandy soils ,6.5,7.5,100.0,100.0,460.79,36.52,25.74,850.0,1000.0
2021,Jun,Kuruvai/Sornavari,THOOTHUKUDI,jute,fibre crop,Sandy and Clay Loam,6.0,7.5,120.0,140.0,453.21,34.95,25.49,1000.0,1300.0
2021,Nov,Samba/Thaladi,PUDUKKOTTAI,maize,millets,temperate podzols to the leached red soils of the tropics. ,5.5,7.0,105.0,110.0,213.53,25.3,17.16,500.0,800.0
2024,Apr,Navarai/Kodai,KRISHNAGIRI,bhendi,vegetables,Loamy soil/ Lateritic soil,6.0,6.8,55.0,65.0,1174.35,25.67,27.37,1200.0,2200.0
2025,Apr,Navarai/Kodai,CAUVERY,pumpkin,vegetables,Loamy soil/ Lateritic soil,6.0,7.0,115.0,120.0,556.73,25.28,18.8,900.0,1200.0
2023,Jan,Navarai/Kodai,TIRUVARUR,ash gourd,vegetables,Sandy loam,6.0,6.7,120.0,120.0,370.74,27.89,26.85,900.0,1200.0
2025,Apr,Navarai/Kodai,KARUR,Turnip,minor vegetables,Loamy soil,5.5,6.8,42.0,56.0,292.81,20.16,14.66,900.0,1200.0
2025,Nov,Samba/Thaladi,CUDDALORE,Celery,minor vegetables,Sandy loam,5.8,6.8,120.0,150.0,728.1,23.78,13.44,900.0,1200.0
2024,Nov,Samba/Thaladi,TIRUVARUR,radish,Root&tuber,Well grained deep loamy moist and alluviual soil,5.5,6.8,21.0,21.0,609.41,23.19,14.68,1000.0,1000.0
2025,Jul,Kuruvai/Sornavari,VILLUPURAM,Bread fruit,minor vegetables,Sandy loam,6.1,7.4,100.0,100.0,754.49,36.51,18.37,2030.0,2540.0
2024,Nov,Samba/Thaladi,MADURAI,samai,millets,Loamy Soil,8.5,9.0,80.0,100.0,214.46,37.71,29.78,480.0,750.0
2023,Feb,Navarai/Kodai,THIRUCHIRAPALLI,Winged Bean,minor vegetables,Sandy loam,7.0,12.0,42.0,42.0,610.73,28.06,24.46,900.0,1200.0
2023,Nov,Samba/Thaladi,SIVAGANGAI,Chekurmanis,minor vegetables,Sandy loam,5.5,7.5,90.0,120.0,292.0,32.95,28.59,900.0,1200.0
2023,Sep,Kuruvai/Sornavari,TIRUVARUR,paprika,vegetables,Sandy loam,5.8,6.5,160.0,180.0,373.02,29.86,23.44,700.0,1000.0
2025,May,Navarai/Kodai,CUDDALORE,tinda,vegetables,Sandy loam,6.5,7.5,70.0,70.0,237.67,29.07,26.11,900.0,1200.0
2023,Aug,Kuruvai/Sornavari,ERODE,Asparagus,minor vegetables,Sandy loam,6.0,6.7,730.0,730.0,601.0,27.53,16.82,900.0,1200.0
2021,Jul,Kuruvai/Sornavari,PUDUKKOTTAI,Basella,minor vegetables,Sandy loam,5.5,8.0,70.0,70.0,424.32,32.11,14.29,900.0,1200.0
2025,Mar,Navarai/Kodai,CUDDALORE,Brussels sprout,minor vegetables,Sandy loam,6.5,6.8,12.0,12.0,660.66,25.89,16.52,900.0,1200.0
2022,Sep,Kuruvai/Sornavari,DHARMAPURI,gardenlablab,pulses,wide range of soils,6.0,7.0,75.0,100.0,480.84,32.88,22.09,650.0,1000.0
